🔒 Row ID,usuario_email,admin_acesso,nome,preco_venda,rendimento_receita,ticket_medio,ticket_medio copy,preco_medio,custo_total_receita,cmv,cmv_porcentagem,cmv_porcentagem copy copy,t_cmv,produto_p_pedido,despesa_variavel,margem_cont,margem_cont_porcentagem,t_margem_cont,t_margem_cont copy,R_margem_cliente,R_margem_cliente_a,R_margem_media,R_margem_media_cliente,custo_subproduto,status,preco_venda copy,preco_venda copy cli,preco_venda_status_ativo,if_margem_media,if_margem_media_cli,if_margem_media_ativo,if_margem_media_ativo_cli,R_margem_media copy,R_margem_media copy copy,margem_cont_porcentagem_ativo,cmv_porcentagem_ativo,cmv_porcentagem_ativo copy
8ylIFtPnTmG1MIGh02hwug,teste@teste.com,Admin,Bolo,"23,9",1,44,"144,32","33,8664516129",0,0,0,"34,3277773256","R$ 0,00 (0,00%)","1,2992208485",5,"22,705",95,"R$ 22,71 (95,00%)","R$ 22,71 (95,00%)","636,9733969697","636,9733969697","636,9733969697","636,9733969697",,,,,,,,,,,,,,
U5LROhqESyu9-cG9GgUzJQ,teste@teste.com,Admin,Parmegianna,"29,9",1,44,"144,32","33,8664516129",0,0,0,"34,3277773256","R$ 0,00 (0,00%)","1,2992208485",5,"28,405",95,"R$ 28,40 (95,00%)","R$ 28,40 (95,00%)","636,9733969697","636,9733969697","636,9733969697","636,9733969697",,,,,,,,,,,,,,
p1BM2c.wS0C3zRLmimgaTA,abc@abc.com,Admin,Bolo,17,1,44,"144,32","33,8664516129",,,,"34,3277773256", (),"1,2992208485",5,"16,15",95,"R$ 16,15 (95,00%)",,"636,9733969697","636,9733969697","636,9733969697","636,9733969697",,,,,,,,,,,,,,
auGtNvjNT-iUOC1Bqps5qA,teste2@teste2.com,Admin,bolo de morango,24,1,44,"144,32","33,8664516129",0,0,0,"34,3277773256","R$ 0,00 (0,00%)","1,2992208485",5,"22,8",95,"R$ 22,80 (95,00%)","R$ 22,80 (95,00%)","636,9733969697","636,9733969697","636,9733969697","636,9733969697",,,,,,,,,,,,,,
iVmR6bt3Q6Cl7gF1H-WJQg,teste2@teste2.com,Admin,Palha Italiana,15,10,44,"144,32","33,8664516129",0,0,0,"34,3277773256","R$ 0,00 (0,00%)","1,2992208485",5,"14,25",95,"R$ 14,25 (95,00%)","R$ 14,25 (95,00%)","636,9733969697","636,9733969697","636,9733969697","636,9733969697",,,,,,,,,,,,,,
qsnJivG0S.K8LZZT1CpOpw,teste3@teste3.com,Admin,bolo simples,50,1,44,"144,32","33,8664516129",0,0,0,"34,3277773256","R$ 0,00 (0,00%)","1,2992208485",5,"47,5",95,"R$ 47,50 (95,00%)","R$ 47,50 (95,00%)","636,9733969697","636,9733969697","636,9733969697","636,9733969697",,,,,,,,,,,,,,
q4zT1QoUuxw9Vbm6B5hU,teste3@teste3.com,Admin,bolo de chocolate,73,1,44,"144,32","33,8664516129",0,0,0,"34,3277773256","R$ 0,00 (0,00%)","1,2992208485",5,"69,35",95,"R$ 69,35 (95,00%)","R$ 69,35 (95,00%)","636,9733969697","636,9733969697","636,9733969697","636,9733969697",,,,,,,,,,,,,,
ey6U2q.ISc2oUmiEi9Zkpw,jvmattosmerched@gmail.com,Admin,Palha Italiana Tradicional,15,10,44,"144,32","33,8664516129","28,23684","2,823684","18,82456","34,3277773256","R$ 2,82 (18,82%)","1,2992208485",5,"11,426316","76,17544","R$ 11,43 (76,18%)","R$ 11,43 (76,18%)","636,9733969697","636,9733969697","636,9733969697","636,9733969697",,,,,,,,,,,,,,
HHRRHQCsTAykVFPxKxp7lw,trembomdeminas01@gmail.com,Admin,PF Frango,30,1,44,"144,32","33,8664516129",0,0,0,"34,3277773256","R$ 0,00 (0,00%)","1,2992208485",5,"28,5",95,"R$ 28,50 (95,00%)","R$ 28,50 (95,00%)","636,9733969697","636,9733969697","636,9733969697","636,9733969697",,,,,,,,,,,,,,
P3alwmXXSUK6xKATpX5GGg,jvmattosmerched@gmail.com,Admin,test,30,1,44,"144,32","33,8664516129",0,0,0,"34,3277773256","R$ 0,00 (0,00%)","1,2992208485",5,"28,5",95,"R$ 28,50 (95,00%)","R$ 28,50 (95,00%)","636,9733969697","636,9733969697","636,9733969697","636,9733969697",,,,,,,,,,,,,,
U5JPX.TAS7CsWDCdBkdtjA,Vitoroliveiravfo@gmail.com,Admin,test duplicar,15,1,44,"144,32","33,8664516129","9,99","9,99","66,6","34,3277773256","R$ 9,99 (66,60%)","1,2992208485",5,"4,26","28,4","R$ 4,26 (28,40%)","R$ 4,26 (28,40%)","636,9733969697","636,9733969697","636,9733969697","636,9733969697",,,,,,,,,,,,,,
jPi9YvW4TzOKddfuJVmQsw,patriciasafh@hotmail.com,Admin,Fatia Torta Alemã,,1,44,"144,32","33,8664516129",,,,"34,3277773256", (),"1,2992208485",5,,, (),,"636,9733969697","636,9733969697","636,9733969697","636,9733969697",,,,,,,,,,,,,,
s7IUC2EeS7GdEzzbxv1CUg,nilvanelopes@hotmail.com,Admin,BURGUER X TUDO			,43,1,44,"144,32","33,8664516129","22,4060588235","22,4060588235","52,1071135431","34,3277773256","R$ 22,41 (52,11%)","1,2992208485",5,"18,4439411765","42,8928864569","R$ 18,44 (42,89%)","R$ 18,44 (42,89%)","636,9733969697","636,9733969697","636,9733969697","636,9733969697",,,,,,,,,,,,,,
mwYAwzDJR.e6t4aOL2.oRg,nilvanelopes@hotmail.com,Admin,"BURGUER X BACON			
",35,1,44,"144,32","33,8664516129","16,5581882353","16,5581882353","47,3091092437","34,3277773256","R$ 16,56 (47,31%)","1,2992208485",5,"16,6918117647","47,6908907563","R$ 16,69 (47,69%)","R$ 16,69 (47,69%)","636,9733969697","636,9733969697","636,9733969697","636,9733969697",,,,,,,,,,,,,,
8vIL0SKYRsSiXGxG0twA2g,nilvanelopes@hotmail.com,Admin,"BURGUER X KILÃO			
",83,1,44,"144,32","33,8664516129","32,9966588235","32,9966588235","39,7550106308","34,3277773256","R$ 33,00 (39,76%)","1,2992208485",5,"45,8533411765","55,2449893692","R$ 45,85 (55,24%)","R$ 45,85 (55,24%)","636,9733969697","636,9733969697","636,9733969697","636,9733969697",,,,,,,,,,,,,,
NYAl-OHFRta0-BhmpZEquQ,nilvanelopes@hotmail.com,Admin,X SALADA			,30,1,44,"144,32","33,8664516129","10,8150588235","10,8150588235","36,0501960784","34,3277773256","R$ 10,82 (36,05%)","1,2992208485",5,"17,6849411765","58,9498039216","R$ 17,68 (58,95%)","R$ 17,68 (58,95%)","636,9733969697","636,9733969697","636,9733969697","636,9733969697",,,,,,,,,,,,,,
rFedpIr3TL6n5q7p1d8fAQ,nilvanelopes@hotmail.com,Admin,"X GALINHA ESPECIAL			
",38,1,44,"144,32","33,8664516129","16,4777176471","16,4777176471","43,3624148607","34,3277773256","R$ 16,48 (43,36%)","1,2992208485",5,"19,6222823529","51,6375851393","R$ 19,62 (51,64%)","R$ 19,62 (51,64%)","636,9733969697","636,9733969697","636,9733969697","636,9733969697",,,,,,,,,,,,,,
OlAOCLUMR-SRSM7vakrUrQ,nilvanelopes@hotmail.com,Admin,"X CORAÇÃO			
",40,1,44,"144,32","33,8664516129","20,2356588235","20,2356588235","50,5891470588","34,3277773256","R$ 20,24 (50,59%)","1,2992208485",5,"17,7643411765","44,4108529412","R$ 17,76 (44,41%)","R$ 17,76 (44,41%)","636,9733969697","636,9733969697","636,9733969697","636,9733969697",,,,,,,,,,,,,,
UzsrY.otQQe-iPm6x8D3nQ,nilvanelopes@hotmail.com,Admin,"X CALABRESA			
",37,1,44,"144,32","33,8664516129","17,9686588235","17,9686588235","48,5639427663","34,3277773256","R$ 17,97 (48,56%)","1,2992208485",5,"17,1813411765","46,4360572337","R$ 17,18 (46,44%)","R$ 17,18 (46,44%)","636,9733969697","636,9733969697","636,9733969697","636,9733969697",,,,,,,,,,,,,,
BEtKNE3FSw2QkTEpMkop-w,nilvanelopes@hotmail.com,Admin,"DOG FRANGO 			
",33,1,44,"144,32","33,8664516129","10,9565983148","10,9565983148","33,2018130752","34,3277773256","R$ 10,96 (33,20%)","1,2992208485",5,"20,3934016852","61,7981869248","R$ 20,39 (61,80%)","R$ 20,39 (61,80%)","636,9733969697","636,9733969697","636,9733969697","636,9733969697",,,,,,,,,,,,,,
a-5P-gxbtRXqMs0pXmeZi8A,nilvanelopes@hotmail.com,Admin,"DOG TRADICIONAL			
",30,1,44,"144,32","33,8664516129","9,7434791716","9,7434791716","32,4782639053","34,3277773256","R$ 9,74 (32,48%)","1,2992208485",5,"18,7565208284","62,5217360947","R$ 18,76 (62,52%)","R$ 18,76 (62,52%)","636,9733969697","636,9733969697","636,9733969697","636,9733969697",,,,,,,,,,,,,,
re3HDVe1T5m1b81KjTdzDw,nilvanelopes@hotmail.com,Admin,"DOG 4 QUEIJOS			
",36,1,44,"144,32","33,8664516129","14,4075706749","14,4075706749","40,0210296524","34,3277773256","R$ 14,41 (40,02%)","1,2992208485",5,"19,7924293251","54,9789703476","R$ 19,79 (54,98%)","R$ 19,79 (54,98%)","636,9733969697","636,9733969697","636,9733969697","636,9733969697",,,,,,,,,,,,,,
WA64hTZxRb6mV6UQNqICWg,nilvanelopes@hotmail.com,Admin,"DOG CALABRESA			
",35,1,44,"144,32","33,8664516129","11,0610427593","11,0610427593","31,6029793122","34,3277773256","R$ 11,06 (31,60%)","1,2992208485",5,"22,1889572407","63,3970206878","R$ 22,19 (63,40%)","R$ 22,19 (63,40%)","636,9733969697","636,9733969697","636,9733969697","636,9733969697",,,,,,,,,,,,,,
WI53.EBVSfCC3tuRuwVbCg,nilvanelopes@hotmail.com,Admin,"DOG CORAÇÃO			
",36,1,44,"144,32","33,8664516129","15,1685983148","15,1685983148","42,134995319","34,3277773256","R$ 15,17 (42,13%)","1,2992208485",5,"19,0314016852","52,865004681","R$ 19,03 (52,87%)","R$ 19,03 (52,87%)","636,9733969697","636,9733969697","636,9733969697","636,9733969697",,,,,,,,,,,,,,
taXl3ctUQ12JyVSYf-WD5g,nilvanelopes@hotmail.com,Admin,"DOGÃO			
",83,1,44,"144,32","33,8664516129","34,239923616","34,239923616","41,2529200193","34,3277773256","R$ 34,24 (41,25%)","1,2992208485",5,"44,610076384","53,7470799807","R$ 44,61 (53,75%)","R$ 44,61 (53,75%)","636,9733969697","636,9733969697","636,9733969697","636,9733969697",,,,,,,,,,,,,,
wKFma33lQw6pU1KN1dm4ZQ,nilvanelopes@hotmail.com,Admin,"TROPEIRO			
",25,1,44,"144,32","33,8664516129","7,9782857143","7,9782857143","31,9131428571","34,3277773256","R$ 7,98 (31,91%)","1,2992208485",5,"15,7717142857","63,0868571429","R$ 15,77 (63,09%)","R$ 15,77 (63,09%)","636,9733969697","636,9733969697","636,9733969697","636,9733969697",,,,,,,,,,,,,,
53UYFYzQRA2KNymFKivJJA,nilvanelopes@hotmail.com,Admin," PIZZA ALHO E OLEO			
",48,1,44,"144,32","33,8664516129","14,1658823529","14,1658823529","29,512254902","34,3277773256","R$ 14,17 (29,51%)","1,2992208485",5,"31,4341176471","65,487745098","R$ 31,43 (65,49%)","R$ 31,43 (65,49%)","636,9733969697","636,9733969697","636,9733969697","636,9733969697",,,,,,,,,,,,,,
N9n.uzQ2RA-Sf0Cxrz5f-g,nilvanelopes@hotmail.com,Admin,"PIZZA CALABRESA			
","63,9",1,44,"144,32","33,8664516129","18,9158823529","18,9158823529","29,6023198012","34,3277773256","R$ 18,92 (29,60%)","1,2992208485",5,"41,7891176471","65,3976801988","R$ 41,79 (65,40%)","R$ 41,79 (65,40%)","636,9733969697","636,9733969697","636,9733969697","636,9733969697",,,,,,,,,,,,,,
5ypv5yEwQt-0PfpsPeeg1w,nilvanelopes@hotmail.com,Admin,"PIZZA AMENDOIM 			
",48,1,44,"144,32","33,8664516129","16,67","16,67","34,7291666667","34,3277773256","R$ 16,67 (34,73%)","1,2992208485",5,"28,93","60,2708333333","R$ 28,93 (60,27%)","R$ 28,93 (60,27%)","636,9733969697","636,9733969697","636,9733969697","636,9733969697",,,,,,,,,,,,,,
DPE7PBoESrujlCblfDas0A,nilvanelopes@hotmail.com,Admin,"PIZZA BACON			
",48,1,44,"144,32","33,8664516129","15,8818823529","15,8818823529","33,087254902","34,3277773256","R$ 15,88 (33,09%)","1,2992208485",5,"29,7181176471","61,912745098","R$ 29,72 (61,91%)","R$ 29,72 (61,91%)","636,9733969697","636,9733969697","636,9733969697","636,9733969697",,,,,,,,,,,,,,
yy0jCeDTQ-6nlTqQnLvCwQ,nilvanelopes@hotmail.com,Admin,"PIZZA BANA NEVADA			
",48,1,44,"144,32","33,8664516129","23,8","23,8","49,5833333333","34,3277773256","R$ 23,80 (49,58%)","1,2992208485",5,"21,8","45,4166666667","R$ 21,80 (45,42%)","R$ 21,80 (45,42%)","636,9733969697","636,9733969697","636,9733969697","636,9733969697",,,,,,,,,,,,,,
22fe8ZVqSaiYea.bW3mxSg,nilvanelopes@hotmail.com,Admin,"CHOCOLATE BRANCO			
",48,1,44,"144,32","33,8664516129","16,5","16,5","34,375","34,3277773256","R$ 16,50 (34,38%)","1,2992208485",5,"29,1","60,625","R$ 29,10 (60,63%)","R$ 29,10 (60,63%)","636,9733969697","636,9733969697","636,9733969697","636,9733969697",,,,,,,,,,,,,,
36nXGaotSge.zaXnfPmluA,nilvanelopes@hotmail.com,Admin,"CHOCOLATE MEIO AMARGO			
",48,1,44,"144,32","33,8664516129","17,7","17,7","36,875","34,3277773256","R$ 17,70 (36,88%)","1,2992208485",5,"27,9","58,125","R$ 27,90 (58,12%)","R$ 27,90 (58,12%)","636,9733969697","636,9733969697","636,9733969697","636,9733969697",,,,,,,,,,,,,,
e9lbIg.qRE-nqh1hSAGFyg,nilvanelopes@hotmail.com,Admin,"PIZZA CHOCOLATE AO LEITE			
","59,9",1,44,"144,32","33,8664516129","14,7","14,7","24,5409015025","34,3277773256","R$ 14,70 (24,54%)","1,2992208485",5,"42,205","70,4590984975","R$ 42,21 (70,46%)","R$ 42,21 (70,46%)","636,9733969697","636,9733969697","636,9733969697","636,9733969697",,,,,,,,,,,,,,
UeKZ8fTCQQawUd.wH2ismg,nilvanelopes@hotmail.com,Admin,"PIZZA CONFETES			
",48,1,44,"144,32","33,8664516129","29,02","29,02","60,4583333333","34,3277773256","R$ 29,02 (60,46%)","1,2992208485",5,"16,58","34,5416666667","R$ 16,58 (34,54%)","R$ 16,58 (34,54%)","636,9733969697","636,9733969697","636,9733969697","636,9733969697",,,,,,,,,,,,,,
A91586VQQm--MhyY-u6jmg,nilvanelopes@hotmail.com,Admin,"PIZZA DOIS AMORES			
",48,1,44,"144,32","33,8664516129","23,73","23,73","49,4375","34,3277773256","R$ 23,73 (49,44%)","1,2992208485",5,"21,87","45,5625","R$ 21,87 (45,56%)","R$ 21,87 (45,56%)","636,9733969697","636,9733969697","636,9733969697","636,9733969697",,,,,,,,,,,,,,
WrtIJWjtQ3yaVig2MBkJ-w,nilvanelopes@hotmail.com,Admin,"PIZZA FRANGO CATUPIRY			
",48,1,44,"144,32","33,8664516129","20,3121568627","20,3121568627","42,3169934641","34,3277773256","R$ 20,31 (42,32%)","1,2992208485",5,"25,2878431373","52,6830065359","R$ 25,29 (52,68%)","R$ 25,29 (52,68%)","636,9733969697","636,9733969697","636,9733969697","636,9733969697",,,,,,,,,,,,,,
Gsm4akg0R2q.T.596PeoRw,nilvanelopes@hotmail.com,Admin,"PIZZA KARTOFEL			
",48,1,44,"144,32","33,8664516129","22,5325490196","22,5325490196","46,9428104575","34,3277773256","R$ 22,53 (46,94%)","1,2992208485",5,"23,0674509804","48,0571895425","R$ 23,07 (48,06%)","R$ 23,07 (48,06%)","636,9733969697","636,9733969697","636,9733969697","636,9733969697",,,,,,,,,,,,,,
TqZnmmdsQ5WW.r-a1oL-fg,nilvanelopes@hotmail.com,Admin,"PIZZA LOMBO			
",48,1,44,"144,32","33,8664516129","29,7325490196","29,7325490196","61,9428104575","34,3277773256","R$ 29,73 (61,94%)","1,2992208485",5,"15,8674509804","33,0571895425","R$ 15,87 (33,06%)","R$ 15,87 (33,06%)","636,9733969697","636,9733969697","636,9733969697","636,9733969697",,,,,,,,,,,,,,
BHJM1CWISauxdOKyMOVjhw,nilvanelopes@hotmail.com,Admin,"PIZZA MARGUERITA			
",48,1,44,"144,32","33,8664516129","17,1838823529","17,1838823529","35,799754902","34,3277773256","R$ 17,18 (35,80%)","1,2992208485",5,"28,4161176471","59,200245098","R$ 28,42 (59,20%)","R$ 28,42 (59,20%)","636,9733969697","636,9733969697","636,9733969697","636,9733969697",,,,,,,,,,,,,,
Iaxun6kyS-671QB-3oII5w,nilvanelopes@hotmail.com,Admin,"PIZZA MILHO			
",48,1,44,"144,32","33,8664516129","23,4603921569","23,4603921569","48,8758169935","34,3277773256","R$ 23,46 (48,88%)","1,2992208485",5,"22,1396078431","46,1241830065","R$ 22,14 (46,12%)","R$ 22,14 (46,12%)","636,9733969697","636,9733969697","636,9733969697","636,9733969697",,,,,,,,,,,,,,
ALHz0BrtTwy4QePganTY-g,nilvanelopes@hotmail.com,Admin,"PIZZA MUSSARELA			
",48,1,44,"144,32","33,8664516129","21,5038823529","21,5038823529","44,799754902","34,3277773256","R$ 21,50 (44,80%)","1,2992208485",5,"24,0961176471","50,200245098","R$ 24,10 (50,20%)","R$ 24,10 (50,20%)","636,9733969697","636,9733969697","636,9733969697","636,9733969697",,,,,,,,,,,,,,
clv5nyZ5SeyaKEIiXd3DCw,nilvanelopes@hotmail.com,Admin,"PIZZA OVOMALTINE			
",48,1,44,"144,32","33,8664516129","26,82","26,82","55,875","34,3277773256","R$ 26,82 (55,88%)","1,2992208485",5,"18,78","39,125","R$ 18,78 (39,13%)","R$ 18,78 (39,13%)","636,9733969697","636,9733969697","636,9733969697","636,9733969697",,,,,,,,,,,,,,
t4WdveFYS4y7Dg9LlZlCcA,nilvanelopes@hotmail.com,Admin,"PIZZA PAÇOCA			
","59,9",1,44,"144,32","33,8664516129","23,12","23,12","38,5976627713","34,3277773256","R$ 23,12 (38,60%)","1,2992208485",5,"33,785","56,4023372287","R$ 33,79 (56,40%)","R$ 33,79 (56,40%)","636,9733969697","636,9733969697","636,9733969697","636,9733969697",,,,,,,,,,,,,,
UIqsDsvPQ6aOb2rzJz6VYQ,nilvanelopes@hotmail.com,Admin,"PIZZA PEITO DE PERU			
",48,1,44,"144,32","33,8664516129","21,6925490196","21,6925490196","45,1928104575","34,3277773256","R$ 21,69 (45,19%)","1,2992208485",5,"23,9074509804","49,8071895425","R$ 23,91 (49,81%)","R$ 23,91 (49,81%)","636,9733969697","636,9733969697","636,9733969697","636,9733969697",,,,,,,,,,,,,,
Qdd8N2.STsSozp1HFbGGGQ,nilvanelopes@hotmail.com,Admin,"PIZZA PORTUGUESA			
",48,1,44,"144,32","33,8664516129","16,8258823529","16,8258823529","35,0539215686","34,3277773256","R$ 16,83 (35,05%)","1,2992208485",5,"28,7741176471","59,9460784314","R$ 28,77 (59,95%)","R$ 28,77 (59,95%)","636,9733969697","636,9733969697","636,9733969697","636,9733969697",,,,,,,,,,,,,,
HqlayPnbTGOA5Bv1vQzsyQ,nilvanelopes@hotmail.com,Admin,"PIZZA 4 QUEIJOS			
",48,1,44,"144,32","33,8664516129","16,0192156863","16,0192156863","33,3733660131","34,3277773256","R$ 16,02 (33,37%)","1,2992208485",5,"29,5807843137","61,6266339869","R$ 29,58 (61,63%)","R$ 29,58 (61,63%)","636,9733969697","636,9733969697","636,9733969697","636,9733969697",,,,,,,,,,,,,,
AaZhixDuQ0-j9GmBe.qmAw,nilvanelopes@hotmail.com,Admin,"PIZZA ROMEU E JULIETA			
",48,1,44,"144,32","33,8664516129","13,59","13,59","28,3125","34,3277773256","R$ 13,59 (28,31%)","1,2992208485",5,"32,01","66,6875","R$ 32,01 (66,69%)","R$ 32,01 (66,69%)","636,9733969697","636,9733969697","636,9733969697","636,9733969697",,,,,,,,,,,,,,
VsQYv2RGQfm-0djvyspPtA,nilvanelopes@hotmail.com,Admin,"PIZZA SALAME ITALIANO			
",48,1,44,"144,32","33,8664516129","15,6658823529","15,6658823529","32,637254902","34,3277773256","R$ 15,67 (32,64%)","1,2992208485",5,"29,9341176471","62,362745098","R$ 29,93 (62,36%)","R$ 29,93 (62,36%)","636,9733969697","636,9733969697","636,9733969697","636,9733969697",,,,,,,,,,,,,,
k4p9.yukROKS67f30rLmig,nilvanelopes@hotmail.com,Admin,"PIZZA TOSCANA			
",48,1,44,"144,32","33,8664516129","13,5458823529","13,5458823529","28,2205882353","34,3277773256","R$ 13,55 (28,22%)","1,2992208485",5,"32,0541176471","66,7794117647","R$ 32,05 (66,78%)","R$ 32,05 (66,78%)","636,9733969697","636,9733969697","636,9733969697","636,9733969697",,,,,,,,,,,,,,
wFVKUUNWTNaut5OJLSdQDg,uaibraunie@gmail.com,Admin,Brownie,"9,9",1,44,"144,32","33,8664516129","6,9404761905","6,9404761905","70,1058201058","34,3277773256","R$ 6,94 (70,11%)","1,2992208485",5,"2,4645238095","24,8941798942","R$ 2,46 (24,89%)","R$ 2,46 (24,89%)","636,9733969697","636,9733969697","636,9733969697","636,9733969697",,,,,,,,,,,,,,
ZIEaqNvQRpaRx3DbXohtJw,paranalanches94@gmail.com,Admin,Americano,"36,9",1,44,"144,32","33,8664516129","10,5318725677","10,5318725677","28,5416600751","34,3277773256","R$ 10,53 (28,54%)","1,2992208485",5,"24,5231274323","66,4583399249","R$ 24,52 (66,46%)","R$ 24,52 (66,46%)","636,9733969697","636,9733969697","636,9733969697","636,9733969697",,,,,,,,,,,,,,
sg2yHhWeQeWXDpgmnHWoEw,paranalanches94@gmail.com,Admin,Bauru,"25,9",1,44,"144,32","33,8664516129","8,2117549206","8,2117549206","31,7056174542","34,3277773256","R$ 8,21 (31,71%)","1,2992208485",5,"16,3932450794","63,2943825458","R$ 16,39 (63,29%)","R$ 16,39 (63,29%)","636,9733969697","636,9733969697","636,9733969697","636,9733969697",,,,,,,,,,,,,,
npf5P7O-QiicIbQkGkMLLw,paranalanches94@gmail.com,Admin,Churrasco Especial,"54,99",1,44,"144,32","33,8664516129","24,2580725677","24,2580725677","44,1136071426","34,3277773256","R$ 24,26 (44,11%)","1,2992208485",5,"27,9824274323","50,8863928574","R$ 27,98 (50,89%)","R$ 27,98 (50,89%)","636,9733969697","636,9733969697","636,9733969697","636,9733969697",,,,,,,,,,,,,,
ANWmgr3dRsq6-gSEMjrcDw,paranalanches94@gmail.com,Admin,Churrasco Simples,"43,99",1,44,"144,32","33,8664516129","20,0020725677","20,0020725677","45,4695898334","34,3277773256","R$ 20,00 (45,47%)","1,2992208485",5,"21,7884274323","49,5304101666","R$ 21,79 (49,53%)","R$ 21,79 (49,53%)","636,9733969697","636,9733969697","636,9733969697","636,9733969697",,,,,,,,,,,,,,
ONnnRNYYQ76S.DFT7JO8Iw,paranalanches94@gmail.com,Admin,Galinhão,"39,99",1,44,"144,32","33,8664516129","12,4282725677","12,4282725677","31,078451032","34,3277773256","R$ 12,43 (31,08%)","1,2992208485",5,"25,5622274323","63,921548968","R$ 25,56 (63,92%)","R$ 25,56 (63,92%)","636,9733969697","636,9733969697","636,9733969697","636,9733969697",,,,,,,,,,,,,,
ZBuMsuLeTZmjdDliQYSDDg,paranalanches94@gmail.com,Admin,Lombo,"39,99",1,44,"144,32","33,8664516129","18,9460725677","18,9460725677","47,3770256757","34,3277773256","R$ 18,95 (47,38%)","1,2992208485",5,"19,0444274323","47,6229743243","R$ 19,04 (47,62%)","R$ 19,04 (47,62%)","636,9733969697","636,9733969697","636,9733969697","636,9733969697",,,,,,,,,,,,,,
PQJsY0XDR-eLq129gxmeYQ,paranalanches94@gmail.com,Admin,Lombo Especial,"44,99",1,44,"144,32","33,8664516129","22,8180725677","22,8180725677","50,7180986168","34,3277773256","R$ 22,82 (50,72%)","1,2992208485",5,"19,9224274323","44,2819013832","R$ 19,92 (44,28%)","R$ 19,92 (44,28%)","636,9733969697","636,9733969697","636,9733969697","636,9733969697",,,,,,,,,,,,,,
26GAjQnTSm-2vfaw9qe63Q,paranalanches94@gmail.com,Admin,Moda da Casa,"52,99",1,44,"144,32","33,8664516129","21,4862725677","21,4862725677","40,5477874461","34,3277773256","R$ 21,49 (40,55%)","1,2992208485",5,"28,8542274323","54,4522125539","R$ 28,85 (54,45%)","R$ 28,85 (54,45%)","636,9733969697","636,9733969697","636,9733969697","636,9733969697",,,,,,,,,,,,,,
h.kM-lZdSTSkihdeoJELZQ,paranalanches94@gmail.com,Admin,Super Galinhão,"52,99",1,44,"144,32","33,8664516129","21,4862725677","21,4862725677","40,5477874461","34,3277773256","R$ 21,49 (40,55%)","1,2992208485",5,"28,8542274323","54,4522125539","R$ 28,85 (54,45%)","R$ 28,85 (54,45%)","636,9733969697","636,9733969697","636,9733969697","636,9733969697",,,,,,,,,,,,,,
l2YlOYbjSLiLQ7mQSpclSw,paranalanches94@gmail.com,Admin,X- Bacon,"41,7",1,44,"144,32","33,8664516129","14,1978725677","14,1978725677","34,0476560376","34,3277773256","R$ 14,20 (34,05%)","1,2992208485",5,"25,4171274323","60,9523439624","R$ 25,42 (60,95%)","R$ 25,42 (60,95%)","636,9733969697","636,9733969697","636,9733969697","636,9733969697",,,,,,,,,,,,,,
9rIzNWDpRISAmYygVtmUIA,paranalanches94@gmail.com,Admin,x-Burg,"32,99",1,44,"144,32","33,8664516129","12,6147549206","12,6147549206","38,2381173708","34,3277773256","R$ 12,61 (38,24%)","1,2992208485",5,"18,7257450794","56,7618826292","R$ 18,73 (56,76%)","R$ 18,73 (56,76%)","636,9733969697","636,9733969697","636,9733969697","636,9733969697",,,,,,,,,,,,,,
XljxSyEYQdyC71y.HgZ.ew,paranalanches94@gmail.com,Admin,X - Calabresa,"36,99",1,44,"144,32","33,8664516129","13,8138725677","13,8138725677","37,3448839354","34,3277773256","R$ 13,81 (37,34%)","1,2992208485",5,"21,3266274323","57,6551160646","R$ 21,33 (57,66%)","R$ 21,33 (57,66%)","636,9733969697","636,9733969697","636,9733969697","636,9733969697",,,,,,,,,,,,,,
3x-9hatmT72Qy0e1HewpWA,paranalanches94@gmail.com,Admin,X- Egg,"35,99",1,44,"144,32","33,8664516129","12,9818725677","12,9818725677","36,0707767927","34,3277773256","R$ 12,98 (36,07%)","1,2992208485",5,"21,2086274323","58,9292232073","R$ 21,21 (58,93%)","R$ 21,21 (58,93%)","636,9733969697","636,9733969697","636,9733969697","636,9733969697",,,,,,,,,,,,,,
PGloq2CcQ.eNe-dY-ZuHBw,paranalanches94@gmail.com,Admin,X -Frangão,"45,99",1,44,"144,32","33,8664516129","19,0362725677","19,0362725677","41,3921995384","34,3277773256","R$ 19,04 (41,39%)","1,2992208485",5,"24,6542274323","53,6078004616","R$ 24,65 (53,61%)","R$ 24,65 (53,61%)","636,9733969697","636,9733969697","636,9733969697","636,9733969697",,,,,,,,,,,,,,
P.bT9yZTSDehfLlGcagTyw,paranalanches94@gmail.com,Admin,X - Frango,"39,99",1,44,"144,32","33,8664516129","15,1642725677","15,1642725677","37,9201614596","34,3277773256","R$ 15,16 (37,92%)","1,2992208485",5,"22,8262274323","57,0798385404","R$ 22,83 (57,08%)","R$ 22,83 (57,08%)","636,9733969697","636,9733969697","636,9733969697","636,9733969697",,,,,,,,,,,,,,
pYJdzRFmTbiETzfbdI.rog,paranalanches94@gmail.com,Admin,X - Salada,"32,99",1,44,"144,32","33,8664516129","11,4618725677","11,4618725677","34,7434755007","34,3277773256","R$ 11,46 (34,74%)","1,2992208485",5,"19,8786274323","60,2565244993","R$ 19,88 (60,26%)","R$ 19,88 (60,26%)","636,9733969697","636,9733969697","636,9733969697","636,9733969697",,,,,,,,,,,,,,
ibasqh8qSDOP3dL4-p-rrA,paranalanches94@gmail.com,Admin,X - Tudo,"45,99",1,44,"144,32","33,8664516129","18,0698725677","18,0698725677","39,2908731631","34,3277773256","R$ 18,07 (39,29%)","1,2992208485",5,"25,6206274323","55,7091268369","R$ 25,62 (55,71%)","R$ 25,62 (55,71%)","636,9733969697","636,9733969697","636,9733969697","636,9733969697",,,,,,,,,,,,,,
a.Mu5IwSWSqmQKPyKYYu9dw,paranalanches94@gmail.com,Admin,Combo,"32,99",1,44,"144,32","33,8664516129","16,8322580952","16,8322580952","51,0223040171","34,3277773256","R$ 16,83 (51,02%)","1,2992208485",5,"14,5082419048","43,9776959829","R$ 14,51 (43,98%)","R$ 14,51 (43,98%)","636,9733969697","636,9733969697","636,9733969697","636,9733969697",,,,,,,,,,,,,,
61Eo0oV7RO-PiqbRpvLF0A,paranalanches94@gmail.com,Admin,Burg Bacon,"34,99",1,44,"144,32","33,8664516129","15,8778652381","15,8778652381","45,3782944787","34,3277773256","R$ 15,88 (45,38%)","1,2992208485",5,"17,3626347619","49,6217055213","R$ 17,36 (49,62%)","R$ 17,36 (49,62%)","636,9733969697","636,9733969697","636,9733969697","636,9733969697",,,,,,,,,,,,,,
Nlr1.ASbRTy-VFOOjHtxHw,paranalanches94@gmail.com,Admin,Burg Especial,"31,99",1,44,"144,32","33,8664516129","13,6422580952","13,6422580952","42,6453832299","34,3277773256","R$ 13,64 (42,65%)","1,2992208485",5,"16,7482419048","52,3546167701","R$ 16,75 (52,35%)","R$ 16,75 (52,35%)","636,9733969697","636,9733969697","636,9733969697","636,9733969697",,,,,,,,,,,,,,
l9Qcp1ikQlWIheM0HobW6Q,paranalanches94@gmail.com,Admin,Hamburguer Cheddar,"32,99",1,44,"144,32","33,8664516129","15,6022580952","15,6022580952","47,2939014709","34,3277773256","R$ 15,60 (47,29%)","1,2992208485",5,"15,7382419048","47,7060985291","R$ 15,74 (47,71%)","R$ 15,74 (47,71%)","636,9733969697","636,9733969697","636,9733969697","636,9733969697",,,,,,,,,,,,,,
Fbk36-mqQUaSFEusLeCxxQ,paranalanches94@gmail.com,Admin,Fraldinha Premium,"37,99",1,44,"144,32","33,8664516129","20,0261985714","20,0261985714","52,7143947655","34,3277773256","R$ 20,03 (52,71%)","1,2992208485",5,"16,0643014286","42,2856052345","R$ 16,06 (42,29%)","R$ 16,06 (42,29%)","636,9733969697","636,9733969697","636,9733969697","636,9733969697",,,,,,,,,,,,,,
3uWj1YVeRHmSUe2uY7m0UQ,babbovilas1@gmail.com,Admin,PIZZA GRANDE DE CALABRESA,"74,9",1,44,"144,32","33,8664516129","31,6026","31,6026","42,1930574099","34,3277773256","R$ 31,60 (42,19%)","1,2992208485",5,"39,5524","52,8069425901","R$ 39,55 (52,81%)","R$ 39,55 (52,81%)","636,9733969697","636,9733969697","636,9733969697","636,9733969697",,,,,,,,,,,,,,
7Wd.Ht-SSeyZQFp3XX7pAQ,babbovilas1@gmail.com,Admin,PIZZA MUSSARELA GRANDE,"78,9",1,44,"144,32","33,8664516129","16,12084","16,12084","20,4319898606","34,3277773256","R$ 16,12 (20,43%)","1,2992208485",5,"58,83416","74,5680101394","R$ 58,83 (74,57%)","R$ 58,83 (74,57%)","636,9733969697","636,9733969697","636,9733969697","636,9733969697",,,,,,,,,,,,,,
KTRczNB8TVuPG2BSXdml1A,babbovilas1@gmail.com,Admin,PIZZA BACON GRANDE,"76,9",1,44,"144,32","33,8664516129","23,72652","23,72652","30,8537321196","34,3277773256","R$ 23,73 (30,85%)","1,2992208485",5,"49,32848","64,1462678804","R$ 49,33 (64,15%)","R$ 49,33 (64,15%)","636,9733969697","636,9733969697","636,9733969697","636,9733969697",,,,,,,,,,,,,,
KQ9su39KT.GpwYSvmedfSw,babbovilas1@gmail.com,Admin,PIZZA MARGUERITA TRADICIONAL GRANDE,"72,9",1,44,"144,32","33,8664516129","18,19746","18,19746","24,9622222222","34,3277773256","R$ 18,20 (24,96%)","1,2992208485",5,"51,05754","70,0377777778","R$ 51,06 (70,04%)","R$ 51,06 (70,04%)","636,9733969697","636,9733969697","636,9733969697","636,9733969697",,,,,,,,,,,,,,
l72iGgDBRsOZY-CYt.81zQ,babbovilas1@gmail.com,Admin,PIZZA PORTUGUESA GRANDE,"87,9",1,44,"144,32","33,8664516129","26,4651","26,4651","30,1081911263","34,3277773256","R$ 26,47 (30,11%)","1,2992208485",5,"57,0399","64,8918088737","R$ 57,04 (64,89%)","R$ 57,04 (64,89%)","636,9733969697","636,9733969697","636,9733969697","636,9733969697",,,,,,,,,,,,,,
ZpwYJ1GeRM-vfjS42lvepQ,babbovilas1@gmail.com,Admin,PIZZA BAIANA GRANDE,"87,9",1,44,"144,32","33,8664516129","22,3505","22,3505","25,4271899886","34,3277773256","R$ 22,35 (25,43%)","1,2992208485",5,"61,1545","69,5728100114","R$ 61,15 (69,57%)","R$ 61,15 (69,57%)","636,9733969697","636,9733969697","636,9733969697","636,9733969697",,,,,,,,,,,,,,
QqhdlA08RfyPTRj6zA-ZBg,babbovilas1@gmail.com,Admin,PIZZA FRANGO COM CATUPIRY GRANDE,"87,9",1,44,"144,32","33,8664516129","26,61088","26,61088","30,2740386803","34,3277773256","R$ 26,61 (30,27%)","1,2992208485",5,"56,89412","64,7259613197","R$ 56,89 (64,73%)","R$ 56,89 (64,73%)","636,9733969697","636,9733969697","636,9733969697","636,9733969697",,,,,,,,,,,,,,
ZHKjQYN2TAmcnYr6tVGfKQ,babbovilas1@gmail.com,Admin,PIZZA BROCOLIS GRANDE,"87,9",1,44,"144,32","33,8664516129","28,28062","28,28062","32,173629124","34,3277773256","R$ 28,28 (32,17%)","1,2992208485",5,"55,22438","62,826370876","R$ 55,22 (62,83%)","R$ 55,22 (62,83%)","636,9733969697","636,9733969697","636,9733969697","636,9733969697",,,,,,,,,,,,,,
9wiMpwMiQCW-xWL4J65T4w,babbovilas1@gmail.com,Admin,PIZZA PAULO COTRIN GRANDE,"92,9",1,44,"144,32","33,8664516129","37,62556","37,62556","40,5011410118","34,3277773256","R$ 37,63 (40,50%)","1,2992208485",5,"50,62944","54,4988589882","R$ 50,63 (54,50%)","R$ 50,63 (54,50%)","636,9733969697","636,9733969697","636,9733969697","636,9733969697",,,,,,,,,,,,,,
ITwV4OPdSta98QymvjzC6Q,babbovilas1@gmail.com,Admin,PIZZA GONGORZOLA GRANDE,"94,9",1,44,"144,32","33,8664516129","28,54284","28,54284","30,0767544784","34,3277773256","R$ 28,54 (30,08%)","1,2992208485",5,"61,61216","64,9232455216","R$ 61,61 (64,92%)","R$ 61,61 (64,92%)","636,9733969697","636,9733969697","636,9733969697","636,9733969697",,,,,,,,,,,,,,
WlIQ5RMwQDSS1tcrPcKWqQ,babbovilas1@gmail.com,Admin,PIZZA ESCAROLA,"92,9",1,44,"144,32","33,8664516129","30,42","30,42","32,7448869752","34,3277773256","R$ 30,42 (32,74%)","1,2992208485",5,"57,835","62,2551130248","R$ 57,84 (62,26%)","R$ 57,84 (62,26%)","636,9733969697","636,9733969697","636,9733969697","636,9733969697",,,,,,,,,,,,,,
2YkqjX8RRqGVop8Yc1-HOg,babbovilas1@gmail.com,Admin,PIZZA ORIENTAL GRANDE,"92,9",1,44,"144,32","33,8664516129","35,53606","35,53606","38,2519483315","34,3277773256","R$ 35,54 (38,25%)","1,2992208485",5,"52,71894","56,7480516685","R$ 52,72 (56,75%)","R$ 52,72 (56,75%)","636,9733969697","636,9733969697","636,9733969697","636,9733969697",,,,,,,,,,,,,,
3pwxs-0qTtysDvCQ1.eMYA,babbovilas1@gmail.com,Admin,PIZZA RÚCULA COM TOMATE SECO GRANDE,"93,9",1,44,"144,32","33,8664516129","35,18306","35,18306","37,4686474973","34,3277773256","R$ 35,18 (37,47%)","1,2992208485",5,"54,02194","57,5313525027","R$ 54,02 (57,53%)","R$ 54,02 (57,53%)","636,9733969697","636,9733969697","636,9733969697","636,9733969697",,,,,,,,,,,,,,
tzTg-1L4RRi9bVU5Ty-wSA,babbovilas1@gmail.com,Admin,PIZZA TUNA ESPECIALE GRANDE,"105,9",1,44,"144,32","33,8664516129","50,270908","50,270908","47,4701680831","34,3277773256","R$ 50,27 (47,47%)","1,2992208485",5,"50,334092","47,5298319169","R$ 50,33 (47,53%)","R$ 50,33 (47,53%)","636,9733969697","636,9733969697","636,9733969697","636,9733969697",,,,,,,,,,,,,,
KSvPIabxSOSHblPUQR2B7g,babbovilas1@gmail.com,Admin,PIZZA SUPREMA GRANDE,"92,9",1,44,"144,32","33,8664516129","34,279","34,279","36,8988159311","34,3277773256","R$ 34,28 (36,90%)","1,2992208485",5,"53,976","58,1011840689","R$ 53,98 (58,10%)","R$ 53,98 (58,10%)","636,9733969697","636,9733969697","636,9733969697","636,9733969697",,,,,,,,,,,,,,
tzOHDYYcQxCuUlm2CKzIbg,babbovilas1@gmail.com,Admin,PIZZA DE ATUM GRANDE,"98,9",1,44,"144,32","33,8664516129","40,15032","40,15032","40,5968857432","34,3277773256","R$ 40,15 (40,60%)","1,2992208485",5,"53,80468","54,4031142568","R$ 53,80 (54,40%)","R$ 53,80 (54,40%)","636,9733969697","636,9733969697","636,9733969697","636,9733969697",,,,,,,,,,,,,,
kqBC7bxgTMqSR7PMnTqtzQ,babbovilas1@gmail.com,Admin,PIZZA DE CALABRESA COM CATUPIRY GRANDE,"88,9",1,44,"144,32","33,8664516129","23,09324","23,09324","25,976647919","34,3277773256","R$ 23,09 (25,98%)","1,2992208485",5,"61,36176","69,023352081","R$ 61,36 (69,02%)","R$ 61,36 (69,02%)","636,9733969697","636,9733969697","636,9733969697","636,9733969697",,,,,,,,,,,,,,
fZfZojfNTiOEW-sWGB8ZJA,babbovilas1@gmail.com,Admin,PIZZA TROPICAL LOMBO GRANDE,"82,9",1,44,"144,32","33,8664516129","26,7954","26,7954","32,3225572979","34,3277773256","R$ 26,80 (32,32%)","1,2992208485",5,"51,9596","62,6774427021","R$ 51,96 (62,68%)","R$ 51,96 (62,68%)","636,9733969697","636,9733969697","636,9733969697","636,9733969697",,,,,,,,,,,,,,
BwtxWD.IRuyG641Ncg4Wnw,babbovilas1@gmail.com,Admin,PIZZA DE PALMITO GRANDE,"85,9",1,44,"144,32","33,8664516129","23,16632","23,16632","26,9689406286","34,3277773256","R$ 23,17 (26,97%)","1,2992208485",5,"58,43868","68,0310593714","R$ 58,44 (68,03%)","R$ 58,44 (68,03%)","636,9733969697","636,9733969697","636,9733969697","636,9733969697",,,,,,,,,,,,,,
VlCPVH8cSHeR99ypSlL6Ag,babbovilas1@gmail.com,Admin,PIZZA DE PERU GRANDE,"89,9",1,44,"144,32","33,8664516129","26,82156","26,82156","29,8348832036","34,3277773256","R$ 26,82 (29,83%)","1,2992208485",5,"58,58344","65,1651167964","R$ 58,58 (65,17%)","R$ 58,58 (65,17%)","636,9733969697","636,9733969697","636,9733969697","636,9733969697",,,,,,,,,,,,,,
H8LTpKSuQ86flNJYGoiOyw,babbovilas1@gmail.com,Admin,PIZZA SICILIANA GRANDE,"89,9",1,44,"144,32","33,8664516129","31,9814","31,9814","35,5744160178","34,3277773256","R$ 31,98 (35,57%)","1,2992208485",5,"53,4236","59,4255839822","R$ 53,42 (59,43%)","R$ 53,42 (59,43%)","636,9733969697","636,9733969697","636,9733969697","636,9733969697",,,,,,,,,,,,,,
QsYWkf0mQ5GfqjCOGtYAFQ,babbovilas1@gmail.com,Admin,PIZZA NAPOLITANA GRANDE,"83,9",1,44,"144,32","33,8664516129","25,78004","25,78004","30,7271036949","34,3277773256","R$ 25,78 (30,73%)","1,2992208485",5,"53,92496","64,2728963051","R$ 53,92 (64,27%)","R$ 53,92 (64,27%)","636,9733969697","636,9733969697","636,9733969697","636,9733969697",,,,,,,,,,,,,,
8SVNOYT6QxKTx9cnD3pg2g,babbovilas1@gmail.com,Admin,PIZZA DA NONNA GRANDE,"88,9",1,44,"144,32","33,8664516129","18,72366","18,72366","21,0614848144","34,3277773256","R$ 18,72 (21,06%)","1,2992208485",5,"65,73134","73,9385151856","R$ 65,73 (73,94%)","R$ 65,73 (73,94%)","636,9733969697","636,9733969697","636,9733969697","636,9733969697",,,,,,,,,,,,,,
a-VMrLLKGSLO10DEIHE6TPw,babbovilas1@gmail.com,Admin,PIZZA MARGUERITA BABBO GRANDE,"85,9",1,44,"144,32","33,8664516129","16,6099","16,6099","19,3363213038","34,3277773256","R$ 16,61 (19,34%)","1,2992208485",5,"64,9951","75,6636786962","R$ 65,00 (75,66%)","R$ 65,00 (75,66%)","636,9733969697","636,9733969697","636,9733969697","636,9733969697",,,,,,,,,,,,,,
82yVgvM5QaeC3BFQ3bkwUw,babbovilas1@gmail.com,Admin,PIZZA PIZZAIOLO GRANDE,"88,9",1,44,"144,32","33,8664516129","29,07415","29,07415","32,7043307087","34,3277773256","R$ 29,07 (32,70%)","1,2992208485",5,"55,38085","62,2956692913","R$ 55,38 (62,30%)","R$ 55,38 (62,30%)","636,9733969697","636,9733969697","636,9733969697","636,9733969697",,,,,,,,,,,,,,
qOuoMTafRSuJhINal.V9rw,babbovilas1@gmail.com,Admin,PIZZA ABOBRINHA GRANDE,"88,9",1,44,"144,32","33,8664516129","38,25846","38,25846","43,0353880765","34,3277773256","R$ 38,26 (43,04%)","1,2992208485",5,"46,19654","51,9646119235","R$ 46,20 (51,96%)","R$ 46,20 (51,96%)","636,9733969697","636,9733969697","636,9733969697","636,9733969697",,,,,,,,,,,,,,
4q99YPagTRiMhW9YO8ccPw,babbovilas1@gmail.com,Admin,PIZZA PAULISTANA GRANDE,"84,9",1,44,"144,32","33,8664516129","23,7866","23,7866","28,017196702","34,3277773256","R$ 23,79 (28,02%)","1,2992208485",5,"56,8684","66,982803298","R$ 56,87 (66,98%)","R$ 56,87 (66,98%)","636,9733969697","636,9733969697","636,9733969697","636,9733969697",,,,,,,,,,,,,,
kNBd6.3-TuKhUZv17xHt9w,babbovilas1@gmail.com,Admin,PIZZA QUATRO QUEIJOS GRANDE,"84,9",1,44,"144,32","33,8664516129","30,748","30,748","36,2167255595","34,3277773256","R$ 30,75 (36,22%)","1,2992208485",5,"49,907","58,7832744405","R$ 49,91 (58,78%)","R$ 49,91 (58,78%)","636,9733969697","636,9733969697","636,9733969697","636,9733969697",,,,,,,,,,,,,,
7XG0iWLZT2GKLbS8oHyyuw,babbovilas1@gmail.com,Admin,PIZZA NORDESTINA GRANDE,"92,9",1,44,"144,32","33,8664516129","34,8534","34,8534","37,5171151776","34,3277773256","R$ 34,85 (37,52%)","1,2992208485",5,"53,4016","57,4828848224","R$ 53,40 (57,48%)","R$ 53,40 (57,48%)","636,9733969697","636,9733969697","636,9733969697","636,9733969697",,,,,,,,,,,,,,
av5DiurfQkSHbHVRTyc1rg,babbovilas1@gmail.com,Admin,PIZZA PEPPERONI GRANDE,"92,9",1,44,"144,32","33,8664516129","28,95484","28,95484","31,1677502691","34,3277773256","R$ 28,95 (31,17%)","1,2992208485",5,"59,30016","63,8322497309","R$ 59,30 (63,83%)","R$ 59,30 (63,83%)","636,9733969697","636,9733969697","636,9733969697","636,9733969697",,,,,,,,,,,,,,
bzf62b-YSbibKt6eNI6ecQ,babbovilas1@gmail.com,Admin,PIZZA ITALIANÍSSIMA,"88,9",1,44,"144,32","33,8664516129","21,66558","21,66558","24,3707311586","34,3277773256","R$ 21,67 (24,37%)","1,2992208485",5,"62,78942","70,6292688414","R$ 62,79 (70,63%)","R$ 62,79 (70,63%)","636,9733969697","636,9733969697","636,9733969697","636,9733969697",,,,,,,,,,,,,,
HxPJbNSJRCy3piYFam6aiw,babbovilas1@gmail.com,Admin,PIZZA CAMARÃO COM CREAM CHEEASE,"138,9",1,44,"144,32","33,8664516129","43,838","43,838","31,5608351332","34,3277773256","R$ 43,84 (31,56%)","1,2992208485",5,"88,117","63,4391648668","R$ 88,12 (63,44%)","R$ 88,12 (63,44%)","636,9733969697","636,9733969697","636,9733969697","636,9733969697",,,,,,,,,,,,,,
3E6qQLX7SDyf9WWEGby79A,babbovilas1@gmail.com,Admin,PIZZA CAMARÃO COM CATUPIRY GRANDE,"138,9",1,44,"144,32","33,8664516129","46,80368","46,80368","33,6959539237","34,3277773256","R$ 46,80 (33,70%)","1,2992208485",5,"85,15132","61,3040460763","R$ 85,15 (61,30%)","R$ 85,15 (61,30%)","636,9733969697","636,9733969697","636,9733969697","636,9733969697",,,,,,,,,,,,,,
FekkrH1lSPaj6IhiHGxFoA,babbovilas1@gmail.com,Admin,PIZZA BABBO GRANDE,"99,9",1,44,"144,32","33,8664516129","44,3834","44,3834","44,4278278278","34,3277773256","R$ 44,38 (44,43%)","1,2992208485",5,"50,5216","50,5721721722","R$ 50,52 (50,57%)","R$ 50,52 (50,57%)","636,9733969697","636,9733969697","636,9733969697","636,9733969697",,,,,,,,,,,,,,
ievnYGokS0672idTcQavYA,babbovilas1@gmail.com,Admin,PIZZA MIGNON BABBO GRANDE,"115,9",1,44,"144,32","33,8664516129","41,22048","41,22048","35,5655565142","34,3277773256","R$ 41,22 (35,57%)","1,2992208485",5,"68,88452","59,4344434858","R$ 68,88 (59,43%)","R$ 68,88 (59,43%)","636,9733969697","636,9733969697","636,9733969697","636,9733969697",,,,,,,,,,,,,,
Lwl5RvALSvy.M-z6tjdG5Q,babbovilas1@gmail.com,Admin,PIZZA MIGNON CATUPIRY GRANDE,"110,9",1,44,"144,32","33,8664516129","36,03084","36,03084","32,4894860234","34,3277773256","R$ 36,03 (32,49%)","1,2992208485",5,"69,32416","62,5105139766","R$ 69,32 (62,51%)","R$ 69,32 (62,51%)","636,9733969697","636,9733969697","636,9733969697","636,9733969697",,,,,,,,,,,,,,
s5cNf1fOTYGqFLI4Wz8BHw,babbovilas1@gmail.com,Admin,PIZZA IMPERIAL GRANDE,"95,9",1,44,"144,32","33,8664516129","30,61018","30,61018","31,9188529718","34,3277773256","R$ 30,61 (31,92%)","1,2992208485",5,"60,49482","63,0811470282","R$ 60,49 (63,08%)","R$ 60,49 (63,08%)","636,9733969697","636,9733969697","636,9733969697","636,9733969697",,,,,,,,,,,,,,
pNRNYJ9dT9eJ5N178CXSUw,babbovilas1@gmail.com,Admin,PIZZA MARGUERITA TRADICIONAL PEQUENA,"64,9",1,44,"144,32","33,8664516129","10,31153","10,31153","15,8883359014","34,3277773256","R$ 10,31 (15,89%)","1,2992208485",5,"51,34347","79,1116640986","R$ 51,34 (79,11%)","R$ 51,34 (79,11%)","636,9733969697","636,9733969697","636,9733969697","636,9733969697",,,,,,,,,,,,,,
Clpr6qBqQrSoIdJMW-fsig,babbovilas1@gmail.com,Admin,PIZZA MUSSARELA PEQUENA,"56,9",1,44,"144,32","33,8664516129","16,12084","16,12084","28,3318804921","34,3277773256","R$ 16,12 (28,33%)","1,2992208485",5,"37,93416","66,6681195079","R$ 37,93 (66,67%)","R$ 37,93 (66,67%)","636,9733969697","636,9733969697","636,9733969697","636,9733969697",,,,,,,,,,,,,,
DTqcTsCyShmX5yKMZKOHvA,babbovilas1@gmail.com,Admin,PIZZA BACON PEQUENA,"64,9",1,44,"144,32","33,8664516129","14,50386","14,50386","22,3480123267","34,3277773256","R$ 14,50 (22,35%)","1,2992208485",5,"47,15114","72,6519876733","R$ 47,15 (72,65%)","R$ 47,15 (72,65%)","636,9733969697","636,9733969697","636,9733969697","636,9733969697",,,,,,,,,,,,,,
FkEADN9-RAmwyY2RDmBU8A,babbovilas1@gmail.com,Admin,PIZZA PORTUGUESA PEQUENA,"64,9",1,44,"144,32","33,8664516129","14,63054","14,63054","22,5432049307","34,3277773256","R$ 14,63 (22,54%)","1,2992208485",5,"47,02446","72,4567950693","R$ 47,02 (72,46%)","R$ 47,02 (72,46%)","636,9733969697","636,9733969697","636,9733969697","636,9733969697",,,,,,,,,,,,,,
hAe8Spd6Se-gtXYLiXidHQ,babbovilas1@gmail.com,Admin,PIZZA CALABRESA PEQUENA,"64,9",1,44,"144,32","33,8664516129","17,05438","17,05438","26,2779352851","34,3277773256","R$ 17,05 (26,28%)","1,2992208485",5,"44,60062","68,7220647149","R$ 44,60 (68,72%)","R$ 44,60 (68,72%)","636,9733969697","636,9733969697","636,9733969697","636,9733969697",,,,,,,,,,,,,,
xDSEbgo0RQWwelyrgG4vFQ,babbovilas1@gmail.com,Admin,PIZZA BAIANA PEQUENA,"64,9",1,44,"144,32","33,8664516129","14,80878","14,80878","22,8178428351","34,3277773256","R$ 14,81 (22,82%)","1,2992208485",5,"46,84622","72,1821571649","R$ 46,85 (72,18%)","R$ 46,85 (72,18%)","636,9733969697","636,9733969697","636,9733969697","636,9733969697",,,,,,,,,,,,,,
m2AeDJmASLqEd1xrWL-LSQ,babbovilas1@gmail.com,Admin,PIZZA FRANGO COM CATUPIRY PEQUENA,"64,9",1,44,"144,32","33,8664516129","15,32126","15,32126","23,6074884438","34,3277773256","R$ 15,32 (23,61%)","1,2992208485",5,"46,33374","71,3925115562","R$ 46,33 (71,39%)","R$ 46,33 (71,39%)","636,9733969697","636,9733969697","636,9733969697","636,9733969697",,,,,,,,,,,,,,
BMpBx1a4TMe-sHQJZfiefg,babbovilas1@gmail.com,Admin,PIZZA BROCOLIS PEQUENA,"64,9",1,44,"144,32","33,8664516129","17,73148","17,73148","27,3212326656","34,3277773256","R$ 17,73 (27,32%)","1,2992208485",5,"43,92352","67,6787673344","R$ 43,92 (67,68%)","R$ 43,92 (67,68%)","636,9733969697","636,9733969697","636,9733969697","636,9733969697",,,,,,,,,,,,,,
C24r7vpdQXO4WfOpZtH3zw,babbovilas1@gmail.com,Admin,PIZZA PAULO COTRIN PEQUENA,"72,9",1,44,"144,32","33,8664516129","20,9645","20,9645","28,7578875171","34,3277773256","R$ 20,96 (28,76%)","1,2992208485",5,"48,2905","66,2421124829","R$ 48,29 (66,24%)","R$ 48,29 (66,24%)","636,9733969697","636,9733969697","636,9733969697","636,9733969697",,,,,,,,,,,,,,
nRhAen2yRwyWFDVo09Cykg,babbovilas1@gmail.com,Admin,PIZZA GORGONZOLA PEQUENA,"66,9",1,44,"144,32","33,8664516129","16,64532","16,64532","24,880896861","34,3277773256","R$ 16,65 (24,88%)","1,2992208485",5,"46,90968","70,119103139","R$ 46,91 (70,12%)","R$ 46,91 (70,12%)","636,9733969697","636,9733969697","636,9733969697","636,9733969697",,,,,,,,,,,,,,
bejT3rWEQf6XctY1gEh8gA,babbovilas1@gmail.com,Admin,PIZZA ESCAROLA PEQUENA,"68,9",1,44,"144,32","33,8664516129","19,22482","19,22482","27,9024963716","34,3277773256","R$ 19,22 (27,90%)","1,2992208485",5,"46,23018","67,0975036284","R$ 46,23 (67,10%)","R$ 46,23 (67,10%)","636,9733969697","636,9733969697","636,9733969697","636,9733969697",,,,,,,,,,,,,,
VGLmPVDNSXy84m61UnepOw,babbovilas1@gmail.com,Admin,PIZZA ORIENTAL PEQUENA,"72,9",1,44,"144,32","33,8664516129","20,80441","20,80441","28,5382853224","34,3277773256","R$ 20,80 (28,54%)","1,2992208485",5,"48,45059","66,4617146776","R$ 48,45 (66,46%)","R$ 48,45 (66,46%)","636,9733969697","636,9733969697","636,9733969697","636,9733969697",,,,,,,,,,,,,,
a-JmJK.cARuicm1gvC2a99w,babbovilas1@gmail.com,Admin,PIZZA RÚCULA COM TOMATE SECO PEQUENA,"73,9",1,44,"144,32","33,8664516129","19,4373","19,4373","26,302165088","34,3277773256","R$ 19,44 (26,30%)","1,2992208485",5,"50,7677","68,697834912","R$ 50,77 (68,70%)","R$ 50,77 (68,70%)","636,9733969697","636,9733969697","636,9733969697","636,9733969697",,,,,,,,,,,,,,
jvLT2HNxSACX12nR6IYutQ,babbovilas1@gmail.com,Admin,PIZZA TUNA ESPECIALE PEQUENA,"87,9",1,44,"144,32","33,8664516129","30,24088","30,24088","34,4037315131","34,3277773256","R$ 30,24 (34,40%)","1,2992208485",5,"53,26412","60,5962684869","R$ 53,26 (60,60%)","R$ 53,26 (60,60%)","636,9733969697","636,9733969697","636,9733969697","636,9733969697",,,,,,,,,,,,,,
RbKKDDC6R5WhAXFkdJf.uQ,babbovilas1@gmail.com,Admin,PIZZA SUPREMA PEQUENA,"72,9",1,44,"144,32","33,8664516129","19,92924","19,92924","27,3377777778","34,3277773256","R$ 19,93 (27,34%)","1,2992208485",5,"49,32576","67,6622222222","R$ 49,33 (67,66%)","R$ 49,33 (67,66%)","636,9733969697","636,9733969697","636,9733969697","636,9733969697",,,,,,,,,,,,,,
LC7dnGrUTcmpmJwqV51GQw,babbovilas1@gmail.com,Admin,PIZZA DE ATUM PEQUENA,"75,9",1,44,"144,32","33,8664516129","22,10136","22,10136","29,1190513834","34,3277773256","R$ 22,10 (29,12%)","1,2992208485",5,"50,00364","65,8809486166","R$ 50,00 (65,88%)","R$ 50,00 (65,88%)","636,9733969697","636,9733969697","636,9733969697","636,9733969697",,,,,,,,,,,,,,
bkx2NmKbTQC7MSdNKqiKmw,babbovilas1@gmail.com,Admin,PIZZA DE CALABRESA COM CATUPIRY PEQUENA,"88,9",1,44,"144,32","33,8664516129","16,26266","16,26266","18,2932058493","34,3277773256","R$ 16,26 (18,29%)","1,2992208485",5,"68,19234","76,7067941507","R$ 68,19 (76,71%)","R$ 68,19 (76,71%)","636,9733969697","636,9733969697","636,9733969697","636,9733969697",,,,,,,,,,,,,,
FoiEtcVMSQe6g6q85bfHWQ,babbovilas1@gmail.com,Admin,PIZZA TROPICAL LOMBO PEQUENA,"66,9",1,44,"144,32","33,8664516129","14,05768","14,05768","21,0129745889","34,3277773256","R$ 14,06 (21,01%)","1,2992208485",5,"49,49732","73,9870254111","R$ 49,50 (73,99%)","R$ 49,50 (73,99%)","636,9733969697","636,9733969697","636,9733969697","636,9733969697",,,,,,,,,,,,,,
NzoNJgd4R6iar7xtVujxng,babbovilas1@gmail.com,Admin,PIZZA DE PALMITO PEQUENA,"65,9",1,44,"144,32","33,8664516129","15,52278","15,52278","23,5550531108","34,3277773256","R$ 15,52 (23,56%)","1,2992208485",5,"47,08222","71,4449468892","R$ 47,08 (71,44%)","R$ 47,08 (71,44%)","636,9733969697","636,9733969697","636,9733969697","636,9733969697",,,,,,,,,,,,,,
m.tQvjRuTuGznSI73w37dA,babbovilas1@gmail.com,Admin,PIZZA DE PERU PEQUENA,"65,9",1,44,"144,32","33,8664516129","14,9972","14,9972","22,7575113809","34,3277773256","R$ 15,00 (22,76%)","1,2992208485",5,"47,6078","72,2424886191","R$ 47,61 (72,24%)","R$ 47,61 (72,24%)","636,9733969697","636,9733969697","636,9733969697","636,9733969697",,,,,,,,,,,,,,
TjfRPWJaTDOGe7oaqkdTEA,babbovilas1@gmail.com,Admin,PIZZA SICILIANE PEQUENA,"68,9",1,44,"144,32","33,8664516129","18,62906","18,62906","27,0378229318","34,3277773256","R$ 18,63 (27,04%)","1,2992208485",5,"46,82594","67,9621770682","R$ 46,83 (67,96%)","R$ 46,83 (67,96%)","636,9733969697","636,9733969697","636,9733969697","636,9733969697",,,,,,,,,,,,,,
u2kbz32YQpeDDZRvlAUb.Q,babbovilas1@gmail.com,Admin,PIZZA NAPOLITANA PEQUENA,"58,9",1,44,"144,32","33,8664516129","14,61966","14,61966","24,8211544992","34,3277773256","R$ 14,62 (24,82%)","1,2992208485",5,"41,33534","70,1788455008","R$ 41,34 (70,18%)","R$ 41,34 (70,18%)","636,9733969697","636,9733969697","636,9733969697","636,9733969697",,,,,,,,,,,,,,
biOVLe1pSISy3QtSpgvy3w,babbovilas1@gmail.com,Admin,PIZZA DA NONNA PEQUENA,"64,9",1,44,"144,32","33,8664516129","11,72412","11,72412","18,0648998459","34,3277773256","R$ 11,72 (18,06%)","1,2992208485",5,"49,93088","76,9351001541","R$ 49,93 (76,94%)","R$ 49,93 (76,94%)","636,9733969697","636,9733969697","636,9733969697","636,9733969697",,,,,,,,,,,,,,
7pFSXzdfRIqV5rJyNYF7hA,babbovilas1@gmail.com,Admin,PIZZA MARGUERITA BABBO PEQUENA,"63,9",1,44,"144,32","33,8664516129","10,32995","10,32995","16,1658059468","34,3277773256","R$ 10,33 (16,17%)","1,2992208485",5,"50,37505","78,8341940532","R$ 50,38 (78,83%)","R$ 50,38 (78,83%)","636,9733969697","636,9733969697","636,9733969697","636,9733969697",,,,,,,,,,,,,,
BMKqLnvuQkaKrTB.GBCUow,babbovilas1@gmail.com,Admin,PIZZA PIZZAIOLO PEQUENA,"65,9",1,44,"144,32","33,8664516129","14,55118","14,55118","22,0806980273","34,3277773256","R$ 14,55 (22,08%)","1,2992208485",5,"48,05382","72,9193019727","R$ 48,05 (72,92%)","R$ 48,05 (72,92%)","636,9733969697","636,9733969697","636,9733969697","636,9733969697",,,,,,,,,,,,,,
6j6TlEcqRYqo1vVWy3mgYw,babbovilas1@gmail.com,Admin,PIZZA ABOBRINHA PEQUENA,"68,9",1,44,"144,32","33,8664516129","20,658","20,658","29,9825834543","34,3277773256","R$ 20,66 (29,98%)","1,2992208485",5,"44,797","65,0174165457","R$ 44,80 (65,02%)","R$ 44,80 (65,02%)","636,9733969697","636,9733969697","636,9733969697","636,9733969697",,,,,,,,,,,,,,
SEkLp55YTdO25NU8d3Su9Q,babbovilas1@gmail.com,Admin,PIZZA PAULISTANA PEQUENA,"72,9",1,44,"144,32","33,8664516129","14,07058","14,07058","19,3012071331","34,3277773256","R$ 14,07 (19,30%)","1,2992208485",5,"55,18442","75,6987928669","R$ 55,18 (75,70%)","R$ 55,18 (75,70%)","636,9733969697","636,9733969697","636,9733969697","636,9733969697",,,,,,,,,,,,,,
FlTVti4NQeOtnzZPWMoWug,babbovilas1@gmail.com,Admin,PIZZA QUATRO QUEIJOS PEQUENA,"63,9",1,44,"144,32","33,8664516129","16,16288","16,16288","25,2940219092","34,3277773256","R$ 16,16 (25,29%)","1,2992208485",5,"44,54212","69,7059780908","R$ 44,54 (69,71%)","R$ 44,54 (69,71%)","636,9733969697","636,9733969697","636,9733969697","636,9733969697",,,,,,,,,,,,,,
I.6kLvu-T8G9YxlMJdMpcg,babbovilas1@gmail.com,Admin,PIZZA NORDESTINA PEQUENA,"68,9",1,44,"144,32","33,8664516129","18,81614","18,81614","27,3093468795","34,3277773256","R$ 18,82 (27,31%)","1,2992208485",5,"46,63886","67,6906531205","R$ 46,64 (67,69%)","R$ 46,64 (67,69%)","636,9733969697","636,9733969697","636,9733969697","636,9733969697",,,,,,,,,,,,,,
FbH2Pl.rRoqU0jJAgOJYbw,babbovilas1@gmail.com,Admin,PIZZA PEPPERONI PEQUENA,"68,9",1,44,"144,32","33,8664516129","15,31798","15,31798","22,232191582","34,3277773256","R$ 15,32 (22,23%)","1,2992208485",5,"50,13702","72,767808418","R$ 50,14 (72,77%)","R$ 50,14 (72,77%)","636,9733969697","636,9733969697","636,9733969697","636,9733969697",,,,,,,,,,,,,,
vV9aEsCLTYGXMn8THDep3Q,babbovilas1@gmail.com,Admin,PIZZA ITALÍANISSIMA PEQUENA,"65,9",1,44,"144,32","33,8664516129","13,32864","13,32864","20,2255538695","34,3277773256","R$ 13,33 (20,23%)","1,2992208485",5,"49,27636","74,7744461305","R$ 49,28 (74,77%)","R$ 49,28 (74,77%)","636,9733969697","636,9733969697","636,9733969697","636,9733969697",,,,,,,,,,,,,,
hJjIhBC7SZKdv4ZAvJdUzg,babbovilas1@gmail.com,Admin,PIZZA CAMARÃO COM CREAM CHEESE PEQUENA,"88,9",1,44,"144,32","33,8664516129","27,62632","27,62632","31,0757255343","34,3277773256","R$ 27,63 (31,08%)","1,2992208485",5,"56,82868","63,9242744657","R$ 56,83 (63,92%)","R$ 56,83 (63,92%)","636,9733969697","636,9733969697","636,9733969697","636,9733969697",,,,,,,,,,,,,,
hrT3k3gHSOukAubJTooQ0Q,babbovilas1@gmail.com,Admin,PIZZA CAMRÃO COM CATUPIRY PEQUENA,"66,9",1,44,"144,32","33,8664516129","28,35248","28,35248","42,3803886398","34,3277773256","R$ 28,35 (42,38%)","1,2992208485",5,"35,20252","52,6196113602","R$ 35,20 (52,62%)","R$ 35,20 (52,62%)","636,9733969697","636,9733969697","636,9733969697","636,9733969697",,,,,,,,,,,,,,
WGv6krOmT9CIX5lHVaT--A,babbovilas1@gmail.com,Admin,PIZZA BABBO PEQUENA,"79,9",1,44,"144,32","33,8664516129","22,84248","22,84248","28,5888360451","34,3277773256","R$ 22,84 (28,59%)","1,2992208485",5,"53,06252","66,4111639549","R$ 53,06 (66,41%)","R$ 53,06 (66,41%)","636,9733969697","636,9733969697","636,9733969697","636,9733969697",,,,,,,,,,,,,,
ZiDxFEwWRgSjnM9oK0A7yQ,babbovilas1@gmail.com,Admin,PIZZA MIGNON BABBO PEQUENO,"89,9",1,44,"144,32","33,8664516129","24,90962","24,90962","27,7081423804","34,3277773256","R$ 24,91 (27,71%)","1,2992208485",5,"60,49538","67,2918576196","R$ 60,50 (67,29%)","R$ 60,50 (67,29%)","636,9733969697","636,9733969697","636,9733969697","636,9733969697",,,,,,,,,,,,,,
fCO4bXbqQzSIeNHyjYOKpQ,babbovilas1@gmail.com,Admin,PIZZA MIGNON COM CATUPIRY PEQUENA,"88,9",1,44,"144,32","33,8664516129","26,7567","26,7567","30,0975253093","34,3277773256","R$ 26,76 (30,10%)","1,2992208485",5,"57,6983","64,9024746907","R$ 57,70 (64,90%)","R$ 57,70 (64,90%)","636,9733969697","636,9733969697","636,9733969697","636,9733969697",,,,,,,,,,,,,,
a.gPFIGhvTIOXh79.W-1piw,babbovilas1@gmail.com,Admin,PIZZA IMPERIAL PEQUENA,"75,9",1,44,"144,32","33,8664516129","14,67495","14,67495","19,3345849802","34,3277773256","R$ 14,67 (19,33%)","1,2992208485",5,"57,43005","75,6654150198","R$ 57,43 (75,67%)","R$ 57,43 (75,67%)","636,9733969697","636,9733969697","636,9733969697","636,9733969697",,,,,,,,,,,,,,
oZmbjolpQzG9KgyozjYgRg,leomrs@gmail.com,Admin,Caixa Açai 2L,"99,9",1,44,"144,32","33,8664516129",45,45,"45,045045045","34,3277773256","R$ 45,00 (45,05%)","1,2992208485",5,"49,905","49,954954955","R$ 49,91 (49,95%)","R$ 49,91 (49,95%)","636,9733969697","636,9733969697","636,9733969697","636,9733969697",,,,,,,,,,,,,,
9RY8v5RIS9yprbHi0LZ1Jg,uaibraunie@gmail.com,Admin,Brownie de Ninho,"10,9",1,44,"144,32","33,8664516129","11,2232333333","11,2232333333","102,9654434251","34,3277773256","R$ 11,22 (102,97%)","1,2992208485",5,"-0,8682333333","-7,9654434251","R$ -0,87 (-7,97%)","R$ -0,87 (-7,97%)","636,9733969697","636,9733969697","636,9733969697","636,9733969697",,,,,,,,,,,,,,
gLcBMqv5QtqbcamaC1iGYg,uaibraunie@gmail.com,Admin,Brownie de Brigadeiro,"10,9",1,44,"144,32","33,8664516129","3,3308333333","3,3308333333","30,5581039755","34,3277773256","R$ 3,33 (30,56%)","1,2992208485",5,"7,0241666667","64,4418960245","R$ 7,02 (64,44%)","R$ 7,02 (64,44%)","636,9733969697","636,9733969697","636,9733969697","636,9733969697",,,,,,,,,,,,,,
xzne21UKTXGdHXQxoppBzw,uaibraunie@gmail.com,Admin,Slice Cake Red Velvet,"17,9",12,44,"144,32","33,8664516129","32,1745611111","2,6812134259","14,9788459549","34,3277773256","R$ 2,68 (14,98%)","1,2992208485",5,"14,3237865741","80,0211540451","R$ 14,32 (80,02%)","R$ 14,32 (80,02%)","636,9733969697","636,9733969697","636,9733969697","636,9733969697",,,,,,,,,,,,,,
W8krP-CNTxiaTPbQYjxL2w,uaibraunie@gmail.com,Admin,Bolo no pote Ninho c/ Nutella,"19,9",25,44,"144,32","33,8664516129","14,8483333333","0,5939333333","2,9845896147","34,3277773256","R$ 0,59 (2,98%)","1,2992208485",5,"18,3110666667","92,0154103853","R$ 18,31 (92,02%)","R$ 18,31 (92,02%)","636,9733969697","636,9733969697","636,9733969697","636,9733969697","11,915",,,,,,,,,,,,,
6ElZsoqxR0qGJJz2lQYcyg,uaibraunie@gmail.com,Admin,Cookie Red Velvet,"14,9",12,44,"144,32","33,8664516129","30,8269","2,5689083333","17,2409955257","34,3277773256","R$ 2,57 (17,24%)","1,2992208485",5,"11,5860916667","77,7590044743","R$ 11,59 (77,76%)","R$ 11,59 (77,76%)","636,9733969697","636,9733969697","636,9733969697","636,9733969697",,,,,,,,,,,,,,
a-4HJOFA0TzK-iICrwj-tJQ,uaibraunie@gmail.com,Admin,Cookie Chocolate (250 g gotas),"14,9",12,44,"144,32","33,8664516129","30,3963","2,533025","17,0001677852","34,3277773256","R$ 2,53 (17,00%)","1,2992208485",5,"11,621975","77,9998322148","R$ 11,62 (78,00%)","R$ 11,62 (78,00%)","636,9733969697","636,9733969697","636,9733969697","636,9733969697",,,,,,,,,,,,,,
2fjmehvBRGubUVYKMtEupA,uaibraunie@gmail.com,Admin,Marmitinha Pura,"16,9",1,44,"144,32","33,8664516129","2,92","2,92","17,2781065089","34,3277773256","R$ 2,92 (17,28%)","1,2992208485",5,"13,135","77,7218934911","R$ 13,13 (77,72%)","R$ 13,13 (77,72%)","636,9733969697","636,9733969697","636,9733969697","636,9733969697",,,,,,,,,,,,,,
qUd0ml6vS4OSwozy4n8XcQ,uaibraunie@gmail.com,Admin,Marmitinha de Brigadeiro,"23,9",1,44,"144,32","33,8664516129","4,8816666667","4,8816666667","20,4253835425","34,3277773256","R$ 4,88 (20,43%)","1,2992208485",5,"17,8233333333","74,5746164575","R$ 17,82 (74,57%)","R$ 17,82 (74,57%)","636,9733969697","636,9733969697","636,9733969697","636,9733969697",,,,,,,,,,,,,,
XsVYWipyTA6O.arAJbaT1A,uaibraunie@gmail.com,Admin,Marmitinha Ninho,"20,9",1,44,"144,32","33,8664516129","4,9066666667","4,9066666667","23,4768740032","34,3277773256","R$ 4,91 (23,48%)","1,2992208485",5,"14,9483333333","71,5231259968","R$ 14,95 (71,52%)","R$ 14,95 (71,52%)","636,9733969697","636,9733969697","636,9733969697","636,9733969697",,,,,,,,,,,,,,
WgjAZqkoTGymiMO1W6-d9A,uaibraunie@gmail.com,Admin,Marmitinha Ninho com Nutella,"25,5",1,44,"144,32","33,8664516129","5,7866666667","5,7866666667","22,6928104575","34,3277773256","R$ 5,79 (22,69%)","1,2992208485",5,"18,4383333333","72,3071895425","R$ 18,44 (72,31%)","R$ 18,44 (72,31%)","636,9733969697","636,9733969697","636,9733969697","636,9733969697",,,,,,,,,,,,,,
JrjZpmooSNKejMwqX1yNgA,uaibraunie@gmail.com,Admin,Marmitinha Ferrero,"25,5",1,44,"144,32","33,8664516129","5,9796666667","5,9796666667","23,4496732026","34,3277773256","R$ 5,98 (23,45%)","1,2992208485",5,"18,2453333333","71,5503267974","R$ 18,25 (71,55%)","R$ 18,25 (71,55%)","636,9733969697","636,9733969697","636,9733969697","636,9733969697",,,,,,,,,,,,,,
XmbFdHgmQIeajqJJCMqqHA,uaibraunie@gmail.com,Admin,Copo Ouro Branco,"29,9",1,44,"144,32","33,8664516129","6,7001151515","6,7001151515","22,408411878","34,3277773256","R$ 6,70 (22,41%)","1,2992208485",5,"21,7048848485","72,591588122","R$ 21,70 (72,59%)","R$ 21,70 (72,59%)","636,9733969697","636,9733969697","636,9733969697","636,9733969697",,,,,,,,,,,,,,
S.p5skJjSGa2HNG39u-nAw,uaibraunie@gmail.com,Admin,Copo Beijinho,"29,9",1,44,"144,32","33,8664516129","4,6947651515","4,6947651515","15,7015556907","34,3277773256","R$ 4,69 (15,70%)","1,2992208485",5,"23,7102348485","79,2984443093","R$ 23,71 (79,30%)","R$ 23,71 (79,30%)","636,9733969697","636,9733969697","636,9733969697","636,9733969697",,,,,,,,,,,,,,
bh4GrynrTNK8rlbtd0rQow,uaibraunie@gmail.com,Admin,Copo Kinder Bueno,"34,9",1,44,"144,32","33,8664516129","8,5770151515","8,5770151515","24,5759746462","34,3277773256","R$ 8,58 (24,58%)","1,2992208485",5,"24,5779848485","70,4240253538","R$ 24,58 (70,42%)","R$ 24,58 (70,42%)","636,9733969697","636,9733969697","636,9733969697","636,9733969697",,,,,,,,,,,,,,
BBi5frNgQkWO4ZaKJ6K.4Q,uaibraunie@gmail.com,Admin,Copo Sonho de Valsa,"29,9",1,44,"144,32","33,8664516129","20,2671818182","20,2671818182","67,7832167832","34,3277773256","R$ 20,27 (67,78%)","1,2992208485",5,"8,1378181818","27,2167832168","R$ 8,14 (27,22%)","R$ 8,14 (27,22%)","636,9733969697","636,9733969697","636,9733969697","636,9733969697","14,4466666667",,,,,,,,,,,,,
On2BwGg5QlCJXHVNqF4UwA,uaibraunie@gmail.com,Admin,Copo Ferrero	             ,"34,9",1,44,"144,32","33,8664516129","8,6362666667","8,6362666667","24,7457497612","34,3277773256","R$ 8,64 (24,75%)","1,2992208485",5,"24,5187333333","70,2542502388","R$ 24,52 (70,25%)","R$ 24,52 (70,25%)","636,9733969697","636,9733969697","636,9733969697","636,9733969697",,,,,,,,,,,,,,
G76EvR5JSiy5IM-mULeFvQ,uaibraunie@gmail.com,Admin,Torta de maracujá,"21,9",8,44,"144,32","33,8664516129","57,7309493671","7,2163686709","32,9514551182","34,3277773256","R$ 7,22 (32,95%)","1,2992208485",5,"13,5886313291","62,0485448818","R$ 13,59 (62,05%)","R$ 13,59 (62,05%)","636,9733969697","636,9733969697","636,9733969697","636,9733969697",,,,,,,,,,,,,,
nojfbZxMQzy5x2AEa5S8vQ,uaibraunie@gmail.com,Admin,Marmitinha brigadeiro e ninho,"23,9",1,44,"144,32","33,8664516129","3,9008333333","3,9008333333","16,3214783821","34,3277773256","R$ 3,90 (16,32%)","1,2992208485",5,"18,8041666667","78,6785216179","R$ 18,80 (78,68%)","R$ 18,80 (78,68%)","636,9733969697","636,9733969697","636,9733969697","636,9733969697",,,,,,,,,,,,,,
yAZYHYfJSqeD-QH6R1AJsA,uaibraunie@gmail.com,Admin,Marmitinha Confete,"25,9",1,44,"144,32","33,8664516129","2,92","2,92","11,2741312741","34,3277773256","R$ 2,92 (11,27%)","1,2992208485",5,"21,685","83,7258687259","R$ 21,69 (83,73%)","R$ 21,69 (83,73%)","636,9733969697","636,9733969697","636,9733969697","636,9733969697",,,,,,,,,,,,,,
0pHnPRUqS26vlva7-Vy0fQ,jfxsantos@gmail.com,Admin,Açaí 300ml,"18,9",1,44,"144,32","33,8664516129","6,82375","6,82375","36,1044973545","34,3277773256","R$ 6,82 (36,10%)","1,2992208485",5,"11,13125","58,8955026455","R$ 11,13 (58,90%)","R$ 11,13 (58,90%)","636,9733969697","636,9733969697","636,9733969697","636,9733969697",,,,,,,,,,,,,,
8wcd.JN7RcSVBIYxqpekRA,jfxsantos@gmail.com,Admin,Açaí Pronto,,100,44,"144,32","33,8664516129",1324,"13,24",,"34,3277773256","R$ 13,24 ()","1,2992208485",5,,, (), (),"636,9733969697","636,9733969697","636,9733969697","636,9733969697",,,,,,,,,,,,,,
Z1Fvn1axSSSZLPX-RT9LeA,nilvanelopes@hotmail.com,Admin,Promoção X Tudo,88,2,44,"144,32","33,8664516129","40,026","20,013","22,7420454545","34,3277773256","R$ 20,01 (22,74%)","1,2992208485",5,"63,587","72,2579545455","R$ 63,59 (72,26%)","R$ 63,59 (72,26%)","636,9733969697","636,9733969697","636,9733969697","636,9733969697",,,,,,,,,,,,,,
ZL3Z-zUTT-CnJnfNbexalg,caseiros160@gmail.com,Admin,Milanesa Pequena,"18,9",1,44,"144,32","33,8664516129","3,6890917658","3,6890917658","19,5190040519","34,3277773256","R$ 3,69 (19,52%)","1,2992208485",5,"14,2659082342","75,4809959481","R$ 14,27 (75,48%)","R$ 14,27 (75,48%)","636,9733969697","636,9733969697","636,9733969697","636,9733969697",,,,,,,,,,,,,,
tg4r3VjdR0SjvqSYLbIv-w,caseiros160@gmail.com,Admin,Milanesa Media,"23,8",1,44,"144,32","33,8664516129","5,1620792658","5,1620792658","21,6894086798","34,3277773256","R$ 5,16 (21,69%)","1,2992208485",5,"17,4479207342","73,3105913202","R$ 17,45 (73,31%)","R$ 17,45 (73,31%)","636,9733969697","636,9733969697","636,9733969697","636,9733969697",,,,,,,,,,,,,,
B5LQR1KDQMymyydqxYP4tQ,caseiros160@gmail.com,Admin,Milanesa Grande,"25,8",1,44,"144,32","33,8664516129","6,3076917658","6,3076917658","24,4484176969","34,3277773256","R$ 6,31 (24,45%)","1,2992208485",5,"18,2023082342","70,5515823031","R$ 18,20 (70,55%)","R$ 18,20 (70,55%)","636,9733969697","636,9733969697","636,9733969697","636,9733969697",,,,,,,,,,,,,,
a.CbsumDdTzOsjyzXMxHW9Q,caseiros160@gmail.com,Admin,Marmitex Pequeno de Contra filé,"28,9",1,44,"144,32","33,8664516129","6,0730208333","6,0730208333","21,0139129181","34,3277773256","R$ 6,07 (21,01%)","1,2992208485",5,"21,3819791667","73,9860870819","R$ 21,38 (73,99%)","R$ 21,38 (73,99%)","636,9733969697","636,9733969697","636,9733969697","636,9733969697",,,,,,,,,,,,,,
QpWQEP89SWWCLU4rsrOWkA,caseiros160@gmail.com,Admin,Contra Filé Grande,"35,8",1,44,"144,32","33,8664516129","7,2186333333","7,2186333333","20,1637802607","34,3277773256","R$ 7,22 (20,16%)","1,2992208485",5,"26,7913666667","74,8362197393","R$ 26,79 (74,84%)","R$ 26,79 (74,84%)","636,9733969697","636,9733969697","636,9733969697","636,9733969697",,,,,,,,,,,,,,
9pvqGz1sRKygJMKLnHMy8g,caseiros160@gmail.com,Admin,Parmegiana Pequena,"22,9",1,44,"144,32","33,8664516129","6,0502958333","6,0502958333","26,4205058224","34,3277773256","R$ 6,05 (26,42%)","1,2992208485",5,"15,7047041667","68,5794941776","R$ 15,70 (68,58%)","R$ 15,70 (68,58%)","636,9733969697","636,9733969697","636,9733969697","636,9733969697",,,,,,,,,,,,,,
3eUI5mICQraEJsej0rMkIw,caseiros160@gmail.com,Admin,Parmegiana Média,"23,8",1,44,"144,32","33,8664516129","7,0274208333","7,0274208333","29,5269782913","34,3277773256","R$ 7,03 (29,53%)","1,2992208485",5,"15,5825791667","65,4730217087","R$ 15,58 (65,47%)","R$ 15,58 (65,47%)","636,9733969697","636,9733969697","636,9733969697","636,9733969697",,,,,,,,,,,,,,
J9LjFWoRTJ2ZMm5EXGN7Vw,caseiros160@gmail.com,Admin,Parmegiana Grande,"25,8",1,44,"144,32","33,8664516129","7,7132333333","7,7132333333","29,89625323","34,3277773256","R$ 7,71 (29,90%)","1,2992208485",5,"16,7967666667","65,10374677","R$ 16,80 (65,10%)","R$ 16,80 (65,10%)","636,9733969697","636,9733969697","636,9733969697","636,9733969697",,,,,,,,,,,,,,
9FQ21x0DRX6nHhUqHrP0Hg,caseiros160@gmail.com,Admin,Feijoada Pequena,"28,9",1,44,"144,32","33,8664516129","8,3399410245","8,3399410245","28,8579274203","34,3277773256","R$ 8,34 (28,86%)","1,2992208485",5,"19,1150589755","66,1420725797","R$ 19,12 (66,14%)","R$ 19,12 (66,14%)","636,9733969697","636,9733969697","636,9733969697","636,9733969697",,,,,,,,,,,,,,
WBuscCXpSHGWmAosDCw8MA,caseiros160@gmail.com,Admin,Feijoada Média,"38,9",1,44,"144,32","33,8664516129","8,3732757088","8,3732757088","21,5251303568","34,3277773256","R$ 8,37 (21,53%)","1,2992208485",5,"28,5817242912","73,4748696432","R$ 28,58 (73,47%)","R$ 28,58 (73,47%)","636,9733969697","636,9733969697","636,9733969697","636,9733969697",,,,,,,,,,,,,,
i5xJ0lSFRSOoioeRinJlRg,caseiros160@gmail.com,Admin,Feijoada Grande,"40,8",1,44,"144,32","33,8664516129","7,009888202","7,009888202","17,1810985343","34,3277773256","R$ 7,01 (17,18%)","1,2992208485",5,"31,750111798","77,8189014657","R$ 31,75 (77,82%)","R$ 31,75 (77,82%)","636,9733969697","636,9733969697","636,9733969697","636,9733969697",,,,,,,,,,,,,,
F9bSEiFWSV6v6YLXTHsBQg,caseiros160@gmail.com,Admin,Marmitex Pequeno de Omelete Com Queijo,"19,9",1,44,"144,32","33,8664516129","3,9428368721","3,9428368721","19,8132506138","34,3277773256","R$ 3,94 (19,81%)","1,2992208485",5,"14,9621631279","75,1867493862","R$ 14,96 (75,19%)","R$ 14,96 (75,19%)","636,9733969697","636,9733969697","636,9733969697","636,9733969697",,,,,,,,,,,,,,
a.erES7CtT-ub8G-gAsKWjQ,caseiros160@gmail.com,Admin,Marmitex Omelete Médio,"24,8",1,44,"144,32","33,8664516129","5,656975","5,656975","22,8103830645","34,3277773256","R$ 5,66 (22,81%)","1,2992208485",5,"17,903025","72,1896169355","R$ 17,90 (72,19%)","R$ 17,90 (72,19%)","636,9733969697","636,9733969697","636,9733969697","636,9733969697",,,,,,,,,,,,,,
ROBv8ZnTRxyEzfcZzlFNUg,caseiros160@gmail.com,Admin,Marmitex Omelete  Com Queijo Grande,"26,8",1,44,"144,32","33,8664516129","4,7994186937","4,7994186937","17,9082787078","34,3277773256","R$ 4,80 (17,91%)","1,2992208485",5,"20,6605813063","77,0917212922","R$ 20,66 (77,09%)","R$ 20,66 (77,09%)","636,9733969697","636,9733969697","636,9733969697","636,9733969697",,,,,,,,,,,,,,
z2DUqibWSd6F9j.FoYQUig,caseiros160@gmail.com,Admin,Omelete,,1,44,"144,32","33,8664516129","2,7393961731","2,7393961731",,"34,3277773256","R$ 2,74 ()","1,2992208485",5,,, (), (),"636,9733969697","636,9733969697","636,9733969697","636,9733969697",,,,,,,,,,,,,,
ZkA2plkQQUuAyPFny8qqIg,caseiros160@gmail.com,Admin,Feijoada Pequena,"28,9",1,44,"144,32","33,8664516129","6,351848202","6,351848202","21,9787135017","34,3277773256","R$ 6,35 (21,98%)","1,2992208485",5,"21,103151798","73,0212864983","R$ 21,10 (73,02%)","R$ 21,10 (73,02%)","636,9733969697","636,9733969697","636,9733969697","636,9733969697",,,,,,,,,,,,,,
Ie3qZaa9TgGL12s4sgAr6g,jfxsantos@gmail.com,Admin,Açaí 500ml,15,,44,"144,32","33,8664516129","7,659",,,"34,3277773256", (),"1,2992208485",5,"14,25",95,"R$ 14,25 (95,00%)","R$ 14,25 (95,00%)","636,9733969697","636,9733969697","636,9733969697","636,9733969697",,,,,,,,,,,,,,
yKXP2CjYSwK5cwnZz89VNA,uaibraunie@gmail.com,Admin,Combo Socorro,"42,9",1,44,"144,32","33,8664516129","15,14","15,14","35,2913752914","34,3277773256","R$ 15,14 (35,29%)","1,2992208485",5,"25,615","59,7086247086","R$ 25,62 (59,71%)","R$ 25,62 (59,71%)","636,9733969697","636,9733969697","636,9733969697","636,9733969697",,,,,,,,,,,,,,
LHRbRDALQ4-FFl3VVSXU9A,pauloupcampinas@gmail.com,Admin,Promoção FATIA - Red Velvet,"49,9",1,44,"144,32","33,8664516129","26,46","26,46","53,0260521042","34,3277773256","R$ 26,46 (53,03%)","1,2992208485",5,"20,945","41,9739478958","R$ 20,95 (41,97%)","R$ 20,95 (41,97%)","636,9733969697","636,9733969697","636,9733969697","636,9733969697",,,,,,,,,,,,,,
3FYQbjwlSl-4WvIC8bUkOw,pauloupcampinas@gmail.com,Admin,Promoção BOLO DE POTE - Cenoura,"29,99",1,44,"144,32","33,8664516129","15,18","15,18","50,6168722908","34,3277773256","R$ 15,18 (50,62%)","1,2992208485",5,"13,3105","44,3831277092","R$ 13,31 (44,38%)","R$ 13,31 (44,38%)","636,9733969697","636,9733969697","636,9733969697","636,9733969697",,,,,,,,,,,,,,
12RvjbXfSYOM7S0L.LGoPw,pauloupcampinas@gmail.com,Admin,Promoção BOLO DE POTE - Chocomousse,"29,99",1,44,"144,32","33,8664516129","14,44","14,44","48,1493831277","34,3277773256","R$ 14,44 (48,15%)","1,2992208485",5,"14,0505","46,8506168723","R$ 14,05 (46,85%)","R$ 14,05 (46,85%)","636,9733969697","636,9733969697","636,9733969697","636,9733969697",,,,,,,,,,,,,,
67Cy4b1kRyeT1-OK70NKgA,pauloupcampinas@gmail.com,Admin,BOLO DE POTE - Chocomousse,"20,9",1,44,"144,32","33,8664516129","7,22","7,22","34,5454545455","34,3277773256","R$ 7,22 (34,55%)","1,2992208485",5,"12,635","60,4545454545","R$ 12,64 (60,45%)","R$ 12,64 (60,45%)","636,9733969697","636,9733969697","636,9733969697","636,9733969697",,,,,,,,,,,,,,
P-vOv6RrQWeLQwxcJp.viQ,pauloupcampinas@gmail.com,Admin, BOLO DE POTE - Cenoura,"20,9",1,44,"144,32","33,8664516129","7,59","7,59","36,3157894737","34,3277773256","R$ 7,59 (36,32%)","1,2992208485",5,"12,265","58,6842105263","R$ 12,26 (58,68%)","R$ 12,26 (58,68%)","636,9733969697","636,9733969697","636,9733969697","636,9733969697",,,,,,,,,,,,,,
8ZwGRLvASQu25YpkIDadHA,pauloupcampinas@gmail.com,Admin,Promoção FATIA - Red Velvet,"29,9",1,44,"144,32","33,8664516129","13,23","13,23","44,2474916388","34,3277773256","R$ 13,23 (44,25%)","1,2992208485",5,"15,175","50,7525083612","R$ 15,17 (50,75%)","R$ 15,17 (50,75%)","636,9733969697","636,9733969697","636,9733969697","636,9733969697",,,,,,,,,,,,,,
Jx4bazPaQ3GFykmaNUUsiA,pauloupcampinas@gmail.com,Admin,Caldo de Mandioquinha 550ml,"59,9",40,44,"144,32","33,8664516129","708,446","17,71115","29,5678631052","34,3277773256","R$ 17,71 (29,57%)","1,2992208485",5,"39,19385","65,4321368948","R$ 39,19 (65,43%)","R$ 39,19 (65,43%)","636,9733969697","636,9733969697","636,9733969697","636,9733969697",,,,,,,,,,,,,,
a-lCvdiSrQFOdxfCuGXvK4Q,uaibraunie@gmail.com,Admin,Combo Slice Cake + Croissant Pres e Queijo e Coca Cola 200ml+ Brownie Brigadeiro ou Tradicional,"44,9",1,44,"144,32","33,8664516129","17,7","17,7","39,420935412","34,3277773256","R$ 17,70 (39,42%)","1,2992208485",5,"24,955","55,579064588","R$ 24,96 (55,58%)","R$ 24,96 (55,58%)","636,9733969697","636,9733969697","636,9733969697","636,9733969697",,,,,,,,,,,,,,
BDjgQGt2TF6AUeA6Qf4nKA,uaibraunie@gmail.com,Admin,Combo Croissant + Brownie + coca 200,"29,9",1,44,"144,32","33,8664516129","12,86","12,86","43,0100334448","34,3277773256","R$ 12,86 (43,01%)","1,2992208485",5,"15,545","51,9899665552","R$ 15,55 (51,99%)","R$ 15,55 (51,99%)","636,9733969697","636,9733969697","636,9733969697","636,9733969697",,,,,,,,,,,,,,
cCss7cM1TbGMzGtkzR5ETw,danielbuenobruno@gmail.com,Admin,Tropeiro com Bife de Lombo,"24,9",1,44,"144,32","33,8664516129","8,1182","8,1182","32,6032128514","34,3277773256","R$ 8,12 (32,60%)","1,2992208485",5,"15,5368","62,3967871486","R$ 15,54 (62,40%)","R$ 15,54 (62,40%)","636,9733969697","636,9733969697","636,9733969697","636,9733969697",,,,,,,,,,,,,,
ReE2JuwDQLKDz9ktHzg2Yw,danielbuenobruno@gmail.com,Admin,Strogonoff de Frango,"24,9",1,44,"144,32","33,8664516129","9,5232","9,5232","38,2457831325","34,3277773256","R$ 9,52 (38,25%)","1,2992208485",5,"14,1318","56,7542168675","R$ 14,13 (56,75%)","R$ 14,13 (56,75%)","636,9733969697","636,9733969697","636,9733969697","636,9733969697",,,,,,,,,,,,,,
oexmrUjgSWyJLB-IiBPOEg,danielbuenobruno@gmail.com,Admin,Parmegiana de Frango,"32,9",1,44,"144,32","33,8664516129","10,2982","10,2982","31,3015197568","34,3277773256","R$ 10,30 (31,30%)","1,2992208485",5,"20,9568","63,6984802432","R$ 20,96 (63,70%)","R$ 20,96 (63,70%)","636,9733969697","636,9733969697","636,9733969697","636,9733969697",,,,,,,,,,,,,,
lfBLe3b2TsqsygwY.8PSkQ,danielbuenobruno@gmail.com,Admin,Espaguete a bolonhesa,"19,9",1,44,"144,32","33,8664516129","7,43","7,43","37,3366834171","34,3277773256","R$ 7,43 (37,34%)","1,2992208485",5,"11,475","57,6633165829","R$ 11,47 (57,66%)","R$ 11,47 (57,66%)","636,9733969697","636,9733969697","636,9733969697","636,9733969697",,,,,,,,,,,,,,
D98235f2QL2oUQdL6OROfw,danielbuenobruno@gmail.com,Admin,Frango Emapanado com Creme de Milho,"27,9",1,44,"144,32","33,8664516129","8,4982","8,4982","30,4594982079","34,3277773256","R$ 8,50 (30,46%)","1,2992208485",5,"18,0068","64,5405017921","R$ 18,01 (64,54%)","R$ 18,01 (64,54%)","636,9733969697","636,9733969697","636,9733969697","636,9733969697",,,,,,,,,,,,,,
6Ezg5wXHST-dEDernBjezQ,danielbuenobruno@gmail.com,Admin,Frango Grelhado com legumes,"24,9",1,44,"144,32","33,8664516129","7,4462","7,4462","29,9044176707","34,3277773256","R$ 7,45 (29,90%)","1,2992208485",5,"16,2088","65,0955823293","R$ 16,21 (65,10%)","R$ 16,21 (65,10%)","636,9733969697","636,9733969697","636,9733969697","636,9733969697",,,,,,,,,,,,,,
j0-iYG7oRySWUbhqyYXYlg,danielbuenobruno@gmail.com,Admin,Carne moída com legumes,"27,9",1,44,"144,32","33,8664516129","7,4462","7,4462","26,6888888889","34,3277773256","R$ 7,45 (26,69%)","1,2992208485",5,"19,0588","68,3111111111","R$ 19,06 (68,31%)","R$ 19,06 (68,31%)","636,9733969697","636,9733969697","636,9733969697","636,9733969697",,,,,,,,,,,,,,
vDTbWdcxRJGf8U6X55bsTw,danielbuenobruno@gmail.com,Admin,Lombo a cavalo,"27,9",1,44,"144,32","33,8664516129","8,6462","8,6462","30,9899641577","34,3277773256","R$ 8,65 (30,99%)","1,2992208485",5,"17,8588","64,0100358423","R$ 17,86 (64,01%)","R$ 17,86 (64,01%)","636,9733969697","636,9733969697","636,9733969697","636,9733969697",,,,,,,,,,,,,,
2xdPWvb-R7iaBfkD7lak9Q,danielbuenobruno@gmail.com,Admin,Bife a cavalo,"33,9",1,44,"144,32","33,8664516129","13,3062","13,3062","39,2513274336","34,3277773256","R$ 13,31 (39,25%)","1,2992208485",5,"18,8988","55,7486725664","R$ 18,90 (55,75%)","R$ 18,90 (55,75%)","636,9733969697","636,9733969697","636,9733969697","636,9733969697",,,,,,,,,,,,,,
swi-Z5YrTGeydVqT0501Pg,zthalesg22@gmail.com,Admin,X-Burguer,"24,9",1,44,"144,32","33,8664516129","8,42","8,42","33,8152610442","34,3277773256","R$ 8,42 (33,82%)","1,2992208485",5,"15,235","61,1847389558","R$ 15,23 (61,18%)","R$ 15,23 (61,18%)","636,9733969697","636,9733969697","636,9733969697","636,9733969697",,,,,,,,,,,,,,
GO3qln7GT6WVjgkVce2Tgg,zthalesg22@gmail.com,Admin,X-bacon,"27,9",1,44,"144,32","33,8664516129","9,68","9,68","34,6953405018","34,3277773256","R$ 9,68 (34,70%)","1,2992208485",5,"16,825","60,3046594982","R$ 16,82 (60,30%)","R$ 16,82 (60,30%)","636,9733969697","636,9733969697","636,9733969697","636,9733969697",,,,,,,,,,,,,,
cMyMb.6VSAqcrZBL1H7yTA,zthalesg22@gmail.com,Admin,Batata frita,"12,9",1,44,"144,32","33,8664516129","3,098","3,098","24,015503876","34,3277773256","R$ 3,10 (24,02%)","1,2992208485",5,"9,157","70,984496124","R$ 9,16 (70,98%)","R$ 9,16 (70,98%)","636,9733969697","636,9733969697","636,9733969697","636,9733969697",,,,,,,,,,,,,,
FtQx0vD1Q0-CtTZFzrCKhw,nilvanelopes@hotmail.com,Admin,Coalho Burguer,49,1,44,"144,32","33,8664516129","17,3435555556","17,3435555556","35,3950113379","34,3277773256","R$ 17,34 (35,40%)","1,2992208485",5,"29,2064444444","59,6049886621","R$ 29,21 (59,60%)","R$ 29,21 (59,60%)","636,9733969697","636,9733969697","636,9733969697","636,9733969697",,,,,,,,,,,,,,
j1o4ALxRT82t6Yb4QQEgCg,nilvanelopes@hotmail.com,Admin,BRABO DE MINAS,45,1,44,"144,32","33,8664516129","13,8823333333","13,8823333333","30,8496296296","34,3277773256","R$ 13,88 (30,85%)","1,2992208485",5,"28,8676666667","64,1503703704","R$ 28,87 (64,15%)","R$ 28,87 (64,15%)","636,9733969697","636,9733969697","636,9733969697","636,9733969697",,,,,,,,,,,,,,
Y189k1AZT4ONIubCWbkQrQ,nilvanelopes@hotmail.com,Admin,BACON CRISP,45,1,44,"144,32","33,8664516129","14,0583333333","14,0583333333","31,2407407407","34,3277773256","R$ 14,06 (31,24%)","1,2992208485",5,"28,6916666667","63,7592592593","R$ 28,69 (63,76%)","R$ 28,69 (63,76%)","636,9733969697","636,9733969697","636,9733969697","636,9733969697",,,,,,,,,,,,,,
MxDaUu.bSvSuGijHC32Tpg,nilvanelopes@hotmail.com,Admin,COSTELA PREMIUM,44,1,44,"144,32","33,8664516129","13,1370454545","13,1370454545","29,8569214876","34,3277773256","R$ 13,14 (29,86%)","1,2992208485",5,"28,6629545455","65,1430785124","R$ 28,66 (65,14%)","R$ 28,66 (65,14%)","636,9733969697","636,9733969697","636,9733969697","636,9733969697",,,,,,,,,,,,,,
fyH4VjxDSWCyrtw5cYq53w,nilvanelopes@hotmail.com,Admin,DORITOS BURGUER,45,1,44,"144,32","33,8664516129","12,5116666667","12,5116666667","27,8037037037","34,3277773256","R$ 12,51 (27,80%)","1,2992208485",5,"30,2383333333","67,1962962963","R$ 30,24 (67,20%)","R$ 30,24 (67,20%)","636,9733969697","636,9733969697","636,9733969697","636,9733969697",,,,,,,,,,,,,,
SCP.upVwTh-ueacj4YUIwg,saborinboxubatuba@gmail.com,Admin,01 - Parmegiana de carne - P			,"34,9",1,44,"144,32","33,8664516129","11,596655523","11,596655523","33,2282393208","34,3277773256","R$ 11,60 (33,23%)","1,2992208485",5,"21,558344477","61,7717606792","R$ 21,56 (61,77%)","R$ 21,56 (61,77%)","636,9733969697","636,9733969697","636,9733969697","636,9733969697",,,,,,,,,,,,,,
X-pvIDiyQpONAUtMbk6tQw,saborinboxubatuba@gmail.com,Admin,01 - Parmegiana de carne - M,"39,9",1,44,"144,32","33,8664516129","13,186055523","13,186055523","33,0477582029","34,3277773256","R$ 13,19 (33,05%)","1,2992208485",5,"24,718944477","61,9522417971","R$ 24,72 (61,95%)","R$ 24,72 (61,95%)","636,9733969697","636,9733969697","636,9733969697","636,9733969697",,,,,,,,,,,,,,
kDtnJuXWS4qbY3Ol494z6g,nilvanelopes@hotmail.com,Admin,DUPLO CHEDDAR BACON,49,1,44,"144,32","33,8664516129","17,057","17,057","34,8102040816","34,3277773256","R$ 17,06 (34,81%)","1,2992208485",5,"29,493","60,1897959184","R$ 29,49 (60,19%)","R$ 29,49 (60,19%)","636,9733969697","636,9733969697","636,9733969697","636,9733969697",,,,,,,,,,,,,,
pJN7-seuTB-sJBmDMuu4AA,saborinboxubatuba@gmail.com,Admin,01 - Parmegiana de carne - G	,"48,9",1,44,"144,32","33,8664516129","17,907955523","17,907955523","36,6215859365","34,3277773256","R$ 17,91 (36,62%)","1,2992208485",5,"28,547044477","58,3784140635","R$ 28,55 (58,38%)","R$ 28,55 (58,38%)","636,9733969697","636,9733969697","636,9733969697","636,9733969697",,,,,,,,,,,,,,
jHGQCOJ.Q0GFjaulo9e.4g,saborinboxubatuba@gmail.com,Admin,02- Parmegiana de frango - P			,"28,9",1,44,"144,32","33,8664516129","11,468155523","11,468155523","39,6821990414","34,3277773256","R$ 11,47 (39,68%)","1,2992208485",5,"15,986844477","55,3178009586","R$ 15,99 (55,32%)","R$ 15,99 (55,32%)","636,9733969697","636,9733969697","636,9733969697","636,9733969697",,,,,,,,,,,,,,
BxltJnP2SFmqhl9KBIVI6w,saborinboxubatuba@gmail.com,Admin,"02- Parmegiana de frango - M			
","33,9",1,44,"144,32","33,8664516129","12,698055523","12,698055523","37,4573909232","34,3277773256","R$ 12,70 (37,46%)","1,2992208485",5,"19,506944477","57,5426090768","R$ 19,51 (57,54%)","R$ 19,51 (57,54%)","636,9733969697","636,9733969697","636,9733969697","636,9733969697",,,,,,,,,,,,,,
lwgUZpblTdmyhdeH7kLN7Q,saborinboxubatuba@gmail.com,Admin,02- Parmegiana de frango - G			,"43,9",1,44,"144,32","33,8664516129","16,397955523","16,397955523","37,3529738564","34,3277773256","R$ 16,40 (37,35%)","1,2992208485",5,"25,307044477","57,6470261436","R$ 25,31 (57,65%)","R$ 25,31 (57,65%)","636,9733969697","636,9733969697","636,9733969697","636,9733969697",,,,,,,,,,,,,,
rhTjUhLMRRa8bDJJKK07ew,saborinboxubatuba@gmail.com,Admin,03 - Parmegiana de berinjela - P			,"24,9",1,44,"144,32","33,8664516129","7,9488630403","7,9488630403","31,9231447403","34,3277773256","R$ 7,95 (31,92%)","1,2992208485",5,"15,7061369597","63,0768552597","R$ 15,71 (63,08%)","R$ 15,71 (63,08%)","636,9733969697","636,9733969697","636,9733969697","636,9733969697",,,,,,,,,,,,,,
BohZ8QEHR4qCj9nEEJVZiQ,saborinboxubatuba@gmail.com,Admin,03 - Parmegiana de berinjela - M		,"24,9",1,44,"144,32","33,8664516129","8,3373322128","8,3373322128","33,4832618987","34,3277773256","R$ 8,34 (33,48%)","1,2992208485",5,"15,3176677872","61,5167381013","R$ 15,32 (61,52%)","R$ 15,32 (61,52%)","636,9733969697","636,9733969697","636,9733969697","636,9733969697",,,,,,,,,,,,,,
yaElHqpRSCe8bzIxlga6Lw,saborinboxubatuba@gmail.com,Admin,03 - Parmegiana de berinjela - G		,"34,9",1,44,"144,32","33,8664516129","8,7258013852","8,7258013852","25,0022962328","34,3277773256","R$ 8,73 (25,00%)","1,2992208485",5,"24,4291986148","69,9977037672","R$ 24,43 (70,00%)","R$ 24,43 (70,00%)","636,9733969697","636,9733969697","636,9733969697","636,9733969697",,,,,,,,,,,,,,
6e9UZvTTQgiU1zns8zBT7Q,saborinboxubatuba@gmail.com,Admin,04 - Virado a paulista - P		,"29,9",1,44,"144,32","33,8664516129","7,5138123857","7,5138123857","25,12980731","34,3277773256","R$ 7,51 (25,13%)","1,2992208485",5,"20,8911876143","69,87019269","R$ 20,89 (69,87%)","R$ 20,89 (69,87%)","636,9733969697","636,9733969697","636,9733969697","636,9733969697",,,,,,,,,,,,,,
ebF2q.WARlanzYB5viVHCA,saborinboxubatuba@gmail.com,Admin,04 - Virado a paulista - M		,"34,9",1,44,"144,32","33,8664516129","7,7874123857","7,7874123857","22,3135025378","34,3277773256","R$ 7,79 (22,31%)","1,2992208485",5,"25,3675876143","72,6864974622","R$ 25,37 (72,69%)","R$ 25,37 (72,69%)","636,9733969697","636,9733969697","636,9733969697","636,9733969697",,,,,,,,,,,,,,
rNyDC2rATdKPjHFLnxPFiA,saborinboxubatuba@gmail.com,Admin,04 - Virado a paulista - G		,"44,9",1,44,"144,32","33,8664516129","8,880645719","8,880645719","19,7787209778","34,3277773256","R$ 8,88 (19,78%)","1,2992208485",5,"33,774354281","75,2212790222","R$ 33,77 (75,22%)","R$ 33,77 (75,22%)","636,9733969697","636,9733969697","636,9733969697","636,9733969697",,,,,,,,,,,,,,
8-6F-xduRmKib4SKSCAHcw,saborinboxubatuba@gmail.com,Admin,05 - Bife acebolado - P	,"29,9",1,44,"144,32","33,8664516129","9,6272790524","9,6272790524","32,1982577002","34,3277773256","R$ 9,63 (32,20%)","1,2992208485",5,"18,7777209476","62,8017422998","R$ 18,78 (62,80%)","R$ 18,78 (62,80%)","636,9733969697","636,9733969697","636,9733969697","636,9733969697",,,,,,,,,,,,,,
mpySMAwyRu6qV1ixEHBEQA,saborinboxubatuba@gmail.com,Admin,05 - Bife acebolado - M		,"31,9",1,44,"144,32","33,8664516129","12,4553790524","12,4553790524","39,0450753993","34,3277773256","R$ 12,46 (39,05%)","1,2992208485",5,"17,8496209476","55,9549246007","R$ 17,85 (55,95%)","R$ 17,85 (55,95%)","636,9733969697","636,9733969697","636,9733969697","636,9733969697",,,,,,,,,,,,,,
rSXYDLz7SyeBIUR0PEG8Cw,saborinboxubatuba@gmail.com,Admin,"05 - Bife acebolado - G			
","41,9",1,44,"144,32","33,8664516129","14,5852790524","14,5852790524","34,8097352085","34,3277773256","R$ 14,59 (34,81%)","1,2992208485",5,"25,2197209476","60,1902647915","R$ 25,22 (60,19%)","R$ 25,22 (60,19%)","636,9733969697","636,9733969697","636,9733969697","636,9733969697",,,,,,,,,,,,,,
Ue.Lx8L5QnysMDMOvOOmZw,saborinboxubatuba@gmail.com,Admin,06 - Bife a cavalo - P		,"30,9",1,44,"144,32","33,8664516129","9,3580123857","9,3580123857","30,2848297272","34,3277773256","R$ 9,36 (30,28%)","1,2992208485",5,"19,9969876143","64,7151702728","R$ 20,00 (64,72%)","R$ 20,00 (64,72%)","636,9733969697","636,9733969697","636,9733969697","636,9733969697",,,,,,,,,,,,,,
JogzsfKdQnyr3n5HSKcjWg,saborinboxubatuba@gmail.com,Admin,06 - Bife a cavalo - M			,"35,9",1,44,"144,32","33,8664516129","10,1669123857","10,1669123857","28,3200902109","34,3277773256","R$ 10,17 (28,32%)","1,2992208485",5,"23,9380876143","66,6799097891","R$ 23,94 (66,68%)","R$ 23,94 (66,68%)","636,9733969697","636,9733969697","636,9733969697","636,9733969697",,,,,,,,,,,,,,
CZVuXaj2QiW9E1IgP5IYZQ,saborinboxubatuba@gmail.com,Admin,06 - Bife a cavalo - G		,"45,9",1,44,"144,32","33,8664516129","14,2418123857","14,2418123857","31,0279136943","34,3277773256","R$ 14,24 (31,03%)","1,2992208485",5,"29,3631876143","63,9720863057","R$ 29,36 (63,97%)","R$ 29,36 (63,97%)","636,9733969697","636,9733969697","636,9733969697","636,9733969697",,,,,,,,,,,,,,
0wN1Nu4ASN2GfJRtOywfGA,saborinboxubatuba@gmail.com,Admin,07 - Filé de frango grelhado - P,"26,9",1,44,"144,32","33,8664516129","7,4346790524","7,4346790524","27,6382120906","34,3277773256","R$ 7,43 (27,64%)","1,2992208485",5,"18,1203209476","67,3617879094","R$ 18,12 (67,36%)","R$ 18,12 (67,36%)","636,9733969697","636,9733969697","636,9733969697","636,9733969697",,,,,,,,,,,,,,
y8hVSvzwSnuQUL5RSLpqRA,saborinboxubatuba@gmail.com,Admin,07 - Filé de frango grelhado - M		,"31,9",1,44,"144,32","33,8664516129","9,2885790524","9,2885790524","29,117802672","34,3277773256","R$ 9,29 (29,12%)","1,2992208485",5,"21,0164209476","65,882197328","R$ 21,02 (65,88%)","R$ 21,02 (65,88%)","636,9733969697","636,9733969697","636,9733969697","636,9733969697",,,,,,,,,,,,,,
b1u865rDRhiW1z4zY8roJQ,saborinboxubatuba@gmail.com,Admin,07 - Filé de frango grelhado - G		,"41,9",1,44,"144,32","33,8664516129","11,5634790524","11,5634790524","27,5978020343","34,3277773256","R$ 11,56 (27,60%)","1,2992208485",5,"28,2415209476","67,4021979657","R$ 28,24 (67,40%)","R$ 28,24 (67,40%)","636,9733969697","636,9733969697","636,9733969697","636,9733969697",,,,,,,,,,,,,,
uMi.VfE.ROq8lBdOTXlDfw,saborinboxubatuba@gmail.com,Admin,08 - Feijoada - P			,"19,9",1,44,"144,32","33,8664516129","5,1347790524","5,1347790524","25,8029098109","34,3277773256","R$ 5,13 (25,80%)","1,2992208485",5,"13,7702209476","69,1970901891","R$ 13,77 (69,20%)","R$ 13,77 (69,20%)","636,9733969697","636,9733969697","636,9733969697","636,9733969697",,,,,,,,,,,,,,
y-LfH4XxReSNoHwTOhNXtQ,saborinboxubatuba@gmail.com,Admin,08 - Feijoada - M		,"27,9",1,44,"144,32","33,8664516129","5,7795790524","5,7795790524","20,7153371053","34,3277773256","R$ 5,78 (20,72%)","1,2992208485",5,"20,7254209476","74,2846628947","R$ 20,73 (74,28%)","R$ 20,73 (74,28%)","636,9733969697","636,9733969697","636,9733969697","636,9733969697",,,,,,,,,,,,,,
X.CZR7-YR8OVlwTwGxA09Q,saborinboxubatuba@gmail.com,Admin,08 - Feijoada - G		,"34,9",1,44,"144,32","33,8664516129","6,4243790524","6,4243790524","18,4079629008","34,3277773256","R$ 6,42 (18,41%)","1,2992208485",5,"26,7306209476","76,5920370992","R$ 26,73 (76,59%)","R$ 26,73 (76,59%)","636,9733969697","636,9733969697","636,9733969697","636,9733969697",,,,,,,,,,,,,,
S4bPYtLITTaELeCt5h4ihQ,saborinboxubatuba@gmail.com,Admin,09 - Omelete de queijo - P		,"19,9",1,44,"144,32","33,8664516129","6,451345719","6,451345719","32,4188227087","34,3277773256","R$ 6,45 (32,42%)","1,2992208485",5,"12,453654281","62,5811772913","R$ 12,45 (62,58%)","R$ 12,45 (62,58%)","636,9733969697","636,9733969697","636,9733969697","636,9733969697",,,,,,,,,,,,,,
S13UHewzQPWZ2j3VDNLclQ,saborinboxubatuba@gmail.com,Admin,09 - Omelete de queijo - M		,"24,9",1,44,"144,32","33,8664516129","7,9085790524","7,9085790524","31,7613616561","34,3277773256","R$ 7,91 (31,76%)","1,2992208485",5,"15,7464209476","63,2386383439","R$ 15,75 (63,24%)","R$ 15,75 (63,24%)","636,9733969697","636,9733969697","636,9733969697","636,9733969697",,,,,,,,,,,,,,
mSvOE7G.Q1arK4vuJnfW3Q,saborinboxubatuba@gmail.com,Admin,09 - Omelete de queijo - G		,"34,9",1,44,"144,32","33,8664516129","10,5669823857","10,5669823857","30,277886492","34,3277773256","R$ 10,57 (30,28%)","1,2992208485",5,"22,5880176143","64,722113508","R$ 22,59 (64,72%)","R$ 22,59 (64,72%)","636,9733969697","636,9733969697","636,9733969697","636,9733969697",,,,,,,,,,,,,,
TGC46j91RhSsEYe6Szk-3g,saborinboxubatuba@gmail.com,Admin,10 - Strogonoff de frango - P,"24,9",1,44,"144,32","33,8664516129","7,6135190524","7,6135190524","30,5763817364","34,3277773256","R$ 7,61 (30,58%)","1,2992208485",5,"16,0414809476","64,4236182636","R$ 16,04 (64,42%)","R$ 16,04 (64,42%)","636,9733969697","636,9733969697","636,9733969697","636,9733969697",,,,,,,,,,,,,,
ecI1Fru3TdK3kG13uiPo3A,saborinboxubatuba@gmail.com,Admin,10 - Strogonoff de frango - M	,"27,9",1,44,"144,32","33,8664516129","9,5443790524","9,5443790524","34,2092439153","34,3277773256","R$ 9,54 (34,21%)","1,2992208485",5,"16,9606209476","60,7907560847","R$ 16,96 (60,79%)","R$ 16,96 (60,79%)","636,9733969697","636,9733969697","636,9733969697","636,9733969697",,,,,,,,,,,,,,
M4tI2YSxSqOs..53xSf2dw,saborinboxubatuba@gmail.com,Admin,10 - Strogonoff de frango - G	,"34,9",1,44,"144,32","33,8664516129","10,9730290524","10,9730290524","31,4413439896","34,3277773256","R$ 10,97 (31,44%)","1,2992208485",5,"22,1819709476","63,5586560104","R$ 22,18 (63,56%)","R$ 22,18 (63,56%)","636,9733969697","636,9733969697","636,9733969697","636,9733969697",,,,,,,,,,,,,,
dhwq0GVLT7So33-v1HdboQ,saborinboxubatuba@gmail.com,Admin,11 - Prato kids		,"19,9",1,44,"144,32","33,8664516129","6,216345719","6,216345719","31,2379181861","34,3277773256","R$ 6,22 (31,24%)","1,2992208485",5,"12,688654281","63,7620818139","R$ 12,69 (63,76%)","R$ 12,69 (63,76%)","636,9733969697","636,9733969697","636,9733969697","636,9733969697",,,,,,,,,,,,,,
JQJwPZ.-RDGaG78L8KpbIA,gleidson.tvrs@gmail.com,Admin,CHEESE BURGER,"28,9",1,44,"144,32","33,8664516129","6,25","6,25","21,6262975779","34,3277773256","R$ 6,25 (21,63%)","1,2992208485",5,"21,205","73,3737024221","R$ 21,21 (73,37%)","R$ 21,21 (73,37%)","636,9733969697","636,9733969697","636,9733969697","636,9733969697",,,,,,,,,,,,,,
mmIEuvcYTG-wgoSRmSfgjQ,gleidson.tvrs@gmail.com,Admin,BBQ		,"32,9",1,44,"144,32","33,8664516129","7,35","7,35","22,3404255319","34,3277773256","R$ 7,35 (22,34%)","1,2992208485",5,"23,905","72,6595744681","R$ 23,90 (72,66%)","R$ 23,90 (72,66%)","636,9733969697","636,9733969697","636,9733969697","636,9733969697",,,,,,,,,,,,,,
0SprnslBT6iT4iw6LamCRw,gleidson.tvrs@gmail.com,Admin,CHEESE BACON		,"33,9",1,44,"144,32","33,8664516129","6,9","6,9","20,3539823009","34,3277773256","R$ 6,90 (20,35%)","1,2992208485",5,"25,305","74,6460176991","R$ 25,31 (74,65%)","R$ 25,31 (74,65%)","636,9733969697","636,9733969697","636,9733969697","636,9733969697",,,,,,,,,,,,,,
Fd6wh.plQVeLzBiF.NH6Ug,gleidson.tvrs@gmail.com,Admin,"PISCININHA DE CHEDDAR			
",,1,44,"144,32","33,8664516129","7,05","7,05",,"34,3277773256","R$ 7,05 ()","1,2992208485",5,,, (), (),"636,9733969697","636,9733969697","636,9733969697","636,9733969697",,,,,,,,,,,,,,
l9MvVCLaTZ2Dcu9MTuu66A,gleidson.tvrs@gmail.com,Admin,CABULOSO			,"34,9",1,44,"144,32","33,8664516129","8,2","8,2","23,4957020057","34,3277773256","R$ 8,20 (23,50%)","1,2992208485",5,"24,955","71,5042979943","R$ 24,96 (71,50%)","R$ 24,96 (71,50%)","636,9733969697","636,9733969697","636,9733969697","636,9733969697",,,,,,,,,,,,,,
41RjxCX2SQWX--USvbnkPA,gleidson.tvrs@gmail.com,Admin,"COSTELA			
","33,9",1,44,"144,32","33,8664516129","8,1","8,1","23,8938053097","34,3277773256","R$ 8,10 (23,89%)","1,2992208485",5,"24,105","71,1061946903","R$ 24,10 (71,11%)","R$ 24,10 (71,11%)","636,9733969697","636,9733969697","636,9733969697","636,9733969697",,,,,,,,,,,,,,
o-pVvtJoSdGM939YYl45mA,gleidson.tvrs@gmail.com,Admin,"EXPLOSÃO			
","39,9",1,44,"144,32","33,8664516129","10,95","10,95","27,4436090226","34,3277773256","R$ 10,95 (27,44%)","1,2992208485",5,"26,955","67,5563909774","R$ 26,96 (67,56%)","R$ 26,96 (67,56%)","636,9733969697","636,9733969697","636,9733969697","636,9733969697",,,,,,,,,,,,,,
uICgf-ZTSfeEd1pMKw6F6w,gleidson.tvrs@gmail.com,Admin,"BARRIGUDINHO			
","58,9",1,44,"144,32","33,8664516129","16,05","16,05","27,2495755518","34,3277773256","R$ 16,05 (27,25%)","1,2992208485",5,"39,905","67,7504244482","R$ 39,91 (67,75%)","R$ 39,91 (67,75%)","636,9733969697","636,9733969697","636,9733969697","636,9733969697",,,,,,,,,,,,,,
pTqige.oQEiSd51Kdntbcg,gleidson.tvrs@gmail.com,Admin,"CHEDDAR BURGER			
",,1,44,"144,32","33,8664516129","7,55","7,55",,"34,3277773256","R$ 7,55 ()","1,2992208485",5,,, (), (),"636,9733969697","636,9733969697","636,9733969697","636,9733969697",,,,,,,,,,,,,,
wixdV3-FTnyxNyCYP2QKHg,gleidson.tvrs@gmail.com,Admin,"LAMBIZOMI			
","31,9",1,44,"144,32","33,8664516129","6,9","6,9","21,6300940439","34,3277773256","R$ 6,90 (21,63%)","1,2992208485",5,"23,405","73,3699059561","R$ 23,41 (73,37%)","R$ 23,41 (73,37%)","636,9733969697","636,9733969697","636,9733969697","636,9733969697",,,,,,,,,,,,,,
GoWMBd82RGaPYme9FzXubA,gleidson.tvrs@gmail.com,Admin,"DOBLO BACON			
",,1,44,"144,32","33,8664516129","12,3","12,3",,"34,3277773256","R$ 12,30 ()","1,2992208485",5,,, (), (),"636,9733969697","636,9733969697","636,9733969697","636,9733969697",,,,,,,,,,,,,,
QMww6lhWQY2-iGBao-fK-Q,gleidson.tvrs@gmail.com,Admin,"DUPLO BURGER			
","47,9",1,44,"144,32","33,8664516129","11,6","11,6","24,2171189979","34,3277773256","R$ 11,60 (24,22%)","1,2992208485",5,"33,905","70,7828810021","R$ 33,91 (70,78%)","R$ 33,91 (70,78%)","636,9733969697","636,9733969697","636,9733969697","636,9733969697",,,,,,,,,,,,,,
NseMQMytSL6OwsBoLMdM1Q,gleidson.tvrs@gmail.com,Admin,"NORDESTINO			
","31,9",1,44,"144,32","33,8664516129","7,1","7,1","22,2570532915","34,3277773256","R$ 7,10 (22,26%)","1,2992208485",5,"23,205","72,7429467085","R$ 23,21 (72,74%)","R$ 23,21 (72,74%)","636,9733969697","636,9733969697","636,9733969697","636,9733969697",,,,,,,,,,,,,,
a-6DMyQ.WSZiBpAzEo.P08Q,gleidson.tvrs@gmail.com,Admin,"NANNA BURGER			
","32,9",1,44,"144,32","33,8664516129","8,05","8,05","24,4680851064","34,3277773256","R$ 8,05 (24,47%)","1,2992208485",5,"23,205","70,5319148936","R$ 23,21 (70,53%)","R$ 23,21 (70,53%)","636,9733969697","636,9733969697","636,9733969697","636,9733969697",,,,,,,,,,,,,,
x5IoTwxmSLiBLgiZegC3tg,gleidson.tvrs@gmail.com,Admin,"FRANGOLINO			
","30,9",1,44,"144,32","33,8664516129","6,25","6,25","20,2265372168","34,3277773256","R$ 6,25 (20,23%)","1,2992208485",5,"23,105","74,7734627832","R$ 23,10 (74,77%)","R$ 23,10 (74,77%)","636,9733969697","636,9733969697","636,9733969697","636,9733969697",,,,,,,,,,,,,,
uvHSDtl0RJS8QeX7Iur89w,gleidson.tvrs@gmail.com,Admin,"ONION			
","38,9",1,44,"144,32","33,8664516129","8,95","8,95","23,0077120823","34,3277773256","R$ 8,95 (23,01%)","1,2992208485",5,"28,005","71,9922879177","R$ 28,00 (71,99%)","R$ 28,00 (71,99%)","636,9733969697","636,9733969697","636,9733969697","636,9733969697",,,,,,,,,,,,,,
h5.9efftQn2p424Uz6RTNg,gleidson.tvrs@gmail.com,Admin,"CAMIN DE CASA			
","45,9",1,44,"144,32","33,8664516129","12,4","12,4","27,0152505447","34,3277773256","R$ 12,40 (27,02%)","1,2992208485",5,"31,205","67,9847494553","R$ 31,21 (67,98%)","R$ 31,21 (67,98%)","636,9733969697","636,9733969697","636,9733969697","636,9733969697",,,,,,,,,,,,,,
yrh626rGQZGcU6tjcOoErA,gleidson.tvrs@gmail.com,Admin,"BACON MAIS			
",,1,44,"144,32","33,8664516129","7,5","7,5",,"34,3277773256","R$ 7,50 ()","1,2992208485",5,,, (), (),"636,9733969697","636,9733969697","636,9733969697","636,9733969697",,,,,,,,,,,,,,
a-9FR3ti7TESBv2af02s.9w,cassianegonzales12@gmail.com,Admin,Pizza Econômica Calabresa (Grande),"32,9",1,44,"144,32","33,8664516129","10,3018583333","10,3018583333","31,312639311","34,3277773256","R$ 10,30 (31,31%)","1,2992208485",5,"20,9531416667","63,687360689","R$ 20,95 (63,69%)","R$ 20,95 (63,69%)","636,9733969697","636,9733969697","636,9733969697","636,9733969697",,,,,,,,,,,,,,
WSocmLOeTEaaoCHg7rUvPA,cassianegonzales12@gmail.com,Admin,Pizza Econômica Forrada (Grande),"32,9",1,44,"144,32","33,8664516129","12,4297916667","12,4297916667","37,7805217832","34,3277773256","R$ 12,43 (37,78%)","1,2992208485",5,"18,8252083333","57,2194782168","R$ 18,83 (57,22%)","R$ 18,83 (57,22%)","636,9733969697","636,9733969697","636,9733969697","636,9733969697",,,,,,,,,,,,,,
ZL1VQrUPSpSHNz-Mq2n39Q,paranalanches94@gmail.com,Admin,Batata Frita Individual,"10,9",1,44,"144,32","33,8664516129","1,6775","1,6775","15,3899082569","34,3277773256","R$ 1,68 (15,39%)","1,2992208485",5,"8,6775","79,6100917431","R$ 8,68 (79,61%)","R$ 8,68 (79,61%)","636,9733969697","636,9733969697","636,9733969697","636,9733969697",,,,,,,,,,,,,,
KXUo5zk9RkiD8rH.oY6AWQ,paranalanches94@gmail.com,Admin,Promoção COMBO X BACON + BATATA + COCA COLA 350ML,"49,99",1,44,"144,32","33,8664516129","18,67","18,67","37,3474694939","34,3277773256","R$ 18,67 (37,35%)","1,2992208485",5,"28,8205","57,6525305061","R$ 28,82 (57,65%)","R$ 28,82 (57,65%)","636,9733969697","636,9733969697","636,9733969697","636,9733969697",,,,,,,,,,,,,,
h4C4cV9qTPeCfsfqr42Y0A,cassianegonzales12@gmail.com,Admin,Pizza Forrada (Pequena),"37,99",1,44,"144,32","33,8664516129","9,8173694444","9,8173694444","25,8419832705","34,3277773256","R$ 9,82 (25,84%)","1,2992208485",5,"26,2731305556","69,1580167295","R$ 26,27 (69,16%)","R$ 26,27 (69,16%)","636,9733969697","636,9733969697","636,9733969697","636,9733969697",,,,,,,,,,,,,,
eC408yQQRaOfIhg7YrYexg,cassianegonzales12@gmail.com,Admin,Pizza Forrada (Média),"45,99",1,44,"144,32","33,8664516129","12,4015472222","12,4015472222","26,9657473847","34,3277773256","R$ 12,40 (26,97%)","1,2992208485",5,"31,2889527778","68,0342526153","R$ 31,29 (68,03%)","R$ 31,29 (68,03%)","636,9733969697","636,9733969697","636,9733969697","636,9733969697",,,,,,,,,,,,,,
7F2YnH5-RiueLB.3Eb2VoA,cassianegonzales12@gmail.com,Admin,Pizza Forrada (Grande),"60,99",1,44,"144,32","33,8664516129","16,5235916667","16,5235916667","27,0922965513","34,3277773256","R$ 16,52 (27,09%)","1,2992208485",5,"41,4169083333","67,9077034487","R$ 41,42 (67,91%)","R$ 41,42 (67,91%)","636,9733969697","636,9733969697","636,9733969697","636,9733969697",,,,,,,,,,,,,,
qXnLuxrhRWSNdXRs1wLkng,cassianegonzales12@gmail.com,Admin,Pizza Forrada (Extra grande),"70,99",1,44,"144,32","33,8664516129","23,1054761111","23,1054761111","32,5475082562","34,3277773256","R$ 23,11 (32,55%)","1,2992208485",5,"44,3350238889","62,4524917438","R$ 44,34 (62,45%)","R$ 44,34 (62,45%)","636,9733969697","636,9733969697","636,9733969697","636,9733969697",,,,,,,,,,,,,,
FdAFAJTTQ0eG-3qIjdWPjA,saborinboxubatuba@gmail.com,Admin,Promoção Filé de Frango Grelhado,"39,9",1,44,"144,32","33,8664516129","14,86","14,86","37,2431077694","34,3277773256","R$ 14,86 (37,24%)","1,2992208485",5,"23,045","57,7568922306","R$ 23,04 (57,76%)","R$ 23,04 (57,76%)","636,9733969697","636,9733969697","636,9733969697","636,9733969697",,,,,,,,,,,,,,
7Oy1d94nSImiJTQghM3wUQ,cassianegonzales12@gmail.com,Admin,Pizza 4 Queijos (Pequena),"40,99",1,44,"144,32","33,8664516129","11,7022694444","11,7022694444","28,5490837874","34,3277773256","R$ 11,70 (28,55%)","1,2992208485",5,"27,2382305556","66,4509162126","R$ 27,24 (66,45%)","R$ 27,24 (66,45%)","636,9733969697","636,9733969697","636,9733969697","636,9733969697",,,,,,,,,,,,,,
V5JorxHHRxiV6eM7WeT0vQ,cassianegonzales12@gmail.com,Admin,Pizza 4 Queijos (média),"50,99",1,44,"144,32","33,8664516129","14,2771472222","14,2771472222","27,9998964939","34,3277773256","R$ 14,28 (28,00%)","1,2992208485",5,"34,1633527778","67,0001035061","R$ 34,16 (67,00%)","R$ 34,16 (67,00%)","636,9733969697","636,9733969697","636,9733969697","636,9733969697",,,,,,,,,,,,,,
xig.gv6ATHK1x7TFpMGFsg,cassianegonzales12@gmail.com,Admin,Pizza 4 Queijos (Grande),"67,99",1,44,"144,32","33,8664516129","19,9363916667","19,9363916667","29,3225351767","34,3277773256","R$ 19,94 (29,32%)","1,2992208485",5,"44,6541083333","65,6774648233","R$ 44,65 (65,68%)","R$ 44,65 (65,68%)","636,9733969697","636,9733969697","636,9733969697","636,9733969697",,,,,,,,,,,,,,
u4ddL8qJRe-mnJ3xZag6Pg,cassianegonzales12@gmail.com,Admin,Pizza 4 Queijos (Extra grande),"84,99",1,44,"144,32","33,8664516129","25,6424761111","25,6424761111","30,1711685035","34,3277773256","R$ 25,64 (30,17%)","1,2992208485",5,"55,0980238889","64,8288314965","R$ 55,10 (64,83%)","R$ 55,10 (64,83%)","636,9733969697","636,9733969697","636,9733969697","636,9733969697",,,,,,,,,,,,,,
XiPi5WLDR-yrc9NetiD5mQ,cassianegonzales12@gmail.com,Admin,Pizza 5 Queijos (pequena),"44,99",1,44,"144,32","33,8664516129","13,4992694444","13,4992694444","30,0050443308","34,3277773256","R$ 13,50 (30,01%)","1,2992208485",5,"29,2412305556","64,9949556692","R$ 29,24 (64,99%)","R$ 29,24 (64,99%)","636,9733969697","636,9733969697","636,9733969697","636,9733969697",,,,,,,,,,,,,,
Jw3dOy2.Rea1mxIUlNtoqg,cassianegonzales12@gmail.com,Admin,Pizza 5 Queijos (média),"56,99",1,44,"144,32","33,8664516129","16,1273972222","16,1273972222","28,2986440116","34,3277773256","R$ 16,13 (28,30%)","1,2992208485",5,"38,0131027778","66,7013559884","R$ 38,01 (66,70%)","R$ 38,01 (66,70%)","636,9733969697","636,9733969697","636,9733969697","636,9733969697",,,,,,,,,,,,,,
6hFGJLY5R-WXLVixKkoxCg,cassianegonzales12@gmail.com,Admin,Pizza 5 Queijos (grande),"76,99",1,44,"144,32","33,8664516129","22,027225","22,027225","28,6105013638","34,3277773256","R$ 22,03 (28,61%)","1,2992208485",5,"51,113275","66,3894986362","R$ 51,11 (66,39%)","R$ 51,11 (66,39%)","636,9733969697","636,9733969697","636,9733969697","636,9733969697",,,,,,,,,,,,,,
J9T8.FruT8WKHCa6YqkfUQ,cassianegonzales12@gmail.com,Admin,Pizza 5 Queijos (extra grande),"88,99",1,44,"144,32","33,8664516129","27,4037261111","27,4037261111","30,794163514","34,3277773256","R$ 27,40 (30,79%)","1,2992208485",5,"57,1367738889","64,205836486","R$ 57,14 (64,21%)","R$ 57,14 (64,21%)","636,9733969697","636,9733969697","636,9733969697","636,9733969697",,,,,,,,,,,,,,
a-TYkHoclRZKfc60eZ0.CpQ,cassianegonzales12@gmail.com,Admin,Pizza A Moda (pequena),"40,99",1,44,"144,32","33,8664516129","11,6815916667","11,6815916667","28,4986378792","34,3277773256","R$ 11,68 (28,50%)","1,2992208485",5,"27,2589083333","66,5013621208","R$ 27,26 (66,50%)","R$ 27,26 (66,50%)","636,9733969697","636,9733969697","636,9733969697","636,9733969697",,,,,,,,,,,,,,
eTM6bTzURmWnJgmMyo6yDQ,cassianegonzales12@gmail.com,Admin,Pizza A Moda (média),"52,99",1,44,"144,32","33,8664516129","14,2015027778","14,2015027778","26,8003449288","34,3277773256","R$ 14,20 (26,80%)","1,2992208485",5,"36,1389972222","68,1996550712","R$ 36,14 (68,20%)","R$ 36,14 (68,20%)","636,9733969697","636,9733969697","636,9733969697","636,9733969697",,,,,,,,,,,,,,
1l7tfPHCTN6oCmIXXcAtyw,cassianegonzales12@gmail.com,Admin,Pizza A Moda (grande),"65,99",1,44,"144,32","33,8664516129","19,3393916667","19,3393916667","29,3065489721","34,3277773256","R$ 19,34 (29,31%)","1,2992208485",5,"43,3511083333","65,6934510279","R$ 43,35 (65,69%)","R$ 43,35 (65,69%)","636,9733969697","636,9733969697","636,9733969697","636,9733969697",,,,,,,,,,,,,,
ab4ZLkHzRaiKmPlhCsjc1A,cassianegonzales12@gmail.com,Admin,Pizza A Moda (extra grande),"75,99",1,44,"144,32","33,8664516129","24,4191205556","24,4191205556","32,1346500271","34,3277773256","R$ 24,42 (32,13%)","1,2992208485",5,"47,7713794444","62,8653499729","R$ 47,77 (62,87%)","R$ 47,77 (62,87%)","636,9733969697","636,9733969697","636,9733969697","636,9733969697",,,,,,,,,,,,,,
MDGH6gWpRQ6xbGLHCC0tOw,cassianegonzales12@gmail.com,Admin, Pizza 5 Carnes (Pequena),"40,99",1,44,"144,32","33,8664516129","14,2639694444","14,2639694444","34,798656854","34,3277773256","R$ 14,26 (34,80%)","1,2992208485",5,"24,6765305556","60,201343146","R$ 24,68 (60,20%)","R$ 24,68 (60,20%)","636,9733969697","636,9733969697","636,9733969697","636,9733969697",,,,,,,,,,,,,,
g83i3H7rTzaqW3jooWPtEw,cassianegonzales12@gmail.com,Admin,Pizza 5 carnes (Media),"50,99",1,44,"144,32","33,8664516129","18,5836472222","18,5836472222","36,445670175","34,3277773256","R$ 18,58 (36,45%)","1,2992208485",5,"29,8568527778","58,554329825","R$ 29,86 (58,55%)","R$ 29,86 (58,55%)","636,9733969697","636,9733969697","636,9733969697","636,9733969697",,,,,,,,,,,,,,
Yva03zD9Qg6cGztLc7fu3Q,cassianegonzales12@gmail.com,Admin,Pizza 5 Carnes (grande),"72,99",1,44,"144,32","33,8664516129","26,0529916667","26,0529916667","35,6939192583","34,3277773256","R$ 26,05 (35,69%)","1,2992208485",5,"43,2875083333","59,3060807417","R$ 43,29 (59,31%)","R$ 43,29 (59,31%)","636,9733969697","636,9733969697","636,9733969697","636,9733969697",,,,,,,,,,,,,,
L5-xCao-ThGm.V5qnz-uZg,cassianegonzales12@gmail.com,Admin,Pizza 5 Carnes (extra grande),"88,99",1,44,"144,32","33,8664516129","34,7575761111","34,7575761111","39,0578448265","34,3277773256","R$ 34,76 (39,06%)","1,2992208485",5,"49,7829238889","55,9421551735","R$ 49,78 (55,94%)","R$ 49,78 (55,94%)","636,9733969697","636,9733969697","636,9733969697","636,9733969697",,,,,,,,,,,,,,
v5eoPpnhSySlD0t7czre9Q,cassianegonzales12@gmail.com,Admin,Pizza 5 Carnes c/ cream cheese (pequena),"40,99",1,44,"144,32","33,8664516129","14,8979694444","14,8979694444","36,3453755659","34,3277773256","R$ 14,90 (36,35%)","1,2992208485",5,"24,0425305556","58,6546244341","R$ 24,04 (58,65%)","R$ 24,04 (58,65%)","636,9733969697","636,9733969697","636,9733969697","636,9733969697",,,,,,,,,,,,,,
2jkJ5NZBSNq3reZE32Dc1g,cassianegonzales12@gmail.com,Admin,Pizza 5 Carnes c/ Cream cheese (media),"52,99",1,44,"144,32","33,8664516129","19,4289805556","19,4289805556","36,6653718731","34,3277773256","R$ 19,43 (36,67%)","1,2992208485",5,"30,9115194444","58,3346281269","R$ 30,91 (58,33%)","R$ 30,91 (58,33%)","636,9733969697","636,9733969697","636,9733969697","636,9733969697",,,,,,,,,,,,,,
a-435GJHtQGSeNGssrpuUhw,cassianegonzales12@gmail.com,Admin,Pizza 5 Carnes c/ cream cheese (grande),"72,99",1,44,"144,32","33,8664516129","27,1096583333","27,1096583333","37,1416061561","34,3277773256","R$ 27,11 (37,14%)","1,2992208485",5,"42,2308416667","57,8583938439","R$ 42,23 (57,86%)","R$ 42,23 (57,86%)","636,9733969697","636,9733969697","636,9733969697","636,9733969697",,,,,,,,,,,,,,
oSynLtkmRDipQ7wxlkycwA,cassianegonzales12@gmail.com,Admin,Pizza 5 Carnes c/ cream cheese (extra grande),"88,99",1,44,"144,32","33,8664516129","35,8975761111","35,8975761111","40,3388876403","34,3277773256","R$ 35,90 (40,34%)","1,2992208485",5,"48,6429238889","54,6611123597","R$ 48,64 (54,66%)","R$ 48,64 (54,66%)","636,9733969697","636,9733969697","636,9733969697","636,9733969697",,,,,,,,,,,,,,
Hj.JNF4XRDWxSNi7N0MSbA,cassianegonzales12@gmail.com,Admin,Pizza Americana (pequena),"40,99",1,44,"144,32","33,8664516129","9,6903694444","9,6903694444","23,6408134775","34,3277773256","R$ 9,69 (23,64%)","1,2992208485",5,"29,2501305556","71,3591865225","R$ 29,25 (71,36%)","R$ 29,25 (71,36%)","636,9733969697","636,9733969697","636,9733969697","636,9733969697",,,,,,,,,,,,,,
a7c6qh1YSn25NshKCZ5xAw,cassianegonzales12@gmail.com,Admin,Pizza Americana (media),"50,99",1,44,"144,32","33,8664516129","12,7090805556","12,7090805556","24,9246529821","34,3277773256","R$ 12,71 (24,92%)","1,2992208485",5,"35,7314194444","70,0753470179","R$ 35,73 (70,08%)","R$ 35,73 (70,08%)","636,9733969697","636,9733969697","636,9733969697","636,9733969697",,,,,,,,,,,,,,
8r-pGOqHTZumKQLdO4k2PA,cassianegonzales12@gmail.com,Admin,Pizza Americana (grande),"65,99",1,44,"144,32","33,8664516129","18,4175583333","18,4175583333","27,9096201445","34,3277773256","R$ 18,42 (27,91%)","1,2992208485",5,"44,2729416667","67,0903798555","R$ 44,27 (67,09%)","R$ 44,27 (67,09%)","636,9733969697","636,9733969697","636,9733969697","636,9733969697",,,,,,,,,,,,,,
gXWEARwWT7-jo4iOnG3RUw,cassianegonzales12@gmail.com,Admin,Pizza Americana (extra grande),"79,99",1,44,"144,32","33,8664516129","23,9264361111","23,9264361111","29,9117841119","34,3277773256","R$ 23,93 (29,91%)","1,2992208485",5,"52,0640638889","65,0882158881","R$ 52,06 (65,09%)","R$ 52,06 (65,09%)","636,9733969697","636,9733969697","636,9733969697","636,9733969697",,,,,,,,,,,,,,
Sy1Xw2AiQjuvzdc319pwmQ,cassianegonzales12@gmail.com,Admin,Pizza Atum (pequena),"40,99",1,44,"144,32","33,8664516129","17,7043694444","17,7043694444","43,1919235044","34,3277773256","R$ 17,70 (43,19%)","1,2992208485",5,"21,2361305556","51,8080764956","R$ 21,24 (51,81%)","R$ 21,24 (51,81%)","636,9733969697","636,9733969697","636,9733969697","636,9733969697",,,,,,,,,,,,,,
cxSreWFtSOyi3gFX8LJ5vA,cassianegonzales12@gmail.com,Admin,Pizza Atum (medio),"50,99",1,44,"144,32","33,8664516129","28,3119472222","28,3119472222","55,524509163","34,3277773256","R$ 28,31 (55,52%)","1,2992208485",5,"20,1285527778","39,475490837","R$ 20,13 (39,48%)","R$ 20,13 (39,48%)","636,9733969697","636,9733969697","636,9733969697","636,9733969697",,,,,,,,,,,,,,
iklzfEV1TTms9eINlGxJig,cassianegonzales12@gmail.com,Admin,Pizza Atum (Grande),"65,99",1,44,"144,32","33,8664516129","32,4057916667","32,4057916667","49,1071248169","34,3277773256","R$ 32,41 (49,11%)","1,2992208485",5,"30,2847083333","45,8928751831","R$ 30,28 (45,89%)","R$ 30,28 (45,89%)","636,9733969697","636,9733969697","636,9733969697","636,9733969697",,,,,,,,,,,,,,
Ef-e4syITCyExZL5qGh0rQ,cassianegonzales12@gmail.com,Admin,Pizza Atum (extra grande),"78,99",1,44,"144,32","33,8664516129","56,5014761111","56,5014761111","71,5299102559","34,3277773256","R$ 56,50 (71,53%)","1,2992208485",5,"18,5390238889","23,4700897441","R$ 18,54 (23,47%)","R$ 18,54 (23,47%)","636,9733969697","636,9733969697","636,9733969697","636,9733969697",,,,,,,,,,,,,,
0gtqpgzgQd-Z7cNVnkGXjw,cassianegonzales12@gmail.com,Admin,Pizza Atum c/ cream cheese (pequena),"40,99",1,44,"144,32","33,8664516129","18,3383694444","18,3383694444","44,7386422163","34,3277773256","R$ 18,34 (44,74%)","1,2992208485",5,"20,6021305556","50,2613577837","R$ 20,60 (50,26%)","R$ 20,60 (50,26%)","636,9733969697","636,9733969697","636,9733969697","636,9733969697",,,,,,,,,,,,,,
tmtyRRJ9QNSZFshyiy29tQ,cassianegonzales12@gmail.com,Admin,Pizza Atum c/ cream cheese (Media),"50,99",1,44,"144,32","33,8664516129","29,5868805556","29,5868805556","58,0248687106","34,3277773256","R$ 29,59 (58,02%)","1,2992208485",5,"18,8536194444","36,9751312894","R$ 18,85 (36,98%)","R$ 18,85 (36,98%)","636,9733969697","636,9733969697","636,9733969697","636,9733969697",,,,,,,,,,,,,,
zIdcut2cSfmgTmpELbvv0g,cassianegonzales12@gmail.com,Admin,Pizza Atum c/ cream cheese (grande),"65,99",1,44,"144,32","33,8664516129","33,8720583333","33,8720583333","51,329077638","34,3277773256","R$ 33,87 (51,33%)","1,2992208485",5,"28,8184416667","43,670922362","R$ 28,82 (43,67%)","R$ 28,82 (43,67%)","636,9733969697","636,9733969697","636,9733969697","636,9733969697",,,,,,,,,,,,,,
DLLR79.MRUqJPVCZnDUgjQ,cassianegonzales12@gmail.com,Admin,Pizza Atum c/ cream cheese (extra Grande),"78,99",1,44,"144,32","33,8664516129","58,0864761111","58,0864761111","73,5364933677","34,3277773256","R$ 58,09 (73,54%)","1,2992208485",5,"16,9540238889","21,4635066323","R$ 16,95 (21,46%)","R$ 16,95 (21,46%)","636,9733969697","636,9733969697","636,9733969697","636,9733969697",,,,,,,,,,,,,,
382Wz-jZS8qikcpPK7Docw,cassianegonzales12@gmail.com,Admin,Pizza Alho Poro (pequena),"40,99",1,44,"144,32","33,8664516129","10,2913694444","10,2913694444","25,1070247486","34,3277773256","R$ 10,29 (25,11%)","1,2992208485",5,"28,6491305556","69,8929752514","R$ 28,65 (69,89%)","R$ 28,65 (69,89%)","636,9733969697","636,9733969697","636,9733969697","636,9733969697",,,,,,,,,,,,,,
cl3-wPIASxutOuq6XE9k5g,cassianegonzales12@gmail.com,Admin,Pizza Alho poro (media),"50,99",1,44,"144,32","33,8664516129","11,6719805556","11,6719805556","22,8907247608","34,3277773256","R$ 11,67 (22,89%)","1,2992208485",5,"36,7685194444","72,1092752392","R$ 36,77 (72,11%)","R$ 36,77 (72,11%)","636,9733969697","636,9733969697","636,9733969697","636,9733969697",,,,,,,,,,,,,,
TSoYew8JSNmB2TQ3FTyrQA,cassianegonzales12@gmail.com,Admin,Pizza Alho poro (grande),"65,99",1,44,"144,32","33,8664516129","15,2684583333","15,2684583333","23,1375334647","34,3277773256","R$ 15,27 (23,14%)","1,2992208485",5,"47,4220416667","71,8624665353","R$ 47,42 (71,86%)","R$ 47,42 (71,86%)","636,9733969697","636,9733969697","636,9733969697","636,9733969697",,,,,,,,,,,,,,
r-wn-2t-RmGiR7s7Vl0iHA,cassianegonzales12@gmail.com,Admin,Pizza Alho poro (extra grande),"72,99",1,44,"144,32","33,8664516129","20,1666761111","20,1666761111","27,6293685589","34,3277773256","R$ 20,17 (27,63%)","1,2992208485",5,"49,1738238889","67,3706314411","R$ 49,17 (67,37%)","R$ 49,17 (67,37%)","636,9733969697","636,9733969697","636,9733969697","636,9733969697",,,,,,,,,,,,,,
QgWcOJXCQS-RNozoq0cMAA,hojetembutiquim@gmail.com,Admin,Filé de Frango Milanesa,"20,9",1,44,"144,32","33,8664516129",,,,"34,3277773256", (),"1,2992208485",5,"19,855",95,"R$ 19,85 (95,00%)",,"636,9733969697","636,9733969697","636,9733969697","636,9733969697",,,,,,,,,,,,,,
QjEvokPXQvSI8qdPdptwvg,hojetembutiquim@gmail.com,Admin,fdsfdsa,,,44,"144,32","33,8664516129",,,,"34,3277773256", (),"1,2992208485",5,,, (),,"636,9733969697","636,9733969697","636,9733969697","636,9733969697",,,,,,,,,,,,,,
kznRkVUPQniWMb5ctLzmbA,hojetembutiquim@gmail.com,Admin,fdsafdsa,,,44,"144,32","33,8664516129",,,,"34,3277773256", (),"1,2992208485",5,,, (),,"636,9733969697","636,9733969697","636,9733969697","636,9733969697",,,,,,,,,,,,,,
9wQh7YU6REavtAo0w7hqxg,hojetembutiquim@gmail.com,Admin,filé de frango,23,1,44,"144,32","33,8664516129",,,,"34,3277773256", (),"1,2992208485",5,"21,85",95,"R$ 21,85 (95,00%)",,"636,9733969697","636,9733969697","636,9733969697","636,9733969697",,,,,,,,,,,,,,
hMXtN4SrSRK2NCq57iLojA,hojetembutiquim@gmail.com,Admin,file de frango,1,1,44,"144,32","33,8664516129",,,,"34,3277773256", (),"1,2992208485",5,"0,95",95,"R$ 0,95 (95,00%)",,"636,9733969697","636,9733969697","636,9733969697","636,9733969697",,,,,,,,,,,,,,
YZxybmqTSu6S93WyaGqRLQ,cassianegonzales12@gmail.com,Admin,Pizza Alho Frito (pequena),"40,99",1,44,"144,32","33,8664516129","7,077925","7,077925","17,2674432788","34,3277773256","R$ 7,08 (17,27%)","1,2992208485",5,"31,862575","77,7325567212","R$ 31,86 (77,73%)","R$ 31,86 (77,73%)","636,9733969697","636,9733969697","636,9733969697","636,9733969697",,,,,,,,,,,,,,
Bx13nYykR2WS2FgrxfTyYQ,cassianegonzales12@gmail.com,Admin,Pizza Alho Frito (media),"50,99",1,44,"144,32","33,8664516129","9,0228805556","9,0228805556","17,6953923427","34,3277773256","R$ 9,02 (17,70%)","1,2992208485",5,"39,4176194444","77,3046076573","R$ 39,42 (77,30%)","R$ 39,42 (77,30%)","636,9733969697","636,9733969697","636,9733969697","636,9733969697",,,,,,,,,,,,,,
S14sn6NNQzul8UNzlbOeBQ,cassianegonzales12@gmail.com,Admin,Pizza Alho Frito (grande),"65,99",1,44,"144,32","33,8664516129","12,4194583333","12,4194583333","18,8202126585","34,3277773256","R$ 12,42 (18,82%)","1,2992208485",5,"50,2710416667","76,1797873415","R$ 50,27 (76,18%)","R$ 50,27 (76,18%)","636,9733969697","636,9733969697","636,9733969697","636,9733969697",,,,,,,,,,,,,,
rmE27UxfSCSNOCWi6Oy50w,cassianegonzales12@gmail.com,Admin,Pizza Alho Frito (Extra Grande),"72,99",1,44,"144,32","33,8664516129","16,8186761111","16,8186761111","23,0424388425","34,3277773256","R$ 16,82 (23,04%)","1,2992208485",5,"52,5218238889","71,9575611575","R$ 52,52 (71,96%)","R$ 52,52 (71,96%)","636,9733969697","636,9733969697","636,9733969697","636,9733969697",,,,,,,,,,,,,,
68pfAXvdSeeDAyy.t9ATFw,cassianegonzales12@gmail.com,Admin, Pizza A Grega (pequena),"45,99",1,44,"144,32","33,8664516129","13,3025916667","13,3025916667","28,9249655722","34,3277773256","R$ 13,30 (28,92%)","1,2992208485",5,"30,3879083333","66,0750344278","R$ 30,39 (66,08%)","R$ 30,39 (66,08%)","636,9733969697","636,9733969697","636,9733969697","636,9733969697",,,,,,,,,,,,,,
fBryS4.MSveHCCR3-oJrCg,cassianegonzales12@gmail.com,Admin,Pizza A Grega (media),"55,99",1,44,"144,32","33,8664516129","16,6384694444","16,6384694444","29,7168591614","34,3277773256","R$ 16,64 (29,72%)","1,2992208485",5,"36,5520305556","65,2831408386","R$ 36,55 (65,28%)","R$ 36,55 (65,28%)","636,9733969697","636,9733969697","636,9733969697","636,9733969697",,,,,,,,,,,,,,
TWgIcGQ7S46Gj-fM1DcQMw,cassianegonzales12@gmail.com,Admin,Pizza A grega (grande),"69,99",1,44,"144,32","33,8664516129","22,9951361111","22,9951361111","32,8548879999","34,3277773256","R$ 23,00 (32,85%)","1,2992208485",5,"43,4953638889","62,1451120001","R$ 43,50 (62,15%)","R$ 43,50 (62,15%)","636,9733969697","636,9733969697","636,9733969697","636,9733969697",,,,,,,,,,,,,,
vEyNUC4zQ5OlLkLSbjt4og,cassianegonzales12@gmail.com,Admin,Pizza A Grega (extra grande),"84,99",1,44,"144,32","33,8664516129","30,3399761111","30,3399761111","35,6982893412","34,3277773256","R$ 30,34 (35,70%)","1,2992208485",5,"50,4005238889","59,3017106588","R$ 50,40 (59,30%)","R$ 50,40 (59,30%)","636,9733969697","636,9733969697","636,9733969697","636,9733969697",,,,,,,,,,,,,,
Z8OqNzpOR4icUjpbRPWGzg,cassianegonzales12@gmail.com,Admin,Pizza Abobrinha (pequena),"40,99",1,44,"144,32","33,8664516129","11,5193694444","11,5193694444","28,1028773956","34,3277773256","R$ 11,52 (28,10%)","1,2992208485",5,"27,4211305556","66,8971226044","R$ 27,42 (66,90%)","R$ 27,42 (66,90%)","636,9733969697","636,9733969697","636,9733969697","636,9733969697",,,,,,,,,,,,,,
U79-LOCNRFuc-45Ez57vfg,cassianegonzales12@gmail.com,Admin,Pizza Abobrinha (media),"50,99",1,44,"144,32","33,8664516129","13,4866472222","13,4866472222","26,4495925127","34,3277773256","R$ 13,49 (26,45%)","1,2992208485",5,"34,9538527778","68,5504074873","R$ 34,95 (68,55%)","R$ 34,95 (68,55%)","636,9733969697","636,9733969697","636,9733969697","636,9733969697",,,,,,,,,,,,,,
Cp-1miENQhaTVkbsqxpU9Q,cassianegonzales12@gmail.com,Admin,Pizza Abobrinha (grande),"65,99",1,44,"144,32","33,8664516129","18,4350991667","18,4350991667","27,9362011921","34,3277773256","R$ 18,44 (27,94%)","1,2992208485",5,"44,2554008333","67,0637988079","R$ 44,26 (67,06%)","R$ 44,26 (67,06%)","636,9733969697","636,9733969697","636,9733969697","636,9733969697",,,,,,,,,,,,,,
Jm6VbzzUQbyAin9Pv0op.A,cassianegonzales12@gmail.com,Admin,Pizza Abobrinha (extra Grande),"77,99",1,44,"144,32","33,8664516129","24,7308836111","24,7308836111","31,7103264664","34,3277773256","R$ 24,73 (31,71%)","1,2992208485",5,"49,3596163889","63,2896735336","R$ 49,36 (63,29%)","R$ 49,36 (63,29%)","636,9733969697","636,9733969697","636,9733969697","636,9733969697",,,,,,,,,,,,,,
NFi8gvB.S.SFpVjVSm.jZw,cassianegonzales12@gmail.com,Admin,Pizza Baiana (pequena),"40,99",1,44,"144,32","33,8664516129","9,4972694444","9,4972694444","23,1697229677","34,3277773256","R$ 9,50 (23,17%)","1,2992208485",5,"29,4432305556","71,8302770323","R$ 29,44 (71,83%)","R$ 29,44 (71,83%)","636,9733969697","636,9733969697","636,9733969697","636,9733969697",,,,,,,,,,,,,,
rrgOYFKJQd2O1KaKrdNw2Q,cassianegonzales12@gmail.com,Admin,Pizza Baiana (media),"50,99",1,44,"144,32","33,8664516129","11,9243880556","11,9243880556","23,385738489","34,3277773256","R$ 11,92 (23,39%)","1,2992208485",5,"36,5161119444","71,614261511","R$ 36,52 (71,61%)","R$ 36,52 (71,61%)","636,9733969697","636,9733969697","636,9733969697","636,9733969697",,,,,,,,,,,,,,
Ry-O1IhYQOyDZ72zCNQT-g,cassianegonzales12@gmail.com,Admin,Pizza Baiana (grande),"65,99",1,44,"144,32","33,8664516129","16,4944658333","16,4944658333","24,9954020811","34,3277773256","R$ 16,49 (25,00%)","1,2992208485",5,"46,1960341667","70,0045979189","R$ 46,20 (70,00%)","R$ 46,20 (70,00%)","636,9733969697","636,9733969697","636,9733969697","636,9733969697",,,,,,,,,,,,,,
X-IPZKUyRCSsfoYa7wVA8g,cassianegonzales12@gmail.com,Admin,Pizza Baiana (extra grande),"74,99",1,44,"144,32","33,8664516129","23,4238836111","23,4238836111","31,2360096161","34,3277773256","R$ 23,42 (31,24%)","1,2992208485",5,"47,8166163889","63,7639903839","R$ 47,82 (63,76%)","R$ 47,82 (63,76%)","636,9733969697","636,9733969697","636,9733969697","636,9733969697",,,,,,,,,,,,,,
dv.YZijgRsWqo6D1SFnNeA,cassianegonzales12@gmail.com,Admin,Pizza Bolonhesa (pequena),"44,99",1,44,"144,32","33,8664516129","11,2709991667","11,2709991667","25,0522319775","34,3277773256","R$ 11,27 (25,05%)","1,2992208485",5,"31,4695008333","69,9477680225","R$ 31,47 (69,95%)","R$ 31,47 (69,95%)","636,9733969697","636,9733969697","636,9733969697","636,9733969697",,,,,,,,,,,,,,
osFHZhhbSw6lETAFtQBNgA,cassianegonzales12@gmail.com,Admin,Pizza Bolonhesa (media),"55,99",1,44,"144,32","33,8664516129","13,0727027778","13,0727027778","23,3482814391","34,3277773256","R$ 13,07 (23,35%)","1,2992208485",5,"40,1177972222","71,6517185609","R$ 40,12 (71,65%)","R$ 40,12 (71,65%)","636,9733969697","636,9733969697","636,9733969697","636,9733969697",,,,,,,,,,,,,,
g.i2bdTwRb6CIjShA89S7Q,cassianegonzales12@gmail.com,Admin,Pizza Bolonhesa (grande),"65,99",1,44,"144,32","33,8664516129","19,0387916667","19,0387916667","28,8510254079","34,3277773256","R$ 19,04 (28,85%)","1,2992208485",5,"43,6517083333","66,1489745921","R$ 43,65 (66,15%)","R$ 43,65 (66,15%)","636,9733969697","636,9733969697","636,9733969697","636,9733969697",,,,,,,,,,,,,,
z7xBzDjXTGyTkS6SM8RQWg,cassianegonzales12@gmail.com,Admin,Pizza Bolonhesa (extra grande),"80,99",1,44,"144,32","33,8664516129","26,1551205556","26,1551205556","32,2942592364","34,3277773256","R$ 26,16 (32,29%)","1,2992208485",5,"50,7853794444","62,7057407636","R$ 50,79 (62,71%)","R$ 50,79 (62,71%)","636,9733969697","636,9733969697","636,9733969697","636,9733969697",,,,,,,,,,,,,,
NpnL5EtyTYSOXqjva8jtcQ,cassianegonzales12@gmail.com,Admin,Pizza Brócolis com bacon (pequena),"40,99",1,44,"144,32","33,8664516129","11,6580916667","11,6580916667","28,4413068228","34,3277773256","R$ 11,66 (28,44%)","1,2992208485",5,"27,2824083333","66,5586931772","R$ 27,28 (66,56%)","R$ 27,28 (66,56%)","636,9733969697","636,9733969697","636,9733969697","636,9733969697",,,,,,,,,,,,,,
jFDiA4WDQ92g42sZB..gGQ,cassianegonzales12@gmail.com,Admin,Pizza Brócolis com bacon (media),"50,99",1,44,"144,32","33,8664516129","14,6792138889","14,6792138889","28,7884171188","34,3277773256","R$ 14,68 (28,79%)","1,2992208485",5,"33,7612861111","66,2115828812","R$ 33,76 (66,21%)","R$ 33,76 (66,21%)","636,9733969697","636,9733969697","636,9733969697","636,9733969697",,,,,,,,,,,,,,
k5ttM.SWRXePkkINlRfhAw,cassianegonzales12@gmail.com,Admin,Pizza Brócolis com bacon (grande),"65,99",1,44,"144,32","33,8664516129","19,5967027778","19,5967027778","29,6964733714","34,3277773256","R$ 19,60 (29,70%)","1,2992208485",5,"43,0937972222","65,3035266286","R$ 43,09 (65,30%)","R$ 43,09 (65,30%)","636,9733969697","636,9733969697","636,9733969697","636,9733969697",,,,,,,,,,,,,,
2abzNjNxRNi4PeajVOvtNg,cassianegonzales12@gmail.com,Admin,Pizza Brócolis com bacon (extra grande),"76,99",1,44,"144,32","33,8664516129","25,3601761111","25,3601761111","32,9395715172","34,3277773256","R$ 25,36 (32,94%)","1,2992208485",5,"47,7803238889","62,0604284828","R$ 47,78 (62,06%)","R$ 47,78 (62,06%)","636,9733969697","636,9733969697","636,9733969697","636,9733969697",,,,,,,,,,,,,,
fXDfV5GTQ0mI2QiABqmLvw,cassianegonzales12@gmail.com,Admin,Pizza Calabresa Acebolada (pequena),"40,99",1,44,"144,32","33,8664516129","8,5913694444","8,5913694444","20,9596717357","34,3277773256","R$ 8,59 (20,96%)","1,2992208485",5,"30,3491305556","74,0403282643","R$ 30,35 (74,04%)","R$ 30,35 (74,04%)","636,9733969697","636,9733969697","636,9733969697","636,9733969697",,,,,,,,,,,,,,
AQpFWC-wRC6Ngzv-2y-swg,cassianegonzales12@gmail.com,Admin,Pizza Calabresa acebolada (media),"50,99",1,44,"144,32","33,8664516129","10,6342805556","10,6342805556","20,8556198383","34,3277773256","R$ 10,63 (20,86%)","1,2992208485",5,"37,8062194444","74,1443801617","R$ 37,81 (74,14%)","R$ 37,81 (74,14%)","636,9733969697","636,9733969697","636,9733969697","636,9733969697",,,,,,,,,,,,,,
X.6sVGA-Q-e2diBBkMF8pg,cassianegonzales12@gmail.com,Admin,Pizza Calabresa acebolada (grande),"65,99",1,44,"144,32","33,8664516129","15,0462583333","15,0462583333","22,8008157802","34,3277773256","R$ 15,05 (22,80%)","1,2992208485",5,"47,6442416667","72,1991842198","R$ 47,64 (72,20%)","R$ 47,64 (72,20%)","636,9733969697","636,9733969697","636,9733969697","636,9733969697",,,,,,,,,,,,,,
a-e35SrWsQEuc2Tdrda.4ew,cassianegonzales12@gmail.com,Admin,Pizza Calabresa acebolada (extra grande),"75,99",1,44,"144,32","33,8664516129","21,6196761111","21,6196761111","28,4506857627","34,3277773256","R$ 21,62 (28,45%)","1,2992208485",5,"50,5708238889","66,5493142373","R$ 50,57 (66,55%)","R$ 50,57 (66,55%)","636,9733969697","636,9733969697","636,9733969697","636,9733969697",,,,,,,,,,,,,,
UyiiU2.pRiKGUSvsBw6uHQ,cassianegonzales12@gmail.com,Admin,Pizza Calabresa com cream cheese (pequena),"40,99",1,44,"144,32","33,8664516129","11,7233694444","11,7233694444","28,6005597571","34,3277773256","R$ 11,72 (28,60%)","1,2992208485",5,"27,2171305556","66,3994402429","R$ 27,22 (66,40%)","R$ 27,22 (66,40%)","636,9733969697","636,9733969697","636,9733969697","636,9733969697",,,,,,,,,,,,,,
sLyfQrv-T4apCmmy8DjjpQ,cassianegonzales12@gmail.com,Admin,Pizza Calabresa com cream cheese (media),"50,99",1,44,"144,32","33,8664516129","13,7062805556","13,7062805556","26,8803305659","34,3277773256","R$ 13,71 (26,88%)","1,2992208485",5,"34,7342194444","68,1196694341","R$ 34,73 (68,12%)","R$ 34,73 (68,12%)","636,9733969697","636,9733969697","636,9733969697","636,9733969697",,,,,,,,,,,,,,
r22Zn3xjR-i0-5XeNxA7zg,cassianegonzales12@gmail.com,Admin,Pizza Calabresa com cream cheese (grande),"65,99",1,44,"144,32","33,8664516129","18,8862583333","18,8862583333","28,6198792746","34,3277773256","R$ 18,89 (28,62%)","1,2992208485",5,"43,8042416667","66,3801207254","R$ 43,80 (66,38%)","R$ 43,80 (66,38%)","636,9733969697","636,9733969697","636,9733969697","636,9733969697",,,,,,,,,,,,,,
JnKIADtxSO-1jKDotFHtxQ,cassianegonzales12@gmail.com,Admin,Pizza Calabresa com cream cheese (extra grande),"75,99",1,44,"144,32","33,8664516129","28,5916761111","28,5916761111","37,6255771958","34,3277773256","R$ 28,59 (37,63%)","1,2992208485",5,"43,5988238889","57,3744228042","R$ 43,60 (57,37%)","R$ 43,60 (57,37%)","636,9733969697","636,9733969697","636,9733969697","636,9733969697",,,,,,,,,,,,,,
qQ-SNdvEQdSoYsIQV7aZFg,cassianegonzales12@gmail.com,Admin,Pizza Calzone Aberto (pequena),"40,99",1,44,"144,32","33,8664516129","10,7963916667","10,7963916667","26,3390867691","34,3277773256","R$ 10,80 (26,34%)","1,2992208485",5,"28,1441083333","68,6609132309","R$ 28,14 (68,66%)","R$ 28,14 (68,66%)","636,9733969697","636,9733969697","636,9733969697","636,9733969697",,,,,,,,,,,,,,
YSVB89ZlTGOzgspqLcBT6A,cassianegonzales12@gmail.com,Admin,Pizza Calzone Aberto (media),"50,99",1,44,"144,32","33,8664516129","14,4676138889","14,4676138889","28,3734337888","34,3277773256","R$ 14,47 (28,37%)","1,2992208485",5,"33,9728861111","66,6265662112","R$ 33,97 (66,63%)","R$ 33,97 (66,63%)","636,9733969697","636,9733969697","636,9733969697","636,9733969697",,,,,,,,,,,,,,
k1l1eEuuTg6zO9gdCJLCDA,cassianegonzales12@gmail.com,Admin,Pizza Calzone Aberto (grande),"65,99",1,44,"144,32","33,8664516129","19,0683027778","19,0683027778","28,8957459884","34,3277773256","R$ 19,07 (28,90%)","1,2992208485",5,"43,6221972222","66,1042540116","R$ 43,62 (66,10%)","R$ 43,62 (66,10%)","636,9733969697","636,9733969697","636,9733969697","636,9733969697",,,,,,,,,,,,,,
5dHILnmrTw6fYXrko9sSAg,cassianegonzales12@gmail.com,Admin,Pizza Calzone Aberto (extra grande),"82,99",1,44,"144,32","33,8664516129","25,0633761111","25,0633761111","30,2004772998","34,3277773256","R$ 25,06 (30,20%)","1,2992208485",5,"53,7771238889","64,7995227002","R$ 53,78 (64,80%)","R$ 53,78 (64,80%)","636,9733969697","636,9733969697","636,9733969697","636,9733969697",,,,,,,,,,,,,,
J6B1sbebRa6m6Jna9F2TAg,cassianegonzales12@gmail.com,Admin,Pizza Calacatu (pequena),"40,99",1,44,"144,32","33,8664516129","10,2865694444","10,2865694444","25,0953145754","34,3277773256","R$ 10,29 (25,10%)","1,2992208485",5,"28,6539305556","69,9046854246","R$ 28,65 (69,90%)","R$ 28,65 (69,90%)","636,9733969697","636,9733969697","636,9733969697","636,9733969697",,,,,,,,,,,,,,
lDJM.SYhQmy4w3szS8vVtA,cassianegonzales12@gmail.com,Admin,Pizza Calacatu (media),"50,99",1,44,"144,32","33,8664516129","12,7787472222","12,7787472222","25,0612810791","34,3277773256","R$ 12,78 (25,06%)","1,2992208485",5,"35,6617527778","69,9387189209","R$ 35,66 (69,94%)","R$ 35,66 (69,94%)","636,9733969697","636,9733969697","636,9733969697","636,9733969697",,,,,,,,,,,,,,
oD2tKEX5QF6CgzNVe19z1Q,cassianegonzales12@gmail.com,Admin,Pizza Calacatu (grande),"65,99",1,44,"144,32","33,8664516129","18,3473916667","18,3473916667","27,8032909027","34,3277773256","R$ 18,35 (27,80%)","1,2992208485",5,"44,3431083333","67,1967090973","R$ 44,34 (67,20%)","R$ 44,34 (67,20%)","636,9733969697","636,9733969697","636,9733969697","636,9733969697",,,,,,,,,,,,,,
zjD9WHwESjGKlyzPLgjNHQ,cassianegonzales12@gmail.com,Admin,Pizza Calacatu Extra Grande),"75,99",1,44,"144,32","33,8664516129","25,6452761111","25,6452761111","33,7482249126","34,3277773256","R$ 25,65 (33,75%)","1,2992208485",5,"46,5452238889","61,2517750874","R$ 46,55 (61,25%)","R$ 46,55 (61,25%)","636,9733969697","636,9733969697","636,9733969697","636,9733969697",,,,,,,,,,,,,,
2jyaGd1NQfWUu2AS3hXWTQ,cassianegonzales12@gmail.com,Admin,Pizza Canadense (pequena),"40,99",1,44,"144,32","33,8664516129","12,2940916667","12,2940916667","29,9929047735","34,3277773256","R$ 12,29 (29,99%)","1,2992208485",5,"26,6464083333","65,0070952265","R$ 26,65 (65,01%)","R$ 26,65 (65,01%)","636,9733969697","636,9733969697","636,9733969697","636,9733969697",,,,,,,,,,,,,,
waKypQpqS5SzkLzkBhYdAA,cassianegonzales12@gmail.com,Admin,Pizza Canadense (media),"50,99",1,44,"144,32","33,8664516129","15,343825","15,343825","30,0918317317","34,3277773256","R$ 15,34 (30,09%)","1,2992208485",5,"33,096675","64,9081682683","R$ 33,10 (64,91%)","R$ 33,10 (64,91%)","636,9733969697","636,9733969697","636,9733969697","636,9733969697",,,,,,,,,,,,,,
k0u74Fj8Rm2L-4cDg5C9hg,cassianegonzales12@gmail.com,Admin,Pizza Canadense (grande),"65,99",1,44,"144,32","33,8664516129","22,6270361111","22,6270361111","34,288583287","34,3277773256","R$ 22,63 (34,29%)","1,2992208485",5,"40,0634638889","60,711416713","R$ 40,06 (60,71%)","R$ 40,06 (60,71%)","636,9733969697","636,9733969697","636,9733969697","636,9733969697",,,,,,,,,,,,,,
5zUg2STDSUKvphS8Ktv5WQ,cassianegonzales12@gmail.com,Admin,Pizza Canadense (extra grande),"76,99",1,44,"144,32","33,8664516129","29,7982205556","29,7982205556","38,7040142298","34,3277773256","R$ 29,80 (38,70%)","1,2992208485",5,"43,3422794444","56,2959857702","R$ 43,34 (56,30%)","R$ 43,34 (56,30%)","636,9733969697","636,9733969697","636,9733969697","636,9733969697",,,,,,,,,,,,,,
wLZTWe.pTmaSZCL3VG6Bng,cassianegonzales12@gmail.com,Admin,Pizza Catupiry com bacon (pequena),"40,99",1,44,"144,32","33,8664516129","10,9452027778","10,9452027778","26,7021292456","34,3277773256","R$ 10,95 (26,70%)","1,2992208485",5,"27,9952972222","68,2978707544","R$ 28,00 (68,30%)","R$ 28,00 (68,30%)","636,9733969697","636,9733969697","636,9733969697","636,9733969697",,,,,,,,,,,,,,
C-qjtCu9SuGKFxgx9S-TbA,cassianegonzales12@gmail.com,Admin,Pizza Catupiry com bacon (media),"50,99",1,44,"144,32","33,8664516129","13,4390472222","13,4390472222","26,3562408751","34,3277773256","R$ 13,44 (26,36%)","1,2992208485",5,"35,0014527778","68,6437591249","R$ 35,00 (68,64%)","R$ 35,00 (68,64%)","636,9733969697","636,9733969697","636,9733969697","636,9733969697",,,,,,,,,,,,,,
y9x86higRzy72ZbMZc69Ig,cassianegonzales12@gmail.com,Admin,Pizza Catupiry com bacon (grande),"65,99",1,44,"144,32","33,8664516129","20,9253694444","20,9253694444","31,7099097506","34,3277773256","R$ 20,93 (31,71%)","1,2992208485",5,"41,7651305556","63,2900902494","R$ 41,77 (63,29%)","R$ 41,77 (63,29%)","636,9733969697","636,9733969697","636,9733969697","636,9733969697",,,,,,,,,,,,,,
VRjQetb-RranFfFylNjYww,cassianegonzales12@gmail.com,Admin,Pizza Catupiry com bacon (extra grande),"75,99",1,44,"144,32","33,8664516129","24,8671094444","24,8671094444","32,724186662","34,3277773256","R$ 24,87 (32,72%)","1,2992208485",5,"47,3233905556","62,275813338","R$ 47,32 (62,28%)","R$ 47,32 (62,28%)","636,9733969697","636,9733969697","636,9733969697","636,9733969697",,,,,,,,,,,,,,
TAkM2-7tTDyGN3Vowv5P1A,cassianegonzales12@gmail.com,Admin,Pizza Catupiry especial (pequena),"40,99",1,44,"144,32","33,8664516129","11,787425","11,787425","28,7568309344","34,3277773256","R$ 11,79 (28,76%)","1,2992208485",5,"27,153075","66,2431690656","R$ 27,15 (66,24%)","R$ 27,15 (66,24%)","636,9733969697","636,9733969697","636,9733969697","636,9733969697",,,,,,,,,,,,,,
VljeWModTi2wWYIE29Bmeg,cassianegonzales12@gmail.com,Admin,Pizza Catupiry especial (média),"50,99",1,44,"144,32","33,8664516129","15,3772138889","15,3772138889","30,1573129808","34,3277773256","R$ 15,38 (30,16%)","1,2992208485",5,"33,0632861111","64,8426870192","R$ 33,06 (64,84%)","R$ 33,06 (64,84%)","636,9733969697","636,9733969697","636,9733969697","636,9733969697",,,,,,,,,,,,,,
MHP4rgEqRoKif.lacepeMA,cassianegonzales12@gmail.com,Admin,Pizza Catupiry especial (grande),"65,99",1,44,"144,32","33,8664516129","20,9253694444","20,9253694444","31,7099097506","34,3277773256","R$ 20,93 (31,71%)","1,2992208485",5,"41,7651305556","63,2900902494","R$ 41,77 (63,29%)","R$ 41,77 (63,29%)","636,9733969697","636,9733969697","636,9733969697","636,9733969697",,,,,,,,,,,,,,
8OpaIUR4TAK6GiSuypSpMA,cassianegonzales12@gmail.com,Admin,Pizza Catupiry especial (extra grande),"76,99",1,44,"144,32","33,8664516129","26,0480805556","26,0480805556","33,8330699514","34,3277773256","R$ 26,05 (33,83%)","1,2992208485",5,"47,0924194444","61,1669300486","R$ 47,09 (61,17%)","R$ 47,09 (61,17%)","636,9733969697","636,9733969697","636,9733969697","636,9733969697",,,,,,,,,,,,,,
W1IApWQARDWczLmru4yR4A,hojetembutiquim@gmail.com,Admin,fdsafdsa,151,1,44,"144,32","33,8664516129",,,,"34,3277773256", (),"1,2992208485",5,"143,45",95,"R$ 143,45 (95,00%)",,"636,9733969697","636,9733969697","636,9733969697","636,9733969697",,,,,,,,,,,,,,
FV2lwuLYSG2IhP4hwxGF8w,hojetembutiquim@gmail.com,Admin,fdsafdsas,15,1,44,"144,32","33,8664516129",,,,"34,3277773256", (),"1,2992208485",5,"14,25",95,"R$ 14,25 (95,00%)",,"636,9733969697","636,9733969697","636,9733969697","636,9733969697",,,,,,,,,,,,,,
mLmitQ3AQ52dvZADD2SEHQ,hojetembutiquim@gmail.com,Admin,dsafdsa,1,1,44,"144,32","33,8664516129",,,,"34,3277773256", (),"1,2992208485",5,"0,95",95,"R$ 0,95 (95,00%)",,"636,9733969697","636,9733969697","636,9733969697","636,9733969697",,,,,,,,,,,,,,
UrxUjHERQ7WGAjf1RgqodA,hojetembutiquim@gmail.com,Admin,fdsafdas,1,1,44,"144,32","33,8664516129",,,,"34,3277773256", (),"1,2992208485",5,"0,95",95,"R$ 0,95 (95,00%)",,"636,9733969697","636,9733969697","636,9733969697","636,9733969697",,,,,,,,,,,,,,
iPIoDDZgTFSdeevgj-oCYQ,paranalanches94@gmail.com,Admin,Promoção Combo Casal,"79,9",1,44,"144,32","33,8664516129","37,34","37,34","46,733416771","34,3277773256","R$ 37,34 (46,73%)","1,2992208485",5,"38,565","48,266583229","R$ 38,57 (48,27%)","R$ 38,57 (48,27%)","636,9733969697","636,9733969697","636,9733969697","636,9733969697",,,,,,,,,,,,,,
7zwXbTipTXefjDgVIZtI6A,cassianegonzales12@gmail.com,Admin,Pizza Caprese (pequena),"39,99",1,44,"144,32","33,8664516129","12,9562694444","12,9562694444","32,3987733044","34,3277773256","R$ 12,96 (32,40%)","1,2992208485",5,"25,0342305556","62,6012266956","R$ 25,03 (62,60%)","R$ 25,03 (62,60%)","636,9733969697","636,9733969697","636,9733969697","636,9733969697",,,,,,,,,,,,,,
F5AdAALGSS-n3-6XDGjGsA,cassianegonzales12@gmail.com,Admin,Pizza Caprese (media),"58,99",1,44,"144,32","33,8664516129","16,4358805556","16,4358805556","27,8621470682","34,3277773256","R$ 16,44 (27,86%)","1,2992208485",5,"39,6046194444","67,1378529318","R$ 39,60 (67,14%)","R$ 39,60 (67,14%)","636,9733969697","636,9733969697","636,9733969697","636,9733969697",,,,,,,,,,,,,,
Rl.GoIL2R0uhqIsNkLplDQ,cassianegonzales12@gmail.com,Admin,Pizza Caprese (grande),"70,99",1,44,"144,32","33,8664516129","23,0534583333","23,0534583333","32,4742334601","34,3277773256","R$ 23,05 (32,47%)","1,2992208485",5,"44,3870416667","62,5257665399","R$ 44,39 (62,53%)","R$ 44,39 (62,53%)","636,9733969697","636,9733969697","636,9733969697","636,9733969697",,,,,,,,,,,,,,
hEjBl1sNRcCtWZ-egvL6cA,cassianegonzales12@gmail.com,Admin,Pizza Caprese (extra grande),"93,99",1,44,"144,32","33,8664516129","29,5854761111","29,5854761111","31,4772594011","34,3277773256","R$ 29,59 (31,48%)","1,2992208485",5,"59,7050238889","63,5227405989","R$ 59,71 (63,52%)","R$ 59,71 (63,52%)","636,9733969697","636,9733969697","636,9733969697","636,9733969697",,,,,,,,,,,,,,
iecrt8EyR52PfSKkzY2uww,cassianegonzales12@gmail.com,Admin,Pizza Carne seca (pequena),"43,99",1,44,"144,32","33,8664516129","13,2143694444","13,2143694444","30,039484984","34,3277773256","R$ 13,21 (30,04%)","1,2992208485",5,"28,5761305556","64,960515016","R$ 28,58 (64,96%)","R$ 28,58 (64,96%)","636,9733969697","636,9733969697","636,9733969697","636,9733969697",,,,,,,,,,,,,,
fQHB3U-DRfS5ITE0G35iuQ,cassianegonzales12@gmail.com,Admin,Pizza Carne seca (media),"57,99",1,44,"144,32","33,8664516129","17,6015472222","17,6015472222","30,3527284398","34,3277773256","R$ 17,60 (30,35%)","1,2992208485",5,"37,4889527778","64,6472715602","R$ 37,49 (64,65%)","R$ 37,49 (64,65%)","636,9733969697","636,9733969697","636,9733969697","636,9733969697",,,,,,,,,,,,,,
F9S1ofmuRxSMyNh5pppG3A,cassianegonzales12@gmail.com,Admin,Pizza Carne seca (grande),"77,99",1,44,"144,32","33,8664516129","23,8353916667","23,8353916667","30,562112664","34,3277773256","R$ 23,84 (30,56%)","1,2992208485",5,"50,2551083333","64,437887336","R$ 50,26 (64,44%)","R$ 50,26 (64,44%)","636,9733969697","636,9733969697","636,9733969697","636,9733969697",,,,,,,,,,,,,,
dCEYcuSFSnqzLbyf8jrkPQ,cassianegonzales12@gmail.com,Admin,Pizza Carne seca (extra grande),"93,99",1,44,"144,32","33,8664516129","31,9414761111","31,9414761111","33,9839090447","34,3277773256","R$ 31,94 (33,98%)","1,2992208485",5,"57,3490238889","61,0160909553","R$ 57,35 (61,02%)","R$ 57,35 (61,02%)","636,9733969697","636,9733969697","636,9733969697","636,9733969697",,,,,,,,,,,,,,
ZvNx1c1DQKeUwSKp6pcukw,hojetembutiquim@gmail.com,Admin,file de frango,20,1,44,"144,32","33,8664516129",,,,"34,3277773256", (),"1,2992208485",5,19,95,"R$ 19,00 (95,00%)",,"636,9733969697","636,9733969697","636,9733969697","636,9733969697",,,,,,,,,,,,,,
LzNprAw2Q22oRusJpMXKdw,hojetembutiquim@gmail.com,Admin,dsafdasfds,1,1,44,"144,32","33,8664516129",,,,"34,3277773256", (),"1,2992208485",5,"0,95",95,"R$ 0,95 (95,00%)",,"636,9733969697","636,9733969697","636,9733969697","636,9733969697",,,,,,,,,,,,,,
owRF66skSAy1m4xUtGR4Ig,nilvanelopes@hotmail.com,Admin,lanche na cx,175,1,44,"144,32","33,8664516129","55,398","55,398","31,656","34,3277773256","R$ 55,40 (31,66%)","1,2992208485",5,"110,852","63,344","R$ 110,85 (63,34%)","R$ 110,85 (63,34%)","636,9733969697","636,9733969697","636,9733969697","636,9733969697",,,,,,,,,,,,,,
Af.LMd3vTOm4tevAaoKBbw,danielbuenobruno@gmail.com,Admin,Coca-cola lata,"8,5",1,44,"144,32","33,8664516129","3,39","3,39","39,8823529412","34,3277773256","R$ 3,39 (39,88%)","1,2992208485",5,"4,685","55,1176470588","R$ 4,69 (55,12%)","R$ 4,69 (55,12%)","636,9733969697","636,9733969697","636,9733969697","636,9733969697",,,,,,,,,,,,,,
kyx3aNAoRzGJcfTeaa5ZPA,cassianegonzales12@gmail.com,Admin,Pizza Carne Seca c/ cream cheese (pequena),"44,99",1,44,"144,32","33,8664516129","13,8483694444","13,8483694444","30,780994542","34,3277773256","R$ 13,85 (30,78%)","1,2992208485",5,"28,8921305556","64,219005458","R$ 28,89 (64,22%)","R$ 28,89 (64,22%)","636,9733969697","636,9733969697","636,9733969697","636,9733969697",,,,,,,,,,,,,,
zWEe.8T0TOSf1CP.Ox4xsw,cassianegonzales12@gmail.com,Admin,Pizza Carne Seca c/ cream cheese (medio),"58,99",1,44,"144,32","33,8664516129","18,3669805556","18,3669805556","31,1357527641","34,3277773256","R$ 18,37 (31,14%)","1,2992208485",5,"37,6735194444","63,8642472359","R$ 37,67 (63,86%)","R$ 37,67 (63,86%)","636,9733969697","636,9733969697","636,9733969697","636,9733969697",,,,,,,,,,,,,,
go36LeImSEeAvmps-wVWnA,cassianegonzales12@gmail.com,Admin,Pizza Carne Seca c/ cream cheese (grande),"77,99",1,44,"144,32","33,8664516129","24,6223583333","24,6223583333","31,5711736547","34,3277773256","R$ 24,62 (31,57%)","1,2992208485",5,"49,4681416667","63,4288263453","R$ 49,47 (63,43%)","R$ 49,47 (63,43%)","636,9733969697","636,9733969697","636,9733969697","636,9733969697",,,,,,,,,,,,,,
hhyX7ZL0S-Cjb8gpdO8g1g,cassianegonzales12@gmail.com,Admin,Pizza Carne Seca c/ cream cheese (extra grande),"93,99",1,44,"144,32","33,8664516129","33,5264761111","33,5264761111","35,6702586564","34,3277773256","R$ 33,53 (35,67%)","1,2992208485",5,"55,7640238889","59,3297413436","R$ 55,76 (59,33%)","R$ 55,76 (59,33%)","636,9733969697","636,9733969697","636,9733969697","636,9733969697",,,,,,,,,,,,,,
nAes-m0dRBKAarTgFW8I2w,verenaferraz26@gmail.com,Admin,PIZZA GRANDE DE CALABRESA,"74,9",1,44,"144,32","33,8664516129","26,8374","26,8374","35,8309746328","34,3277773256","R$ 26,84 (35,83%)","1,2992208485",5,"44,3176","59,1690253672","R$ 44,32 (59,17%)","R$ 44,32 (59,17%)","636,9733969697","636,9733969697","636,9733969697","636,9733969697",,,,,,,,,,,,,,
BEiE03YmRQ2bo1tpCjZe9g,verenaferraz26@gmail.com,Admin,PIZZA MUSSARELA GRANDE,"R$ 78,90",1,44,"144,32","33,8664516129","16,12084","16,12084","20,4319898606","34,3277773256","R$ 16,12 (20,43%)","1,2992208485",5,"58,83416","74,5680101394","R$ 58,83 (74,57%)","R$ 58,83 (74,57%)","636,9733969697","636,9733969697","636,9733969697","636,9733969697",,,,,,,,,,,,,,
LV6ZGCl8Q2uL2mEsHxk02Q,verenaferraz26@gmail.com,Admin,PIZZA BACON GRANDE,"R$ 87,90",1,44,"144,32","33,8664516129","23,72652","23,72652","26,9926279863","34,3277773256","R$ 23,73 (26,99%)","1,2992208485",5,"59,77848","68,0073720137","R$ 59,78 (68,01%)","R$ 59,78 (68,01%)","636,9733969697","636,9733969697","636,9733969697","636,9733969697",,,,,,,,,,,,,,
MIxIGNDuRiK6YOfTjpuJWQ,verenaferraz26@gmail.com,Admin,PIZZA MARGUERITA TRADICIONAL GRANDE,"R$ 87,90",1,44,"144,32","33,8664516129","18,19746","18,19746","20,7024573379","34,3277773256","R$ 18,20 (20,70%)","1,2992208485",5,"65,30754","74,2975426621","R$ 65,31 (74,30%)","R$ 65,31 (74,30%)","636,9733969697","636,9733969697","636,9733969697","636,9733969697",,,,,,,,,,,,,,
lDZr.PV0S6SFAFO4CGfTJg,verenaferraz26@gmail.com,Admin,PIZZA PORTUGUESA GRANDE,"R$ 87,90",1,44,"144,32","33,8664516129","26,4651","26,4651","30,1081911263","34,3277773256","R$ 26,47 (30,11%)","1,2992208485",5,"57,0399","64,8918088737","R$ 57,04 (64,89%)","R$ 57,04 (64,89%)","636,9733969697","636,9733969697","636,9733969697","636,9733969697",,,,,,,,,,,,,,
t41RFWEBRsmPgc1QKaGvuQ,verenaferraz26@gmail.com,Admin,PIZZA BAIANA GRANDE,"R$ 87,90",1,44,"144,32","33,8664516129","22,3505","22,3505","25,4271899886","34,3277773256","R$ 22,35 (25,43%)","1,2992208485",5,"61,1545","69,5728100114","R$ 61,15 (69,57%)","R$ 61,15 (69,57%)","636,9733969697","636,9733969697","636,9733969697","636,9733969697",,,,,,,,,,,,,,
w-zXhcy.TNG5ALUhG1sLVg,verenaferraz26@gmail.com,Admin,PIZZA FRANGO COM CATUPIRY GRANDE,"R$ 87,90",1,44,"144,32","33,8664516129","26,61088","26,61088","30,2740386803","34,3277773256","R$ 26,61 (30,27%)","1,2992208485",5,"56,89412","64,7259613197","R$ 56,89 (64,73%)","R$ 56,89 (64,73%)","636,9733969697","636,9733969697","636,9733969697","636,9733969697",,,,,,,,,,,,,,
A8Jor4k-Txq1QrugWqysMQ,verenaferraz26@gmail.com,Admin,PIZZA BROCOLIS GRANDE,"R$ 87,90",1,44,"144,32","33,8664516129","28,28062","28,28062","32,173629124","34,3277773256","R$ 28,28 (32,17%)","1,2992208485",5,"55,22438","62,826370876","R$ 55,22 (62,83%)","R$ 55,22 (62,83%)","636,9733969697","636,9733969697","636,9733969697","636,9733969697",,,,,,,,,,,,,,
a.pbdN2IGStuvglGgSzYCiw,verenaferraz26@gmail.com,Admin,PIZZA PAULO COTRIN GRANDE,"R$ 92,90",1,44,"144,32","33,8664516129","37,62556","37,62556","40,5011410118","34,3277773256","R$ 37,63 (40,50%)","1,2992208485",5,"50,62944","54,4988589882","R$ 50,63 (54,50%)","R$ 50,63 (54,50%)","636,9733969697","636,9733969697","636,9733969697","636,9733969697",,,,,,,,,,,,,,
QXTOWV69RRuPL8IMTO.RAw,verenaferraz26@gmail.com,Admin,PIZZA GONGORZOLA GRANDE,"R$ 94,90",1,44,"144,32","33,8664516129","28,54284","28,54284","30,0767544784","34,3277773256","R$ 28,54 (30,08%)","1,2992208485",5,"61,61216","64,9232455216","R$ 61,61 (64,92%)","R$ 61,61 (64,92%)","636,9733969697","636,9733969697","636,9733969697","636,9733969697",,,,,,,,,,,,,,
M8nheDosT7ed0Qmbfiummw,verenaferraz26@gmail.com,Admin,PIZZA ESCAROLA,"R$ 92,90",1,44,"144,32","33,8664516129","30,42","30,42","32,7448869752","34,3277773256","R$ 30,42 (32,74%)","1,2992208485",5,"57,835","62,2551130248","R$ 57,84 (62,26%)","R$ 57,84 (62,26%)","636,9733969697","636,9733969697","636,9733969697","636,9733969697",,,,,,,,,,,,,,
c7o1rTdQT2OvNC6469AusA,verenaferraz26@gmail.com,Admin,PIZZA ORIENTAL GRANDE,"R$ 92,90",1,44,"144,32","33,8664516129","35,53606","35,53606","38,2519483315","34,3277773256","R$ 35,54 (38,25%)","1,2992208485",5,"52,71894","56,7480516685","R$ 52,72 (56,75%)","R$ 52,72 (56,75%)","636,9733969697","636,9733969697","636,9733969697","636,9733969697",,,,,,,,,,,,,,
CKYPnF2UScSOHQJCSm3aww,verenaferraz26@gmail.com,Admin,PIZZA RÚCULA COM TOMATE SECO GRANDE,"R$ 93,90",1,44,"144,32","33,8664516129","23,10306","23,10306","24,6038977636","34,3277773256","R$ 23,10 (24,60%)","1,2992208485",5,"66,10194","70,3961022364","R$ 66,10 (70,40%)","R$ 66,10 (70,40%)","636,9733969697","636,9733969697","636,9733969697","636,9733969697",,,,,,,,,,,,,,
d7TBF0NzQTGPV21pTjg6zQ,verenaferraz26@gmail.com,Admin,PIZZA TUNA ESPECIALE GRANDE,"R$ 105,90",1,44,"144,32","33,8664516129","51,67934","51,67934","48,8001322002","34,3277773256","R$ 51,68 (48,80%)","1,2992208485",5,"48,92566","46,1998677998","R$ 48,93 (46,20%)","R$ 48,93 (46,20%)","636,9733969697","636,9733969697","636,9733969697","636,9733969697",,,,,,,,,,,,,,
9b40xmDqQ9mDHTvca.3Cvw,verenaferraz26@gmail.com,Admin,PIZZA DE ATUM GRANDE,"R$ 98,90",1,44,"144,32","33,8664516129","40,15032","40,15032","40,5968857432","34,3277773256","R$ 40,15 (40,60%)","1,2992208485",5,"53,80468","54,4031142568","R$ 53,80 (54,40%)","R$ 53,80 (54,40%)","636,9733969697","636,9733969697","636,9733969697","636,9733969697",,,,,,,,,,,,,,
S6-PRMWZQ8inGcOCBOFcOw,verenaferraz26@gmail.com,Admin,PIZZA DE CALABRESA COM CATUPIRY GRANDE,"R$ 88,90",1,44,"144,32","33,8664516129","23,09324","23,09324","25,976647919","34,3277773256","R$ 23,09 (25,98%)","1,2992208485",5,"61,36176","69,023352081","R$ 61,36 (69,02%)","R$ 61,36 (69,02%)","636,9733969697","636,9733969697","636,9733969697","636,9733969697",,,,,,,,,,,,,,
9JoyLDcTShSwgI5Wb61HRg,verenaferraz26@gmail.com,Admin,PIZZA TROPICAL LOMBO GRANDE,"R$ 82,90",1,44,"144,32","33,8664516129","26,7954","26,7954","32,3225572979","34,3277773256","R$ 26,80 (32,32%)","1,2992208485",5,"51,9596","62,6774427021","R$ 51,96 (62,68%)","R$ 51,96 (62,68%)","636,9733969697","636,9733969697","636,9733969697","636,9733969697",,,,,,,,,,,,,,
OhGkSKofRUyAFBzieEuHZg,verenaferraz26@gmail.com,Admin,PIZZA DE PALMITO GRANDE,"R$ 85,90",1,44,"144,32","33,8664516129","23,16632","23,16632","26,9689406286","34,3277773256","R$ 23,17 (26,97%)","1,2992208485",5,"58,43868","68,0310593714","R$ 58,44 (68,03%)","R$ 58,44 (68,03%)","636,9733969697","636,9733969697","636,9733969697","636,9733969697",,,,,,,,,,,,,,
qe9terwNRUSzP1FN8DMmbA,verenaferraz26@gmail.com,Admin,PIZZA DE PERU GRANDE,"R$ 89,90",1,44,"144,32","33,8664516129","26,82156","26,82156","29,8348832036","34,3277773256","R$ 26,82 (29,83%)","1,2992208485",5,"58,58344","65,1651167964","R$ 58,58 (65,17%)","R$ 58,58 (65,17%)","636,9733969697","636,9733969697","636,9733969697","636,9733969697",,,,,,,,,,,,,,
QFlIx.l8SjinJE3jMhctuQ,verenaferraz26@gmail.com,Admin,PIZZA SICILIANA GRANDE,"R$ 89,90",1,44,"144,32","33,8664516129","37,55422","37,55422","41,7733259177","34,3277773256","R$ 37,55 (41,77%)","1,2992208485",5,"47,85078","53,2266740823","R$ 47,85 (53,23%)","R$ 47,85 (53,23%)","636,9733969697","636,9733969697","636,9733969697","636,9733969697",,,,,,,,,,,,,,
Q9FbK88YSDWtDoISCJwn3Q,verenaferraz26@gmail.com,Admin,PIZZA NAPOLITANA GRANDE,"R$ 83,90",1,44,"144,32","33,8664516129","25,78004","25,78004","30,7271036949","34,3277773256","R$ 25,78 (30,73%)","1,2992208485",5,"53,92496","64,2728963051","R$ 53,92 (64,27%)","R$ 53,92 (64,27%)","636,9733969697","636,9733969697","636,9733969697","636,9733969697",,,,,,,,,,,,,,
Pwva9XCPRhSZcchnusoWzQ,verenaferraz26@gmail.com,Admin,PIZZA DA NONNA GRANDE,"R$ 88,90",1,44,"144,32","33,8664516129","18,72366","18,72366","21,0614848144","34,3277773256","R$ 18,72 (21,06%)","1,2992208485",5,"65,73134","73,9385151856","R$ 65,73 (73,94%)","R$ 65,73 (73,94%)","636,9733969697","636,9733969697","636,9733969697","636,9733969697",,,,,,,,,,,,,,
Rot8pjC6QceFTji6WxDu1A,verenaferraz26@gmail.com,Admin,PIZZA MARGUERITA BABBO GRANDE,"R$ 85,90",1,44,"144,32","33,8664516129","16,5759","16,5759","19,2967403958","34,3277773256","R$ 16,58 (19,30%)","1,2992208485",5,"65,0291","75,7032596042","R$ 65,03 (75,70%)","R$ 65,03 (75,70%)","636,9733969697","636,9733969697","636,9733969697","636,9733969697",,,,,,,,,,,,,,
g-tVrFLISOmNdM-spLun7Q,verenaferraz26@gmail.com,Admin,PIZZA PIZZAIOLO GRANDE,"R$ 88,90",1,44,"144,32","33,8664516129",,,,"34,3277773256", (),"1,2992208485",5,"84,455",95,"R$ 84,46 (95,00%)",,"636,9733969697","636,9733969697","636,9733969697","636,9733969697",,,,,,,,,,,,,,
dMwSPpSFT26CurOCBzV5WQ,verenaferraz26@gmail.com,Admin,PIZZA ABOBRINHA GRANDE,"R$ 88,90",1,44,"144,32","33,8664516129",,,,"34,3277773256", (),"1,2992208485",5,"84,455",95,"R$ 84,46 (95,00%)",,"636,9733969697","636,9733969697","636,9733969697","636,9733969697",,,,,,,,,,,,,,
IAqPOPfmRteBYuLfuEc4-g,verenaferraz26@gmail.com,Admin,PIZZA PAULISTANA GRANDE,"R$ 84,90",1,44,"144,32","33,8664516129",,,,"34,3277773256", (),"1,2992208485",5,"80,655",95,"R$ 80,66 (95,00%)",,"636,9733969697","636,9733969697","636,9733969697","636,9733969697",,,,,,,,,,,,,,
p8VApotJSDSge1DBoyu8mA,verenaferraz26@gmail.com,Admin,PIZZA QUATRO QUEIJOS GRANDE,"R$ 84,90",1,44,"144,32","33,8664516129",,,,"34,3277773256", (),"1,2992208485",5,"80,655",95,"R$ 80,66 (95,00%)",,"636,9733969697","636,9733969697","636,9733969697","636,9733969697",,,,,,,,,,,,,,
a73g5uSoSsiXnL2xsNvaEA,verenaferraz26@gmail.com,Admin,PIZZA NORDESTINA GRANDE,"R$ 92,90",1,44,"144,32","33,8664516129",,,,"34,3277773256", (),"1,2992208485",5,"88,255",95,"R$ 88,26 (95,00%)",,"636,9733969697","636,9733969697","636,9733969697","636,9733969697",,,,,,,,,,,,,,
dT5x8EykS3mJTpyAD9Ki6g,verenaferraz26@gmail.com,Admin,PIZZA PEPPERONI GRANDE,"R$ 92,90",1,44,"144,32","33,8664516129",,,,"34,3277773256", (),"1,2992208485",5,"88,255",95,"R$ 88,26 (95,00%)",,"636,9733969697","636,9733969697","636,9733969697","636,9733969697",,,,,,,,,,,,,,
ISeeGnx4RP-eqFCbzo3Aww,verenaferraz26@gmail.com,Admin,PIZZA ITALIANÍSSIMA,"R$ 88,90",1,44,"144,32","33,8664516129",,,,"34,3277773256", (),"1,2992208485",5,"84,455",95,"R$ 84,46 (95,00%)",,"636,9733969697","636,9733969697","636,9733969697","636,9733969697",,,,,,,,,,,,,,
XHZaNSCnTXaAmPYUYvMMwg,verenaferraz26@gmail.com,Admin,PIZZA CAMARÃO COM CREAM CHEEASE,"R$ 138,90",1,44,"144,32","33,8664516129",,,,"34,3277773256", (),"1,2992208485",5,"131,955",95,"R$ 131,96 (95,00%)",,"636,9733969697","636,9733969697","636,9733969697","636,9733969697",,,,,,,,,,,,,,
Uxpdd6f0TIilfgbneLm8IQ,verenaferraz26@gmail.com,Admin,PIZZA CAMARÃO COM CATUPIRY GRANDE,"R$ 138,90",1,44,"144,32","33,8664516129",,,,"34,3277773256", (),"1,2992208485",5,"131,955",95,"R$ 131,96 (95,00%)",,"636,9733969697","636,9733969697","636,9733969697","636,9733969697",,,,,,,,,,,,,,
a.CJoAcd1RJ6JizBW1We0qg,verenaferraz26@gmail.com,Admin,PIZZA BABBO GRANDE,"R$ 99,90",1,44,"144,32","33,8664516129",,,,"34,3277773256", (),"1,2992208485",5,"94,905",95,"R$ 94,91 (95,00%)",,"636,9733969697","636,9733969697","636,9733969697","636,9733969697",,,,,,,,,,,,,,
x-rSsTwmRouVc6TN6e1c8Q,verenaferraz26@gmail.com,Admin,PIZZA MIGNON BABBO GRANDE,"R$ 115,90",1,44,"144,32","33,8664516129",,,,"34,3277773256", (),"1,2992208485",5,"110,105",95,"R$ 110,11 (95,00%)",,"636,9733969697","636,9733969697","636,9733969697","636,9733969697",,,,,,,,,,,,,,
a.33uz0bSQ36dxF0u1dj2gQ,verenaferraz26@gmail.com,Admin,PIZZA MIGNON CATUPIRY GRANDE,"R$ 110,90",1,44,"144,32","33,8664516129",,,,"34,3277773256", (),"1,2992208485",5,"105,355",95,"R$ 105,36 (95,00%)",,"636,9733969697","636,9733969697","636,9733969697","636,9733969697",,,,,,,,,,,,,,
lYiY6nc0QWuoE66dOT6EWw,verenaferraz26@gmail.com,Admin,PIZZA IMPERIAL GRANDE,"R$ 95,90",1,44,"144,32","33,8664516129",,,,"34,3277773256", (),"1,2992208485",5,"91,105",95,"R$ 91,11 (95,00%)",,"636,9733969697","636,9733969697","636,9733969697","636,9733969697",,,,,,,,,,,,,,
TkmcEo41SKCwyQMncZK26g,verenaferraz26@gmail.com,Admin,PIZZA MARGUERITA TRADICIONAL PEQUENA,"R$ 64,90",1,44,"144,32","33,8664516129",,,,"34,3277773256", (),"1,2992208485",5,"61,655",95,"R$ 61,66 (95,00%)",,"636,9733969697","636,9733969697","636,9733969697","636,9733969697",,,,,,,,,,,,,,
D7HC5ZS0TwynPFjrPogHlQ,verenaferraz26@gmail.com,Admin,PIZZA MUSSARELA PEQUENA,"R$ 56,90",1,44,"144,32","33,8664516129",,,,"34,3277773256", (),"1,2992208485",5,"54,055",95,"R$ 54,06 (95,00%)",,"636,9733969697","636,9733969697","636,9733969697","636,9733969697",,,,,,,,,,,,,,
jF3a5ugYTTWL.n7NMNtuKg,verenaferraz26@gmail.com,Admin,PIZZA BACON PEQUENA,"R$ 64,90",1,44,"144,32","33,8664516129",,,,"34,3277773256", (),"1,2992208485",5,"61,655",95,"R$ 61,66 (95,00%)",,"636,9733969697","636,9733969697","636,9733969697","636,9733969697",,,,,,,,,,,,,,
sO6vH0w1SfWkg5uHTx4GoQ,verenaferraz26@gmail.com,Admin,PIZZA PORTUGUESA PEQUENA,"R$ 64,90",1,44,"144,32","33,8664516129",,,,"34,3277773256", (),"1,2992208485",5,"61,655",95,"R$ 61,66 (95,00%)",,"636,9733969697","636,9733969697","636,9733969697","636,9733969697",,,,,,,,,,,,,,
sP3aUeS9QrCsDKz8-Lpk-g,verenaferraz26@gmail.com,Admin,PIZZA CALABRESA PEQUENA,"R$ 64,90",1,44,"144,32","33,8664516129",,,,"34,3277773256", (),"1,2992208485",5,"61,655",95,"R$ 61,66 (95,00%)",,"636,9733969697","636,9733969697","636,9733969697","636,9733969697",,,,,,,,,,,,,,
FwYfQKFPTOab.gWxhrsEsA,verenaferraz26@gmail.com,Admin,PIZZA BAIANA PEQUENA,"R$ 64,90",1,44,"144,32","33,8664516129",,,,"34,3277773256", (),"1,2992208485",5,"61,655",95,"R$ 61,66 (95,00%)",,"636,9733969697","636,9733969697","636,9733969697","636,9733969697",,,,,,,,,,,,,,
Pnc6YPBxT42SsKOUSra.vA,verenaferraz26@gmail.com,Admin,PIZZA FRANGO COM CATUPIRY PEQUENA,"R$ 64,90",1,44,"144,32","33,8664516129",,,,"34,3277773256", (),"1,2992208485",5,"61,655",95,"R$ 61,66 (95,00%)",,"636,9733969697","636,9733969697","636,9733969697","636,9733969697",,,,,,,,,,,,,,
VQUwkNt1SG2W-KbrzVSpGw,verenaferraz26@gmail.com,Admin,PIZZA BROCOLIS PEQUENA,"R$ 64,90",1,44,"144,32","33,8664516129",,,,"34,3277773256", (),"1,2992208485",5,"61,655",95,"R$ 61,66 (95,00%)",,"636,9733969697","636,9733969697","636,9733969697","636,9733969697",,,,,,,,,,,,,,
bpxLve8QSX-gEesVRxQBPg,verenaferraz26@gmail.com,Admin,PIZZA PAULO COTRIN PEQUENA,"R$ 72,90",1,44,"144,32","33,8664516129",,,,"34,3277773256", (),"1,2992208485",5,"69,255",95,"R$ 69,26 (95,00%)",,"636,9733969697","636,9733969697","636,9733969697","636,9733969697",,,,,,,,,,,,,,
CKlKVK0CRYi68fMMZoKNQw,verenaferraz26@gmail.com,Admin,PIZZA GORGONZOLA PEQUENA,"R$ 66,90",1,44,"144,32","33,8664516129",,,,"34,3277773256", (),"1,2992208485",5,"63,555",95,"R$ 63,56 (95,00%)",,"636,9733969697","636,9733969697","636,9733969697","636,9733969697",,,,,,,,,,,,,,
TQFN5h1ETG-yvRqJooS3Xw,verenaferraz26@gmail.com,Admin,PIZZA ESCAROLA PEQUENA,"R$ 68,90",1,44,"144,32","33,8664516129",,,,"34,3277773256", (),"1,2992208485",5,"65,455",95,"R$ 65,46 (95,00%)",,"636,9733969697","636,9733969697","636,9733969697","636,9733969697",,,,,,,,,,,,,,
eztsgckPRNGp1U3VyRu5EA,verenaferraz26@gmail.com,Admin,PIZZA ORIENTAL PEQUENA,"R$ 72,90",1,44,"144,32","33,8664516129",,,,"34,3277773256", (),"1,2992208485",5,"69,255",95,"R$ 69,26 (95,00%)",,"636,9733969697","636,9733969697","636,9733969697","636,9733969697",,,,,,,,,,,,,,
b7kkfa9mRwWWTyXKmGGRxQ,verenaferraz26@gmail.com,Admin,PIZZA RÚCULA COM TOMATE SECO PEQUENA,"R$ 73,90",1,44,"144,32","33,8664516129",,,,"34,3277773256", (),"1,2992208485",5,"70,205",95,"R$ 70,21 (95,00%)",,"636,9733969697","636,9733969697","636,9733969697","636,9733969697",,,,,,,,,,,,,,
ao30IqV-RyuM05sL6LZehQ,verenaferraz26@gmail.com,Admin,PIZZA TUNA ESPECIALE PEQUENA,"R$ 87,90",1,44,"144,32","33,8664516129",,,,"34,3277773256", (),"1,2992208485",5,"83,505",95,"R$ 83,51 (95,00%)",,"636,9733969697","636,9733969697","636,9733969697","636,9733969697",,,,,,,,,,,,,,
L3WZCjsOQAaunwwCspnmeQ,verenaferraz26@gmail.com,Admin,PIZZA SUPREMA PEQUENA,"R$ 72,90",1,44,"144,32","33,8664516129",,,,"34,3277773256", (),"1,2992208485",5,"69,255",95,"R$ 69,26 (95,00%)",,"636,9733969697","636,9733969697","636,9733969697","636,9733969697",,,,,,,,,,,,,,
QbYtSfusTTCyImCiJiKF5g,verenaferraz26@gmail.com,Admin,PIZZA DE ATUM PEQUENA,"R$ 75,90",1,44,"144,32","33,8664516129",,,,"34,3277773256", (),"1,2992208485",5,"72,105",95,"R$ 72,11 (95,00%)",,"636,9733969697","636,9733969697","636,9733969697","636,9733969697",,,,,,,,,,,,,,
K7q9bCF5QbCHmMRaUhh0jg,verenaferraz26@gmail.com,Admin,PIZZA DE CALABRESA COM CATUPIRY PEQUENA,"R$ 88,90",1,44,"144,32","33,8664516129",,,,"34,3277773256", (),"1,2992208485",5,"84,455",95,"R$ 84,46 (95,00%)",,"636,9733969697","636,9733969697","636,9733969697","636,9733969697",,,,,,,,,,,,,,
6Bs-PDkNR3y6B6CFMxcJlw,verenaferraz26@gmail.com,Admin,PIZZA TROPICAL LOMBO PEQUENA,"R$ 66,90",1,44,"144,32","33,8664516129",,,,"34,3277773256", (),"1,2992208485",5,"63,555",95,"R$ 63,56 (95,00%)",,"636,9733969697","636,9733969697","636,9733969697","636,9733969697",,,,,,,,,,,,,,
VDDEf4J6S9WZuMIHmkmszw,verenaferraz26@gmail.com,Admin,PIZZA DE PALMITO PEQUENA,"R$ 65,90",1,44,"144,32","33,8664516129",,,,"34,3277773256", (),"1,2992208485",5,"62,605",95,"R$ 62,61 (95,00%)",,"636,9733969697","636,9733969697","636,9733969697","636,9733969697",,,,,,,,,,,,,,
GMfkvqm0TDqpPBAPjpWLFw,verenaferraz26@gmail.com,Admin,PIZZA DE PERU PEQUENA,"R$ 65,90",1,44,"144,32","33,8664516129",,,,"34,3277773256", (),"1,2992208485",5,"62,605",95,"R$ 62,61 (95,00%)",,"636,9733969697","636,9733969697","636,9733969697","636,9733969697",,,,,,,,,,,,,,
u.SMzMdzSRWEbraNu7xTSg,verenaferraz26@gmail.com,Admin,PIZZA SICILIANE PEQUENA,"R$ 68,90",1,44,"144,32","33,8664516129",,,,"34,3277773256", (),"1,2992208485",5,"65,455",95,"R$ 65,46 (95,00%)",,"636,9733969697","636,9733969697","636,9733969697","636,9733969697",,,,,,,,,,,,,,
efW-qXZtTHiFWZ.fgcuzGA,verenaferraz26@gmail.com,Admin,PIZZA NAPOLITANA PEQUENA,"R$ 58,90",1,44,"144,32","33,8664516129",,,,"34,3277773256", (),"1,2992208485",5,"55,955",95,"R$ 55,96 (95,00%)",,"636,9733969697","636,9733969697","636,9733969697","636,9733969697",,,,,,,,,,,,,,
ik5K7Z2nRgyLczgdSx.7Qw,verenaferraz26@gmail.com,Admin,PIZZA DA NONNA PEQUENA,"R$ 64,90",1,44,"144,32","33,8664516129",,,,"34,3277773256", (),"1,2992208485",5,"61,655",95,"R$ 61,66 (95,00%)",,"636,9733969697","636,9733969697","636,9733969697","636,9733969697",,,,,,,,,,,,,,
d7sYVXJLSw6NzFLY2-CJYA,verenaferraz26@gmail.com,Admin,PIZZA MARGUERITA BABBO PEQUENA,"R$ 63,90",1,44,"144,32","33,8664516129",,,,"34,3277773256", (),"1,2992208485",5,"60,705",95,"R$ 60,71 (95,00%)",,"636,9733969697","636,9733969697","636,9733969697","636,9733969697",,,,,,,,,,,,,,
2djgv.diQcaRawmhu-6Mag,verenaferraz26@gmail.com,Admin,PIZZA PIZZAIOLO PEQUENA,"R$ 65,90",1,44,"144,32","33,8664516129",,,,"34,3277773256", (),"1,2992208485",5,"62,605",95,"R$ 62,61 (95,00%)",,"636,9733969697","636,9733969697","636,9733969697","636,9733969697",,,,,,,,,,,,,,
ZubxU22pQiulAAU0WYPzaw,verenaferraz26@gmail.com,Admin,PIZZA ABOBRINHA PEQUENA,"R$ 68,90",1,44,"144,32","33,8664516129",,,,"34,3277773256", (),"1,2992208485",5,"65,455",95,"R$ 65,46 (95,00%)",,"636,9733969697","636,9733969697","636,9733969697","636,9733969697",,,,,,,,,,,,,,
qVsuYDraSAepL5IbdvlpZA,verenaferraz26@gmail.com,Admin,PIZZA PAULISTANA PEQUENA,"R$ 72,90",1,44,"144,32","33,8664516129",,,,"34,3277773256", (),"1,2992208485",5,"69,255",95,"R$ 69,26 (95,00%)",,"636,9733969697","636,9733969697","636,9733969697","636,9733969697",,,,,,,,,,,,,,
BvYMraiuSc-ktpB321twCA,verenaferraz26@gmail.com,Admin,PIZZA QUATRO QUEIJOS PEQUENA,"R$ 63,90",1,44,"144,32","33,8664516129",,,,"34,3277773256", (),"1,2992208485",5,"60,705",95,"R$ 60,71 (95,00%)",,"636,9733969697","636,9733969697","636,9733969697","636,9733969697",,,,,,,,,,,,,,
h4cjDJDySvOtqt3ocP-zgw,verenaferraz26@gmail.com,Admin,PIZZA NORDESTINA PEQUENA,"R$ 68,90",1,44,"144,32","33,8664516129",,,,"34,3277773256", (),"1,2992208485",5,"65,455",95,"R$ 65,46 (95,00%)",,"636,9733969697","636,9733969697","636,9733969697","636,9733969697",,,,,,,,,,,,,,
yfNdXLkDQomcgNXxixwIEA,verenaferraz26@gmail.com,Admin,PIZZA PEPPERONI PEQUENA,"R$ 68,90",1,44,"144,32","33,8664516129",,,,"34,3277773256", (),"1,2992208485",5,"65,455",95,"R$ 65,46 (95,00%)",,"636,9733969697","636,9733969697","636,9733969697","636,9733969697",,,,,,,,,,,,,,
alyTsGQsSjqq3BkGBGqGiQ,verenaferraz26@gmail.com,Admin,PIZZA ITALÍANISSIMA PEQUENA,"R$ 65,90",1,44,"144,32","33,8664516129",,,,"34,3277773256", (),"1,2992208485",5,"62,605",95,"R$ 62,61 (95,00%)",,"636,9733969697","636,9733969697","636,9733969697","636,9733969697",,,,,,,,,,,,,,
xunCHotBQj27OeUQhvs3Fg,verenaferraz26@gmail.com,Admin,PIZZA CAMARÃO COM CREAM CHEESE PEQUENA,"R$ 88,90",1,44,"144,32","33,8664516129",,,,"34,3277773256", (),"1,2992208485",5,"84,455",95,"R$ 84,46 (95,00%)",,"636,9733969697","636,9733969697","636,9733969697","636,9733969697",,,,,,,,,,,,,,
azBXkztVQx25oP1TikVlSQ,verenaferraz26@gmail.com,Admin,PIZZA CAMRÃO COM CATUPIRY PEQUENA,"R$ 66,90",1,44,"144,32","33,8664516129",,,,"34,3277773256", (),"1,2992208485",5,"63,555",95,"R$ 63,56 (95,00%)",,"636,9733969697","636,9733969697","636,9733969697","636,9733969697",,,,,,,,,,,,,,
whHQJLauSS2BBdbPyhB9VQ,verenaferraz26@gmail.com,Admin,PIZZA BABBO PEQUENA,"R$ 79,90",1,44,"144,32","33,8664516129",,,,"34,3277773256", (),"1,2992208485",5,"75,905",95,"R$ 75,91 (95,00%)",,"636,9733969697","636,9733969697","636,9733969697","636,9733969697",,,,,,,,,,,,,,
5NWwxf6.S2u1b85fTGcF7g,verenaferraz26@gmail.com,Admin,PIZZA MIGNON BABBO PEQUENO,"R$ 89,90",1,44,"144,32","33,8664516129",,,,"34,3277773256", (),"1,2992208485",5,"85,405",95,"R$ 85,41 (95,00%)",,"636,9733969697","636,9733969697","636,9733969697","636,9733969697",,,,,,,,,,,,,,
CKbOFYNDTqCEGIJ28pKB9Q,verenaferraz26@gmail.com,Admin,PIZZA MIGNON COM CATUPIRY PEQUENA,"R$ 88,90",1,44,"144,32","33,8664516129",,,,"34,3277773256", (),"1,2992208485",5,"84,455",95,"R$ 84,46 (95,00%)",,"636,9733969697","636,9733969697","636,9733969697","636,9733969697",,,,,,,,,,,,,,
Cov3-Vo2RAuCrSPwIw2.tg,verenaferraz26@gmail.com,Admin,PIZZA IMPERIAL PEQUENA,"R$ 75,90",1,44,"144,32","33,8664516129",,,,"34,3277773256", (),"1,2992208485",5,"72,105",95,"R$ 72,11 (95,00%)",,"636,9733969697","636,9733969697","636,9733969697","636,9733969697",,,,,,,,,,,,,,
ovg0dkO8RF2X4a3IrQ-b0w,cassianegonzales12@gmail.com,Admin,Pizza Cheddar com bacon (pequena),"37,99",1,44,"144,32","33,8664516129","9,5201027778","9,5201027778","25,0594966512","34,3277773256","R$ 9,52 (25,06%)","1,2992208485",5,"26,5703972222","69,9405033488","R$ 26,57 (69,94%)","R$ 26,57 (69,94%)","636,9733969697","636,9733969697","636,9733969697","636,9733969697",,,,,,,,,,,,,,
rSOf3i4BR4q3.1wvWQZgbw,cassianegonzales12@gmail.com,Admin,Pizza Cheddar com bacon (media),"45,99",1,44,"144,32","33,8664516129","11,9196305556","11,9196305556","25,9178746587","34,3277773256","R$ 11,92 (25,92%)","1,2992208485",5,"31,7708694444","69,0821253413","R$ 31,77 (69,08%)","R$ 31,77 (69,08%)","636,9733969697","636,9733969697","636,9733969697","636,9733969697",,,,,,,,,,,,,,
oOMd58uRRsCdH.TBUO5IAQ,cassianegonzales12@gmail.com,Admin,Pizza Cheddar com bacon (grande),"65,99",1,44,"144,32","33,8664516129","17,136725","17,136725","25,9686694954","34,3277773256","R$ 17,14 (25,97%)","1,2992208485",5,"45,553775","69,0313305046","R$ 45,55 (69,03%)","R$ 45,55 (69,03%)","636,9733969697","636,9733969697","636,9733969697","636,9733969697",,,,,,,,,,,,,,
ZTzOBqQYTN2f9F6OPg6WHw,cassianegonzales12@gmail.com,Admin,Pizza Cheddar com bacon (extra grande),"70,99",1,44,"144,32","33,8664516129","21,6391427778","21,6391427778","30,4819591179","34,3277773256","R$ 21,64 (30,48%)","1,2992208485",5,"45,8013572222","64,5180408821","R$ 45,80 (64,52%)","R$ 45,80 (64,52%)","636,9733969697","636,9733969697","636,9733969697","636,9733969697",,,,,,,,,,,,,,
yBwApnkWQ0OX4euBlDMl3g,cassianegonzales12@gmail.com,Admin,Pizza Escarola com bacon (pequena),"39,99",1,44,"144,32","33,8664516129","12,8012694444","12,8012694444","32,0111764052","34,3277773256","R$ 12,80 (32,01%)","1,2992208485",5,"25,1892305556","62,9888235948","R$ 25,19 (62,99%)","R$ 25,19 (62,99%)","636,9733969697","636,9733969697","636,9733969697","636,9733969697",,,,,,,,,,,,,,
OQr-0BuuTMeCtDCKtGc3AA,cassianegonzales12@gmail.com,Admin,Pizza Escarola com bacon (media),"46,99",1,44,"144,32","33,8664516129","15,6889805556","15,6889805556","33,3879135041","34,3277773256","R$ 15,69 (33,39%)","1,2992208485",5,"28,9515194444","61,6120864959","R$ 28,95 (61,61%)","R$ 28,95 (61,61%)","636,9733969697","636,9733969697","636,9733969697","636,9733969697",,,,,,,,,,,,,,
F5emIVV3R4q16hwZb4VUBg,cassianegonzales12@gmail.com,Admin,Pizza escarola com bacon (grande),"68,99",1,44,"144,32","33,8664516129","22,8525583333","22,8525583333","33,1244504034","34,3277773256","R$ 22,85 (33,12%)","1,2992208485",5,"42,6879416667","61,8755495966","R$ 42,69 (61,88%)","R$ 42,69 (61,88%)","636,9733969697","636,9733969697","636,9733969697","636,9733969697",,,,,,,,,,,,,,
wYiKUz46Sy26Pw.a7wmBIA,cassianegonzales12@gmail.com,Admin,Pizza Escarola com bacon (extra grande),"76,99",1,44,"144,32","33,8664516129","30,3909761111","30,3909761111","39,4739266283","34,3277773256","R$ 30,39 (39,47%)","1,2992208485",5,"42,7495238889","55,5260733717","R$ 42,75 (55,53%)","R$ 42,75 (55,53%)","636,9733969697","636,9733969697","636,9733969697","636,9733969697",,,,,,,,,,,,,,
8GSFz1y8SPWiSeDNHwdT2A,cassianegonzales12@gmail.com,Admin,Pizza Escarola com palmito (pequena),"37,99",1,44,"144,32","33,8664516129","10,7571027778","10,7571027778","28,3156166828","34,3277773256","R$ 10,76 (28,32%)","1,2992208485",5,"25,3333972222","66,6843833172","R$ 25,33 (66,68%)","R$ 25,33 (66,68%)","636,9733969697","636,9733969697","636,9733969697","636,9733969697",,,,,,,,,,,,,,
jGWnYqBJScGDAsvpNOz98g,cassianegonzales12@gmail.com,Admin,Pizza escarola com palmito (media),"45,99",1,44,"144,32","33,8664516129","15,3931027778","15,3931027778","33,4705431132","34,3277773256","R$ 15,39 (33,47%)","1,2992208485",5,"28,2973972222","61,5294568868","R$ 28,30 (61,53%)","R$ 28,30 (61,53%)","636,9733969697","636,9733969697","636,9733969697","636,9733969697",,,,,,,,,,,,,,
VCJN2EK5QNux9TjVrt0Lig,cassianegonzales12@gmail.com,Admin,Pizza Escarola com palmito (grande),"65,99",1,44,"144,32","33,8664516129","23,5625027778","23,5625027778","35,7061718105","34,3277773256","R$ 23,56 (35,71%)","1,2992208485",5,"39,1279972222","59,2938281895","R$ 39,13 (59,29%)","R$ 39,13 (59,29%)","636,9733969697","636,9733969697","636,9733969697","636,9733969697",,,,,,,,,,,,,,
65d9yOuBRkyt7Tmjil2gZg,cassianegonzales12@gmail.com,Admin,Pizza Escarola com palmito (extra grande),"74,99",1,44,"144,32","33,8664516129","28,8519205556","28,8519205556","38,4743573217","34,3277773256","R$ 28,85 (38,47%)","1,2992208485",5,"42,3885794444","56,5256426783","R$ 42,39 (56,53%)","R$ 42,39 (56,53%)","636,9733969697","636,9733969697","636,9733969697","636,9733969697",,,,,,,,,,,,,,
ztPOEz83S5mTivXsEPV-OA,cassianegonzales12@gmail.com,Admin,Pizza Especial (pequena),"38,99",1,44,"144,32","33,8664516129","10,4955194444","10,4955194444","26,9184904961","34,3277773256","R$ 10,50 (26,92%)","1,2992208485",5,"26,5449805556","68,0815095039","R$ 26,54 (68,08%)","R$ 26,54 (68,08%)","636,9733969697","636,9733969697","636,9733969697","636,9733969697",,,,,,,,,,,,,,
9KCeXXQKTvGgMtVsxKOoPQ,cassianegonzales12@gmail.com,Admin,Pizza Especial (media),"46,99",1,44,"144,32","33,8664516129","13,5016055556","13,5016055556","28,7329337211","34,3277773256","R$ 13,50 (28,73%)","1,2992208485",5,"31,1388944444","66,2670662789","R$ 31,14 (66,27%)","R$ 31,14 (66,27%)","636,9733969697","636,9733969697","636,9733969697","636,9733969697",,,,,,,,,,,,,,
Q8g6p3AJT-qThjPsuA.AUQ,cassianegonzales12@gmail.com,Admin,Pizza Especial (grande),"65,99",1,44,"144,32","33,8664516129","24,3347333333","24,3347333333","36,8763954134","34,3277773256","R$ 24,33 (36,88%)","1,2992208485",5,"38,3557666667","58,1236045866","R$ 38,36 (58,12%)","R$ 38,36 (58,12%)","636,9733969697","636,9733969697","636,9733969697","636,9733969697",,,,,,,,,,,,,,
a-nXsBMqKSN6TMSYG5bZZGw,cassianegonzales12@gmail.com,Admin,Pizza Especial (extra grande),"73,99",1,44,"144,32","33,8664516129","24,7693511111","24,7693511111","33,4766199637","34,3277773256","R$ 24,77 (33,48%)","1,2992208485",5,"45,5211488889","61,5233800363","R$ 45,52 (61,52%)","R$ 45,52 (61,52%)","636,9733969697","636,9733969697","636,9733969697","636,9733969697",,,,,,,,,,,,,,
Vh0CEajXQj-oAwk6umyDrw,cassianegonzales12@gmail.com,Admin,Pizza Frango com bacon (pequena),"38,99",1,44,"144,32","33,8664516129","10,8615194444","10,8615194444","27,8571927275","34,3277773256","R$ 10,86 (27,86%)","1,2992208485",5,"26,1789805556","67,1428072725","R$ 26,18 (67,14%)","R$ 26,18 (67,14%)","636,9733969697","636,9733969697","636,9733969697","636,9733969697",,,,,,,,,,,,,,
tgWsA.jFTV-5m1JU0I3v1Q,cassianegonzales12@gmail.com,Admin,Pizza Frango com bacon (media),"46,99",1,44,"144,32","33,8664516129","14,3506055556","14,3506055556","30,5397011184","34,3277773256","R$ 14,35 (30,54%)","1,2992208485",5,"30,2898944444","64,4602988816","R$ 30,29 (64,46%)","R$ 30,29 (64,46%)","636,9733969697","636,9733969697","636,9733969697","636,9733969697",,,,,,,,,,,,,,
r3wydd69TVihvb3VLjioVA,cassianegonzales12@gmail.com,Admin,Pizza Frango com bacon (grande),"63,99",1,44,"144,32","33,8664516129","19,5565583333","19,5565583333","30,5618976923","34,3277773256","R$ 19,56 (30,56%)","1,2992208485",5,"41,2339416667","64,4381023077","R$ 41,23 (64,44%)","R$ 41,23 (64,44%)","636,9733969697","636,9733969697","636,9733969697","636,9733969697",,,,,,,,,,,,,,
QJsIJ26jTM6sXo0ubF8kBQ,cassianegonzales12@gmail.com,Admin,Pizza Frango com bacon (extra grande),"74,99",1,44,"144,32","33,8664516129","25,9843511111","25,9843511111","34,6504215377","34,3277773256","R$ 25,98 (34,65%)","1,2992208485",5,"45,2561488889","60,3495784623","R$ 45,26 (60,35%)","R$ 45,26 (60,35%)","636,9733969697","636,9733969697","636,9733969697","636,9733969697",,,,,,,,,,,,,,
iGoTjQEnRTitBaYh4rDz5g,cassianegonzales12@gmail.com,Admin,Pizza Frango com catupiry (pequena),"39,99",1,44,"144,32","33,8664516129","12,3982069444","12,3982069444","31,0032681782","34,3277773256","R$ 12,40 (31,00%)","1,2992208485",5,"25,5922930556","63,9967318218","R$ 25,59 (64,00%)","R$ 25,59 (64,00%)","636,9733969697","636,9733969697","636,9733969697","636,9733969697",,,,,,,,,,,,,,
kbneEjiBSr-9Mta7-uGCBg,cassianegonzales12@gmail.com,Admin,Pizza Frango com catupiry (media),"48,99",1,44,"144,32","33,8664516129","15,0742930556","15,0742930556","30,7701429997","34,3277773256","R$ 15,07 (30,77%)","1,2992208485",5,"31,4662069444","64,2298570003","R$ 31,47 (64,23%)","R$ 31,47 (64,23%)","636,9733969697","636,9733969697","636,9733969697","636,9733969697",,,,,,,,,,,,,,
yyWYNmCzTXKBf8.ToaCkrA,cassianegonzales12@gmail.com,Admin,Pizza Frango com catupiry (grande),"65,99",1,44,"144,32","33,8664516129","20,2193777778","20,2193777778","30,6400633093","34,3277773256","R$ 20,22 (30,64%)","1,2992208485",5,"42,4711222222","64,3599366907","R$ 42,47 (64,36%)","R$ 42,47 (64,36%)","636,9733969697","636,9733969697","636,9733969697","636,9733969697",,,,,,,,,,,,,,
xaGEwRBFQQKaQepVaSy7HQ,cassianegonzales12@gmail.com,Admin,Pizza Frango com Catupiry (extra grande),"75,99",1,44,"144,32","33,8664516129","33,3780594444","33,3780594444","43,9242787794","34,3277773256","R$ 33,38 (43,92%)","1,2992208485",5,"38,8124405556","51,0757212206","R$ 38,81 (51,08%)","R$ 38,81 (51,08%)","636,9733969697","636,9733969697","636,9733969697","636,9733969697",,,,,,,,,,,,,,
4nPkl.QNT9mplEZ3j95Vzg,cassianegonzales12@gmail.com,Admin,Pizza Marguerita (pequena),"38,99",1,44,"144,32","33,8664516129","11,6063694444","11,6063694444","29,7675543587","34,3277773256","R$ 11,61 (29,77%)","1,2992208485",5,"25,4341305556","65,2324456413","R$ 25,43 (65,23%)","R$ 25,43 (65,23%)","636,9733969697","636,9733969697","636,9733969697","636,9733969697",,,,,,,,,,,,,,
bAqL6pa.T2qlJMIEI435MQ,cassianegonzales12@gmail.com,Admin,Pizza Marguerita (media),"48,99",1,44,"144,32","33,8664516129","14,0318805556","14,0318805556","28,6423363045","34,3277773256","R$ 14,03 (28,64%)","1,2992208485",5,"32,5086194444","66,3576636955","R$ 32,51 (66,36%)","R$ 32,51 (66,36%)","636,9733969697","636,9733969697","636,9733969697","636,9733969697",,,,,,,,,,,,,,
fyKmIQFwTGyGLcikHHofpw,cassianegonzales12@gmail.com,Admin,Pizza Marguerita (grande),"69,99",1,44,"144,32","33,8664516129","19,1722583333","19,1722583333","27,392853741","34,3277773256","R$ 19,17 (27,39%)","1,2992208485",5,"47,3182416667","67,607146259","R$ 47,32 (67,61%)","R$ 47,32 (67,61%)","636,9733969697","636,9733969697","636,9733969697","636,9733969697",,,,,,,,,,,,,,
JUxjJDiCQ3aR08lz2p2GnA,cassianegonzales12@gmail.com,Admin,Pizza Marguerita (extra grande),"79,99",1,44,"144,32","33,8664516129","24,9866761111","24,9866761111","31,2372497951","34,3277773256","R$ 24,99 (31,24%)","1,2992208485",5,"51,0038238889","63,7627502049","R$ 51,00 (63,76%)","R$ 51,00 (63,76%)","636,9733969697","636,9733969697","636,9733969697","636,9733969697",,,,,,,,,,,,,,
NliRJjUCSKyJ9oJp0inYmw,cassianegonzales12@gmail.com,Admin,Pizza Modão (pequena),"37,99",1,44,"144,32","33,8664516129","10,0013416667","10,0013416667","26,3262481355","34,3277773256","R$ 10,00 (26,33%)","1,2992208485",5,"26,0891583333","68,6737518645","R$ 26,09 (68,67%)","R$ 26,09 (68,67%)","636,9733969697","636,9733969697","636,9733969697","636,9733969697",,,,,,,,,,,,,,
V6FEDILATF-HCmGZ8d2KFA,cassianegonzales12@gmail.com,Admin,Pizza Modão (media),"48,99",1,44,"144,32","33,8664516129","12,9094833333","12,9094833333","26,3512621623","34,3277773256","R$ 12,91 (26,35%)","1,2992208485",5,"33,6310166667","68,6487378377","R$ 33,63 (68,65%)","R$ 33,63 (68,65%)","636,9733969697","636,9733969697","636,9733969697","636,9733969697",,,,,,,,,,,,,,
o2aFPDekQaqxhokwOePrXQ,cassianegonzales12@gmail.com,Admin,Pizza Modão (grande),"64,99",1,44,"144,32","33,8664516129","17,2764472222","17,2764472222","26,5832393018","34,3277773256","R$ 17,28 (26,58%)","1,2992208485",5,"44,4640527778","68,4167606982","R$ 44,46 (68,42%)","R$ 44,46 (68,42%)","636,9733969697","636,9733969697","636,9733969697","636,9733969697",,,,,,,,,,,,,,
tFGLlLB8SyKq-d6g2oKyjg,cassianegonzales12@gmail.com,Admin,Pizza Modão (extra grande),"76,99",1,44,"144,32","33,8664516129","21,6847955556","21,6847955556","28,1657300371","34,3277773256","R$ 21,68 (28,17%)","1,2992208485",5,"51,4557044444","66,8342699629","R$ 51,46 (66,83%)","R$ 51,46 (66,83%)","636,9733969697","636,9733969697","636,9733969697","636,9733969697",,,,,,,,,,,,,,
gXaqtMkuSFiOt2iyhfW8ZA,acessosistemahunter@gmail.com,Admin,Bolo Vulcão,35,1,44,"144,32","33,8664516129",,,,"34,3277773256", (),"1,2992208485",5,"33,25",95,"R$ 33,25 (95,00%)",,"636,9733969697","636,9733969697","636,9733969697","636,9733969697",,,,,,,,,,,,,,
n7iYOTrUTpSRkGVdVGRJiQ,damiaodoces@gmail.com,Admin,Hot Dog Tradicional,"15,9",1,44,"144,32","33,8664516129","4,44","4,44","27,9245283019","34,3277773256","R$ 4,44 (27,92%)","1,2992208485",5,"10,665","67,0754716981","R$ 10,67 (67,08%)","R$ 10,67 (67,08%)","636,9733969697","636,9733969697","636,9733969697","636,9733969697",,,,,,,,,,,,,,
2QhqgAw4SQaUa0qCFYmOdg,cassianegonzales12@gmail.com,Admin,Pizza Mussarela (pequena),"37,991",1,44,"144,32","33,8664516129","9,6763694444","9,6763694444","25,4701625239","34,3277773256","R$ 9,68 (25,47%)","1,2992208485",5,"26,4150805556","69,5298374761","R$ 26,42 (69,53%)","R$ 26,42 (69,53%)","636,9733969697","636,9733969697","636,9733969697","636,9733969697",,,,,,,,,,,,,,
zZO2MhGAQKyVuUHq-PGVyQ,cassianegonzales12@gmail.com,Admin,Pizza Mussarela (media),"45,99",1,44,"144,32","33,8664516129","11,1368805556","11,1368805556","24,2158742239","34,3277773256","R$ 11,14 (24,22%)","1,2992208485",5,"32,5536194444","70,7841257761","R$ 32,55 (70,78%)","R$ 32,55 (70,78%)","636,9733969697","636,9733969697","636,9733969697","636,9733969697",,,,,,,,,,,,,,
ps0JcvRVR4anJdnj04qVsg,cassianegonzales12@gmail.com,Admin,Pizza Mussarela (grande),"60,99",1,44,"144,32","33,8664516129","14,8132583333","14,8132583333","24,2880116959","34,3277773256","R$ 14,81 (24,29%)","1,2992208485",5,"43,1272416667","70,7119883041","R$ 43,13 (70,71%)","R$ 43,13 (70,71%)","636,9733969697","636,9733969697","636,9733969697","636,9733969697",,,,,,,,,,,,,,
aEzwN-ZmQmyLZyvcmpc9uA,cassianegonzales12@gmail.com,Admin,Pizza Mussarela (extra grande),"70,99",1,44,"144,32","33,8664516129","20,5874761111","20,5874761111","29,0005298086","34,3277773256","R$ 20,59 (29,00%)","1,2992208485",5,"46,8530238889","65,9994701914","R$ 46,85 (66,00%)","R$ 46,85 (66,00%)","636,9733969697","636,9733969697","636,9733969697","636,9733969697",,,,,,,,,,,,,,
ZkwFbSL2RXmFM7eT8mKeiA,cassianegonzales12@gmail.com,Admin,,,,44,"144,32","33,8664516129",,,,"34,3277773256", (),"1,2992208485",5,,, (),,"636,9733969697","636,9733969697","636,9733969697","636,9733969697",,,,,,,,,,,,,,
a-vMAvW60TKWW4NJ7xrNpWA,cassianegonzales12@gmail.com,Admin,,,,44,"144,32","33,8664516129",,,,"34,3277773256", (),"1,2992208485",5,,, (),,"636,9733969697","636,9733969697","636,9733969697","636,9733969697",,,,,,,,,,,,,,
QGUNXIgyQ9OM0nmB5H1cQA,cassianegonzales12@gmail.com,Admin,,,,44,"144,32","33,8664516129",,,,"34,3277773256", (),"1,2992208485",5,,, (),,"636,9733969697","636,9733969697","636,9733969697","636,9733969697",,,,,,,,,,,,,,
c90h8Jg4RxS8SeSElr.L1g,cassianegonzales12@gmail.com,Admin,,,,44,"144,32","33,8664516129",,,,"34,3277773256", (),"1,2992208485",5,,, (),,"636,9733969697","636,9733969697","636,9733969697","636,9733969697",,,,,,,,,,,,,,
a.UZ-BWfvQx6MgbVqdgOO1g,cassianegonzales12@gmail.com,Admin,Pizza Palmito (pequena),"37,99",1,44,"144,32","33,8664516129","8,2782583333","8,2782583333","21,7906247258","34,3277773256","R$ 8,28 (21,79%)","1,2992208485",5,"27,8122416667","73,2093752742","R$ 27,81 (73,21%)","R$ 27,81 (73,21%)","636,9733969697","636,9733969697","636,9733969697","636,9733969697",,,,,,,,,,,,,,
oTIgZtbQTNuv70hyNRYcvA,cassianegonzales12@gmail.com,Admin,Pizza Palmito (media),"45,99",1,44,"144,32","33,8664516129","10,2106361111","10,2106361111","22,2018615158","34,3277773256","R$ 10,21 (22,20%)","1,2992208485",5,"33,4798638889","72,7981384842","R$ 33,48 (72,80%)","R$ 33,48 (72,80%)","636,9733969697","636,9733969697","636,9733969697","636,9733969697",,,,,,,,,,,,,,
HHYPviVnTMeAXtOUFHKLKQ,cassianegonzales12@gmail.com,Admin,Pizza Palmito (grande),"60,99",1,44,"144,32","33,8664516129","17,374125","17,374125","28,4868421053","34,3277773256","R$ 17,37 (28,49%)","1,2992208485",5,"40,566375","66,5131578947","R$ 40,57 (66,51%)","R$ 40,57 (66,51%)","636,9733969697","636,9733969697","636,9733969697","636,9733969697",,,,,,,,,,,,,,
iByvGbY8T8OkzYtTpRUYQg,cassianegonzales12@gmail.com,Admin,Pizza Palmito (extra grande),"70,99",1,44,"144,32","33,8664516129","23,2400094444","23,2400094444","32,7370185159","34,3277773256","R$ 23,24 (32,74%)","1,2992208485",5,"44,2004905556","62,2629814841","R$ 44,20 (62,26%)","R$ 44,20 (62,26%)","636,9733969697","636,9733969697","636,9733969697","636,9733969697",,,,,,,,,,,,,,
CguFdkPbS.a3hwp993ELjw,cassianegonzales12@gmail.com,Admin,Pizza Mussarela c/ tomates secos (pequena),"38,99",1,44,"144,32","33,8664516129","11,3661694444","11,3661694444","29,1514989598","34,3277773256","R$ 11,37 (29,15%)","1,2992208485",5,"25,6743305556","65,8485010402","R$ 25,67 (65,85%)","R$ 25,67 (65,85%)","636,9733969697","636,9733969697","636,9733969697","636,9733969697",,,,,,,,,,,,,,
0EbUSZlkTT6.IHEb8ilK6Q,cassianegonzales12@gmail.com,Admin,Pizza Mussarela c/ tomates secos (media),"49,99",1,44,"144,32","33,8664516129","13,4318805556","13,4318805556","26,8691349381","34,3277773256","R$ 13,43 (26,87%)","1,2992208485",5,"34,0586194444","68,1308650619","R$ 34,06 (68,13%)","R$ 34,06 (68,13%)","636,9733969697","636,9733969697","636,9733969697","636,9733969697",,,,,,,,,,,,,,
CMaJzA0MRaSkF87gNP31IQ,cassianegonzales12@gmail.com,Admin,Pizza Mussarela c/ tomates secos (grande),"60,99",1,44,"144,32","33,8664516129","18,0162361111","18,0162361111","29,5396558634","34,3277773256","R$ 18,02 (29,54%)","1,2992208485",5,"39,9242638889","65,4603441366","R$ 39,92 (65,46%)","R$ 39,92 (65,46%)","636,9733969697","636,9733969697","636,9733969697","636,9733969697",,,,,,,,,,,,,,
rMOCZg7gS1mTj.ZUosumCg,cassianegonzales12@gmail.com,Admin,Pizza Mussarela c/ tomates secos (extra grande),"72,99",1,44,"144,32","33,8664516129","24,0928761111","24,0928761111","33,0084615853","34,3277773256","R$ 24,09 (33,01%)","1,2992208485",5,"45,2476238889","61,9915384147","R$ 45,25 (61,99%)","R$ 45,25 (61,99%)","636,9733969697","636,9733969697","636,9733969697","636,9733969697",,,,,,,,,,,,,,
YFYM8-OERIiM3FxX79kwsw,cassianegonzales12@gmail.com,Admin,Pizza Peperoni (pequena),"41,99",1,44,"144,32","33,8664516129","16,8447694444","16,8447694444","40,1161453785","34,3277773256","R$ 16,84 (40,12%)","1,2992208485",5,"23,0457305556","54,8838546215","R$ 23,05 (54,88%)","R$ 23,05 (54,88%)","636,9733969697","636,9733969697","636,9733969697","636,9733969697",,,,,,,,,,,,,,
B0QS-VluR4Sazv3K1WIxxg,cassianegonzales12@gmail.com,Admin,Pizza Peperoni (media),"52,99",1,44,"144,32","33,8664516129","20,4521472222","20,4521472222","38,5962393324","34,3277773256","R$ 20,45 (38,60%)","1,2992208485",5,"29,8883527778","56,4037606676","R$ 29,89 (56,40%)","R$ 29,89 (56,40%)","636,9733969697","636,9733969697","636,9733969697","636,9733969697",,,,,,,,,,,,,,
5.qkYnxFTYKcq-tmjYNQOg,cassianegonzales12@gmail.com,Admin,Pizza Peperoni (grande),"72,99",1,44,"144,32","33,8664516129","30,9363916667","30,9363916667","42,3844248071","34,3277773256","R$ 30,94 (42,38%)","1,2992208485",5,"38,4041083333","52,6155751929","R$ 38,40 (52,62%)","R$ 38,40 (52,62%)","636,9733969697","636,9733969697","636,9733969697","636,9733969697",,,,,,,,,,,,,,
F6-AfTnESDGgDAApUDAG.A,cassianegonzales12@gmail.com,Admin,Pizza Peperoni (extra grande),"87,99",1,44,"144,32","33,8664516129","36,6424761111","36,6424761111","41,6439096615","34,3277773256","R$ 36,64 (41,64%)","1,2992208485",5,"46,9480238889","53,3560903385","R$ 46,95 (53,36%)","R$ 46,95 (53,36%)","636,9733969697","636,9733969697","636,9733969697","636,9733969697",,,,,,,,,,,,,,
lFN7mdG1RqK3zha45dejOw,cassianegonzales12@gmail.com,Admin,Pizza Peruana (pequena),"39,99",1,44,"144,32","33,8664516129","12,0765916667","12,0765916667","30,1990289239","34,3277773256","R$ 12,08 (30,20%)","1,2992208485",5,"25,9139083333","64,8009710761","R$ 25,91 (64,80%)","R$ 25,91 (64,80%)","636,9733969697","636,9733969697","636,9733969697","636,9733969697",,,,,,,,,,,,,,
FBhWkPNOSduLCt0yg2.NmA,cassianegonzales12@gmail.com,Admin,Pizza Peruana (media),"48,99",1,44,"144,32","33,8664516129","15,4348805556","15,4348805556","31,5061860697","34,3277773256","R$ 15,43 (31,51%)","1,2992208485",5,"31,1056194444","63,4938139303","R$ 31,11 (63,49%)","R$ 31,11 (63,49%)","636,9733969697","636,9733969697","636,9733969697","636,9733969697",,,,,,,,,,,,,,
3A2EwmWOQh2EsNSEEpKJWg,cassianegonzales12@gmail.com,Admin,Pizza Peruana (grande),"65,99",1,44,"144,32","33,8664516129","22,7350361111","22,7350361111","34,4522444478","34,3277773256","R$ 22,74 (34,45%)","1,2992208485",5,"39,9554638889","60,5477555522","R$ 39,96 (60,55%)","R$ 39,96 (60,55%)","636,9733969697","636,9733969697","636,9733969697","636,9733969697",,,,,,,,,,,,,,
q3j6oeNYSlye1fMgl9.QxQ,cassianegonzales12@gmail.com,Admin,Pizza Peruana (extra grande),"76,99",1,44,"144,32","33,8664516129","29,1414761111","29,1414761111","37,8509885844","34,3277773256","R$ 29,14 (37,85%)","1,2992208485",5,"43,9990238889","57,1490114156","R$ 44,00 (57,15%)","R$ 44,00 (57,15%)","636,9733969697","636,9733969697","636,9733969697","636,9733969697",,,,,,,,,,,,,,
NEFXewFZRXW.c27g72Y9Tw,cassianegonzales12@gmail.com,Admin,Pizza Portuguesa (pequena),"39,99",1,44,"144,32","33,8664516129","10,8863916667","10,8863916667","27,2227848629","34,3277773256","R$ 10,89 (27,22%)","1,2992208485",5,"27,1041083333","67,7772151371","R$ 27,10 (67,78%)","R$ 27,10 (67,78%)","636,9733969697","636,9733969697","636,9733969697","636,9733969697",,,,,,,,,,,,,,
a-AORTa0fTUiQazMahaWe8w,cassianegonzales12@gmail.com,Admin,Pizza Portuguesa (media),"49,99",1,44,"144,32","33,8664516129","13,2241027778","13,2241027778","26,4534962548","34,3277773256","R$ 13,22 (26,45%)","1,2992208485",5,"34,2663972222","68,5465037452","R$ 34,27 (68,55%)","R$ 34,27 (68,55%)","636,9733969697","636,9733969697","636,9733969697","636,9733969697",,,,,,,,,,,,,,
Xe3M0BcRSFSRyNxU06-Zfg,cassianegonzales12@gmail.com,Admin,Pizza Portuguesa (grande),"62,99",1,44,"144,32","33,8664516129","17,9989916667","17,9989916667","28,5743636556","34,3277773256","R$ 18,00 (28,57%)","1,2992208485",5,"41,8415083333","66,4256363444","R$ 41,84 (66,43%)","R$ 41,84 (66,43%)","636,9733969697","636,9733969697","636,9733969697","636,9733969697",,,,,,,,,,,,,,
OnZV0lE1TqqT4lDzdlsaaQ,cassianegonzales12@gmail.com,Admin,Pizza Portuguesa (extra grande),"75,99",1,44,"144,32","33,8664516129","23,6669205556","23,6669205556","31,1447829393","34,3277773256","R$ 23,67 (31,14%)","1,2992208485",5,"48,5235794444","63,8552170607","R$ 48,52 (63,86%)","R$ 48,52 (63,86%)","636,9733969697","636,9733969697","636,9733969697","636,9733969697",,,,,,,,,,,,,,
NJOgmAVNThybmwprg7C0Bg,cassianegonzales12@gmail.com,Admin,Pizza Russa (pequena),"39,99",1,44,"144,32","33,8664516129","12,2721694444","12,2721694444","30,688095635","34,3277773256","R$ 12,27 (30,69%)","1,2992208485",5,"25,7183305556","64,311904365","R$ 25,72 (64,31%)","R$ 25,72 (64,31%)","636,9733969697","636,9733969697","636,9733969697","636,9733969697",,,,,,,,,,,,,,
7s5JIUdGT-aqog4bGYd-rA,cassianegonzales12@gmail.com,Admin,Pizza Russa (media),"49,99",1,44,"144,32","33,8664516129","15,6213472222","15,6213472222","31,2489442333","34,3277773256","R$ 15,62 (31,25%)","1,2992208485",5,"31,8691527778","63,7510557667","R$ 31,87 (63,75%)","R$ 31,87 (63,75%)","636,9733969697","636,9733969697","636,9733969697","636,9733969697",,,,,,,,,,,,,,
tf8dnPUASE6cFHnyluE.ig,cassianegonzales12@gmail.com,Admin,Pizza Russa (grande),"63,99",1,44,"144,32","33,8664516129","21,6453916667","21,6453916667","33,8262098245","34,3277773256","R$ 21,65 (33,83%)","1,2992208485",5,"39,1451083333","61,1737901755","R$ 39,15 (61,17%)","R$ 39,15 (61,17%)","636,9733969697","636,9733969697","636,9733969697","636,9733969697",,,,,,,,,,,,,,
hoqcQtKOTriSK33QlAmSCw,cassianegonzales12@gmail.com,Admin,Pizza Russa (extra grande),"78,99",1,44,"144,32","33,8664516129","29,2044761111","29,2044761111","36,9723713269","34,3277773256","R$ 29,20 (36,97%)","1,2992208485",5,"45,8360238889","58,0276286731","R$ 45,84 (58,03%)","R$ 45,84 (58,03%)","636,9733969697","636,9733969697","636,9733969697","636,9733969697",,,,,,,,,,,,,,
udb3yNO-S3mHwEQ7mbEbAQ,acessosistemahunter@gmail.com,Admin,Bolo de Pote,30,1,44,"144,32","33,8664516129","8,6375","8,6375","28,7916666667","34,3277773256","R$ 8,64 (28,79%)","1,2992208485",5,"19,8625","66,2083333333","R$ 19,86 (66,21%)","R$ 19,86 (66,21%)","636,9733969697","636,9733969697","636,9733969697","636,9733969697",,,,,,,,,,,,,,
a.F0qd70dRTGHsFBXz2eQdQ,cassianegonzales12@gmail.com,Admin,Pizza Hamburguer (pequena),"47,99",1,44,"144,32","33,8664516129","19,1069694444","19,1069694444","39,8144810261","34,3277773256","R$ 19,11 (39,81%)","1,2992208485",5,"26,4835305556","55,1855189739","R$ 26,48 (55,19%)","R$ 26,48 (55,19%)","636,9733969697","636,9733969697","636,9733969697","636,9733969697",,,,,,,,,,,,,,
Ps0zKEl4TVeXQClwcmoUQw,cassianegonzales12@gmail.com,Admin,Pizza Hamburguer (media),"66,99",1,44,"144,32","33,8664516129","24,3615472222","24,3615472222","36,3659459953","34,3277773256","R$ 24,36 (36,37%)","1,2992208485",5,"39,2789527778","58,6340540047","R$ 39,28 (58,63%)","R$ 39,28 (58,63%)","636,9733969697","636,9733969697","636,9733969697","636,9733969697",,,,,,,,,,,,,,
AvF2LsadRyKzmdrz0N4c6A,cassianegonzales12@gmail.com,Admin,Pizza Hamburguer (grande),"89,99",1,44,"144,32","33,8664516129","31,4735916667","31,4735916667","34,9745434678","34,3277773256","R$ 31,47 (34,97%)","1,2992208485",5,"54,0169083333","60,0254565322","R$ 54,02 (60,03%)","R$ 54,02 (60,03%)","636,9733969697","636,9733969697","636,9733969697","636,9733969697",,,,,,,,,,,,,,
DRZ3E8YWTXadpLP3NeEpZw,cassianegonzales12@gmail.com,Admin,Pizza Hamburguer (extra grande),"112,99",1,44,"144,32","33,8664516129","45,3514761111","45,3514761111","40,137601656","34,3277773256","R$ 45,35 (40,14%)","1,2992208485",5,"61,9890238889","54,862398344","R$ 61,99 (54,86%)","R$ 61,99 (54,86%)","636,9733969697","636,9733969697","636,9733969697","636,9733969697",,,,,,,,,,,,,,
UOyAj569TjKTaus6JhWoRg,cassianegonzales12@gmail.com,Admin,Pizza Strogonoff de Carne (pequena),"47,99",1,44,"144,32","33,8664516129","19,6260361111","19,6260361111","40,8960952513","34,3277773256","R$ 19,63 (40,90%)","1,2992208485",5,"25,9644638889","54,1039047487","R$ 25,96 (54,10%)","R$ 25,96 (54,10%)","636,9733969697","636,9733969697","636,9733969697","636,9733969697",,,,,,,,,,,,,,
5g2uYrMkS9mNjUDBSsIa4Q,cassianegonzales12@gmail.com,Admin,Pizza Strogonoff de carne (media),"66,99",1,44,"144,32","33,8664516129","27,0192138889","27,0192138889","40,3332047901","34,3277773256","R$ 27,02 (40,33%)","1,2992208485",5,"36,6212861111","54,6667952099","R$ 36,62 (54,67%)","R$ 36,62 (54,67%)","636,9733969697","636,9733969697","636,9733969697","636,9733969697",,,,,,,,,,,,,,
ZKHMFhtZR4uBY40Ft8jtNQ,cassianegonzales12@gmail.com,Admin,Pizza Strogonoff de carne (grande),"89,99",1,44,"144,32","33,8664516129","40,8938983333","40,8938983333","45,4427140053","34,3277773256","R$ 40,89 (45,44%)","1,2992208485",5,"44,5966016667","49,5572859947","R$ 44,60 (49,56%)","R$ 44,60 (49,56%)","636,9733969697","636,9733969697","636,9733969697","636,9733969697",,,,,,,,,,,,,,
hLimt3IiScSb2DFdZXHYMA,cassianegonzales12@gmail.com,Admin,Pizza Strogonoff de carne (extra grande),"112,99",1,44,"144,32","33,8664516129","55,6631427778","55,6631427778","49,2637780138","34,3277773256","R$ 55,66 (49,26%)","1,2992208485",5,"51,6773572222","45,7362219862","R$ 51,68 (45,74%)","R$ 51,68 (45,74%)","636,9733969697","636,9733969697","636,9733969697","636,9733969697",,,,,,,,,,,,,,
rloq1HQXQRiOAyxrZVXcpQ,cassianegonzales12@gmail.com,Admin,Pizza Strogonoff de frango (Pequena),"42,99",1,44,"144,32","33,8664516129","14,6260361111","14,6260361111","34,021949549","34,3277773256","R$ 14,63 (34,02%)","1,2992208485",5,"26,2144638889","60,978050451","R$ 26,21 (60,98%)","R$ 26,21 (60,98%)","636,9733969697","636,9733969697","636,9733969697","636,9733969697",,,,,,,,,,,,,,
iGWjNw49T1aZ.4s2Dfu4XA,cassianegonzales12@gmail.com,Admin,Pizza Strogonoff de frango (media),"56,99",1,44,"144,32","33,8664516129","19,5192138889","19,5192138889","34,2502437075","34,3277773256","R$ 19,52 (34,25%)","1,2992208485",5,"34,6212861111","60,7497562925","R$ 34,62 (60,75%)","R$ 34,62 (60,75%)","636,9733969697","636,9733969697","636,9733969697","636,9733969697",,,,,,,,,,,,,,
H5dS7cCSSYueEEFYv9ADlw,cassianegonzales12@gmail.com,Admin,Pizza Strogonoff de Frango (grande),"71,99",1,44,"144,32","33,8664516129","28,0072583333","28,0072583333","38,9043732926","34,3277773256","R$ 28,01 (38,90%)","1,2992208485",5,"40,3832416667","56,0956267074","R$ 40,38 (56,10%)","R$ 40,38 (56,10%)","636,9733969697","636,9733969697","636,9733969697","636,9733969697",,,,,,,,,,,,,,
PPk54VnlR9iIuEqAfF6NcQ,cassianegonzales12@gmail.com,Admin,Pizza de Strogonoff de Frango (extra grande),"97,99",1,44,"144,32","33,8664516129","38,9531427778","38,9531427778","39,7521612183","34,3277773256","R$ 38,95 (39,75%)","1,2992208485",5,"54,1373572222","55,2478387817","R$ 54,14 (55,25%)","R$ 54,14 (55,25%)","636,9733969697","636,9733969697","636,9733969697","636,9733969697",,,,,,,,,,,,,,
XRyxKNAVTEirygceAHZfqg,cassianegonzales12@gmail.com,Admin,Pizza Brigadeiro (pequena),"38,99",1,44,"144,32","33,8664516129","9,2366","9,2366","23,6896640164","34,3277773256","R$ 9,24 (23,69%)","1,2992208485",5,"27,8039","71,3103359836","R$ 27,80 (71,31%)","R$ 27,80 (71,31%)","636,9733969697","636,9733969697","636,9733969697","636,9733969697",,,,,,,,,,,,,,
uYTVt59mRxWZ8sebfVqsUw,cassianegonzales12@gmail.com,Admin,Pizza Brigadeiro (media),"48,99",1,44,"144,32","33,8664516129","11,3722","11,3722","23,2133088385","34,3277773256","R$ 11,37 (23,21%)","1,2992208485",5,"35,1683","71,7866911615","R$ 35,17 (71,79%)","R$ 35,17 (71,79%)","636,9733969697","636,9733969697","636,9733969697","636,9733969697",,,,,,,,,,,,,,
x15Bg7UbR.-M4418AddnGA,cassianegonzales12@gmail.com,Admin,Pizza Brigadeiro (grande),"63,99",1,44,"144,32","33,8664516129","15,6581","15,6581","24,4696046257","34,3277773256","R$ 15,66 (24,47%)","1,2992208485",5,"45,1324","70,5303953743","R$ 45,13 (70,53%)","R$ 45,13 (70,53%)","636,9733969697","636,9733969697","636,9733969697","636,9733969697",,,,,,,,,,,,,,
C-Etc84SQPOKMldNih.NHA,cassianegonzales12@gmail.com,Admin,Pizza Brigadeiro (extra grande),"75,99",1,44,"144,32","33,8664516129","20,46624","20,46624","26,9328069483","34,3277773256","R$ 20,47 (26,93%)","1,2992208485",5,"51,72426","68,0671930517","R$ 51,72 (68,07%)","R$ 51,72 (68,07%)","636,9733969697","636,9733969697","636,9733969697","636,9733969697",,,,,,,,,,,,,,
I6FQjemNSlGLNHW9InFJXA,cassianegonzales12@gmail.com,Admin,Pizza Chocolate com bombom (pequena),"37,99",1,44,"144,32","33,8664516129","10,0311","10,0311","26,4045801527","34,3277773256","R$ 10,03 (26,40%)","1,2992208485",5,"26,0594","68,5954198473","R$ 26,06 (68,60%)","R$ 26,06 (68,60%)","636,9733969697","636,9733969697","636,9733969697","636,9733969697","2,0424",,,,,,,,,,,,,
a.BftKOD-RvO2OJafzeTKPg,cassianegonzales12@gmail.com,Admin,Pizza Chocolate com bombom (media),"47,99",1,44,"144,32","33,8664516129","12,4478","12,4478","25,9383204834","34,3277773256","R$ 12,45 (25,94%)","1,2992208485",5,"33,1427","69,0616795166","R$ 33,14 (69,06%)","R$ 33,14 (69,06%)","636,9733969697","636,9733969697","636,9733969697","636,9733969697","2,553",,,,,,,,,,,,,
PBaM3LloRV2FrU9BmXDLIw,cassianegonzales12@gmail.com,Admin,Pizza Chocolate com Bombom (grande),"60,99",1,44,"144,32","33,8664516129","17,1156","17,1156","28,0629611412","34,3277773256","R$ 17,12 (28,06%)","1,2992208485",5,"40,8249","66,9370388588","R$ 40,82 (66,94%)","R$ 40,82 (66,94%)","636,9733969697","636,9733969697","636,9733969697","636,9733969697","3,8295",,,,,,,,,,,,,
CvrE3sQcS0afLnUtycJMTg,cassianegonzales12@gmail.com,Admin,Pizza Chocolate com bombom (extra grande),"70,99",1,44,"144,32","33,8664516129","20,85524","20,85524","29,3777151712","34,3277773256","R$ 20,86 (29,38%)","1,2992208485",5,"46,58526","65,6222848288","R$ 46,59 (65,62%)","R$ 46,59 (65,62%)","636,9733969697","636,9733969697","636,9733969697","636,9733969697","5,106",,,,,,,,,,,,,
jN6Iba13SjKJCuXk-lrIdw,cassianegonzales12@gmail.com,Admin,Pizza Nutella (P),"38,99",1,44,"144,32","33,8664516129","9,8426","9,8426","25,2439086945","34,3277773256","R$ 9,84 (25,24%)","1,2992208485",5,"27,1979","69,7560913055","R$ 27,20 (69,76%)","R$ 27,20 (69,76%)","636,9733969697","636,9733969697","636,9733969697","636,9733969697","2,0424",,,,,,,,,,,,,
vzeFPjsyRcimzD8-GZ216g,cassianegonzales12@gmail.com,Admin,Pizza Nutella (media),"48,99",1,44,"144,32","33,8664516129","13,6033","13,6033","27,7675035722","34,3277773256","R$ 13,60 (27,77%)","1,2992208485",5,"32,9372","67,2324964278","R$ 32,94 (67,23%)","R$ 32,94 (67,23%)","636,9733969697","636,9733969697","636,9733969697","636,9733969697","2,553",,,,,,,,,,,,,
2gDiWpUhTGWXPAM3tUbU2g,cassianegonzales12@gmail.com,Admin,Pizza Nutella (grande),"63,99",1,44,"144,32","33,8664516129","19,2916","19,2916","30,1478355993","34,3277773256","R$ 19,29 (30,15%)","1,2992208485",5,"41,4989","64,8521644007","R$ 41,50 (64,85%)","R$ 41,50 (64,85%)","636,9733969697","636,9733969697","636,9733969697","636,9733969697","5,106",,,,,,,,,,,,,
fEkig6IJQSWbaVJzSuPi7Q,cassianegonzales12@gmail.com,Admin,Pizza Nutella (extra grande),"75,99",1,44,"144,32","33,8664516129","23,09874","23,09874","30,397078563","34,3277773256","R$ 23,10 (30,40%)","1,2992208485",5,"49,09176","64,602921437","R$ 49,09 (64,60%)","R$ 49,09 (64,60%)","636,9733969697","636,9733969697","636,9733969697","636,9733969697","5,106",,,,,,,,,,,,,
NrjLs-uTQjesODq6tSDcIQ,cassianegonzales12@gmail.com,Admin,Pizza Prestigio (pequena),"38,99",1,44,"144,32","33,8664516129","9,3281","9,3281","23,9243395742","34,3277773256","R$ 9,33 (23,92%)","1,2992208485",5,"27,7124","71,0756604258","R$ 27,71 (71,08%)","R$ 27,71 (71,08%)","636,9733969697","636,9733969697","636,9733969697","636,9733969697",,,,,,,,,,,,,,
OlLor1UOTDW7-W0RsDYRaQ,cassianegonzales12@gmail.com,Admin,Pizza Prestigio (media),"48,99",1,44,"144,32","33,8664516129","12,0438","12,0438","24,5842008573","34,3277773256","R$ 12,04 (24,58%)","1,2992208485",5,"34,4967","70,4157991427","R$ 34,50 (70,42%)","R$ 34,50 (70,42%)","636,9733969697","636,9733969697","636,9733969697","636,9733969697",,,,,,,,,,,,,,
nMqHMRf7Q36uSz4Oon6J9g,cassianegonzales12@gmail.com,Admin,Pizza Prestigio (grande),"63,99",1,44,"144,32","33,8664516129","15,4106","15,4106","24,0828254415","34,3277773256","R$ 15,41 (24,08%)","1,2992208485",5,"45,3799","70,9171745585","R$ 45,38 (70,92%)","R$ 45,38 (70,92%)","636,9733969697","636,9733969697","636,9733969697","636,9733969697",,,,,,,,,,,,,,
ToBXIVyVSyuWbiRk-o1ddQ,cassianegonzales12@gmail.com,Admin,Pizza Prestigio (extra grande),"75,99",1,44,"144,32","33,8664516129","19,74824","19,74824","25,9879457823","34,3277773256","R$ 19,75 (25,99%)","1,2992208485",5,"52,44226","69,0120542177","R$ 52,44 (69,01%)","R$ 52,44 (69,01%)","636,9733969697","636,9733969697","636,9733969697","636,9733969697",,,,,,,,,,,,,,
rtjMy79jST-eBKpBhpzGjA,cassianegonzales12@gmail.com,Admin,Pizza Romeu e Julieta (pequena),"38,99",1,44,"144,32","33,8664516129","7,3654","7,3654","18,8904847397","34,3277773256","R$ 7,37 (18,89%)","1,2992208485",5,"29,6751","76,1095152603","R$ 29,68 (76,11%)","R$ 29,68 (76,11%)","636,9733969697","636,9733969697","636,9733969697","636,9733969697",,,,,,,,,,,,,,
bHHcghv8QYOKdqPuu1WIOg,cassianegonzales12@gmail.com,Admin,Pizza Romeu e Julieta (medio),"48,99",1,44,"144,32","33,8664516129","11,3708","11,3708","23,2104511125","34,3277773256","R$ 11,37 (23,21%)","1,2992208485",5,"35,1697","71,7895488875","R$ 35,17 (71,79%)","R$ 35,17 (71,79%)","636,9733969697","636,9733969697","636,9733969697","636,9733969697",,,,,,,,,,,,,,
LjuPynyNQb6RemhKJp1UhQ,cassianegonzales12@gmail.com,Admin,Pizza Romeu e Julieta (grande),"63,99",1,44,"144,32","33,8664516129","13,9398","13,9398","21,7843413033","34,3277773256","R$ 13,94 (21,78%)","1,2992208485",5,"46,8507","73,2156586967","R$ 46,85 (73,22%)","R$ 46,85 (73,22%)","636,9733969697","636,9733969697","636,9733969697","636,9733969697",,,,,,,,,,,,,,
W6nwUhbmTuC9oP6lrYWbZQ,cassianegonzales12@gmail.com,Admin,Pizza Romeu e Julieta (extra grande),"75,99",1,44,"144,32","33,8664516129","17,61024","17,61024","23,1744176865","34,3277773256","R$ 17,61 (23,17%)","1,2992208485",5,"54,58026","71,8255823135","R$ 54,58 (71,83%)","R$ 54,58 (71,83%)","636,9733969697","636,9733969697","636,9733969697","636,9733969697",,,,,,,,,,,,,,
YIz6wPjpR6WAR6R-wlQfyQ,cassianegonzales12@gmail.com,Admin,Pizza Banana Nevada (pequena),"38,99",1,44,"144,32","33,8664516129","10,7262666667","10,7262666667","27,5103017868","34,3277773256","R$ 10,73 (27,51%)","1,2992208485",5,"26,3142333333","67,4896982132","R$ 26,31 (67,49%)","R$ 26,31 (67,49%)","636,9733969697","636,9733969697","636,9733969697","636,9733969697",,,,,,,,,,,,,,
gSO68o6lRfOGEx-cEEHXWQ,cassianegonzales12@gmail.com,Admin,Pizza de Banana Nevada (media),"48,99",1,44,"144,32","33,8664516129","13,7403","13,7403","28,0471524801","34,3277773256","R$ 13,74 (28,05%)","1,2992208485",5,"32,8002","66,9528475199","R$ 32,80 (66,95%)","R$ 32,80 (66,95%)","636,9733969697","636,9733969697","636,9733969697","636,9733969697",,,,,,,,,,,,,,
nXb8TUPaRSy7k9TJIwPjUQ,cassianegonzales12@gmail.com,Admin,Pizza Banana Nevada (grande),"63,99",1,44,"144,32","33,8664516129","18,2967666667","18,2967666667","28,5931655988","34,3277773256","R$ 18,30 (28,59%)","1,2992208485",5,"42,4937333333","66,4068344012","R$ 42,49 (66,41%)","R$ 42,49 (66,41%)","636,9733969697","636,9733969697","636,9733969697","636,9733969697",,,,,,,,,,,,,,
1LQG1MweQw6C5JasPzWOzA,sushidosam@gmail.com,Admin,BURGUE DO SAM,"52,99",1,44,"144,32","33,8664516129","11,505915","11,505915","21,7133704473","34,3277773256","R$ 11,51 (21,71%)","1,2992208485",5,"38,834585","73,2866295527","R$ 38,83 (73,29%)","R$ 38,83 (73,29%)","636,9733969697","636,9733969697","636,9733969697","636,9733969697",,,,,,,,,,,,,,
ubj9lldTRTezzNKYL3Cuqw,cassianegonzales12@gmail.com,Admin,Pizza Banana Nevada (extra Grande),"75,99",1,44,"144,32","33,8664516129","22,3404066667","22,3404066667","29,3991402378","34,3277773256","R$ 22,34 (29,40%)","1,2992208485",5,"49,8500933333","65,6008597622","R$ 49,85 (65,60%)","R$ 49,85 (65,60%)","636,9733969697","636,9733969697","636,9733969697","636,9733969697",,,,,,,,,,,,,,
P4afPBuaRT2l6f-0IIM8wQ,sushidosam@gmail.com,Admin,BURGUER SUSHI,"44,99",1,44,"144,32","33,8664516129","9,929615","9,929615","22,0707157146","34,3277773256","R$ 9,93 (22,07%)","1,2992208485",5,"32,810885","72,9292842854","R$ 32,81 (72,93%)","R$ 32,81 (72,93%)","636,9733969697","636,9733969697","636,9733969697","636,9733969697",,,,,,,,,,,,,,
gjZvZb9CTa-A0NFQYpE.LQ,sushidosam@gmail.com,Admin,CEVICHE,"74,99",1,44,"144,32","33,8664516129","15,16779","15,16779","20,2264168556","34,3277773256","R$ 15,17 (20,23%)","1,2992208485",5,"56,07271","74,7735831444","R$ 56,07 (74,77%)","R$ 56,07 (74,77%)","636,9733969697","636,9733969697","636,9733969697","636,9733969697",,,,,,,,,,,,,,
H-QwSrCFSy2izRxN-5NsGA,sushidosam@gmail.com,Admin,HOSSOMAKI SALMAO,"24,99",1,44,"144,32","33,8664516129","4,62098","4,62098","18,4913165266","34,3277773256","R$ 4,62 (18,49%)","1,2992208485",5,"19,11952","76,5086834734","R$ 19,12 (76,51%)","R$ 19,12 (76,51%)","636,9733969697","636,9733969697","636,9733969697","636,9733969697",,,,,,,,,,,,,,
2Wd0cb4ET7arwFnCB0syXg,sushidosam@gmail.com,Admin,HOSSOMAKI SAL/GRELHADO,"23,99",1,44,"144,32","33,8664516129","5,21441","5,21441","21,735764902","34,3277773256","R$ 5,21 (21,74%)","1,2992208485",5,"17,57609","73,264235098","R$ 17,58 (73,26%)","R$ 17,58 (73,26%)","636,9733969697","636,9733969697","636,9733969697","636,9733969697",,,,,,,,,,,,,,
H2VEpirjQYeilosH0UnnLw,sushidosam@gmail.com,Admin,HOSSOMAKI SKIN,"21,99",1,44,"144,32","33,8664516129","3,82578","3,82578","17,3978171896","34,3277773256","R$ 3,83 (17,40%)","1,2992208485",5,"17,06472","77,6021828104","R$ 17,06 (77,60%)","R$ 17,06 (77,60%)","636,9733969697","636,9733969697","636,9733969697","636,9733969697",,,,,,,,,,,,,,
O3OJDLbvQIyE.sETHUMtxg,gleidson.tvrs@gmail.com,Admin,Nordestino + coca + batata,"39,9",1,44,"144,32","33,8664516129","11,1","11,1","27,8195488722","34,3277773256","R$ 11,10 (27,82%)","1,2992208485",5,"26,805","67,1804511278","R$ 26,81 (67,18%)","R$ 26,81 (67,18%)","636,9733969697","636,9733969697","636,9733969697","636,9733969697",,,,,,,,,,,,,,
yNI.4La0QgGTwVpJw71fGw,sushidosam@gmail.com,Admin,URAMAKI SALMAO GRELHADO,"32,99",1,44,"144,32","33,8664516129","7,60368","7,60368","23,0484389209","34,3277773256","R$ 7,60 (23,05%)","1,2992208485",5,"23,73682","71,9515610791","R$ 23,74 (71,95%)","R$ 23,74 (71,95%)","636,9733969697","636,9733969697","636,9733969697","636,9733969697",,,,,,,,,,,,,,
LiOKhylmR06F9eecKGgB3w,sushidosam@gmail.com,Admin,URAMAKI DE SALMAO,"32,99",1,44,"144,32","33,8664516129","7,22688","7,22688","21,9062746287","34,3277773256","R$ 7,23 (21,91%)","1,2992208485",5,"24,11362","73,0937253713","R$ 24,11 (73,09%)","R$ 24,11 (73,09%)","636,9733969697","636,9733969697","636,9733969697","636,9733969697",,,,,,,,,,,,,,
8DcqNE-LTwqBqd6C7K0Fog,sushidosam@gmail.com,Admin,SASHIMI DE SALMAO,"29,99",1,44,"144,32","33,8664516129","3,63698","3,63698","12,127309103","34,3277773256","R$ 3,64 (12,13%)","1,2992208485",5,"24,85352","82,872690897","R$ 24,85 (82,87%)","R$ 24,85 (82,87%)","636,9733969697","636,9733969697","636,9733969697","636,9733969697",,,,,,,,,,,,,,
KYwNjS8RQh2-opxMgNiE.Q,sushidosam@gmail.com,Admin,SASHIMI DE SALMAO MASSARICADO,"32,99",1,44,"144,32","33,8664516129","3,70898","3,70898","11,2427402243","34,3277773256","R$ 3,71 (11,24%)","1,2992208485",5,"27,63152","83,7572597757","R$ 27,63 (83,76%)","R$ 27,63 (83,76%)","636,9733969697","636,9733969697","636,9733969697","636,9733969697",,,,,,,,,,,,,,
GlnEnH5NQzOl4on7gz5odQ,sushidosam@gmail.com,Admin,NIGUIRI DE SALMAO,"27,99",1,44,"144,32","33,8664516129","3,20898","3,20898","11,4647374062","34,3277773256","R$ 3,21 (11,46%)","1,2992208485",5,"23,38152","83,5352625938","R$ 23,38 (83,54%)","R$ 23,38 (83,54%)","636,9733969697","636,9733969697","636,9733969697","636,9733969697",,,,,,,,,,,,,,
NyDFzuhJSTSDhyN-owFGhg,sushidosam@gmail.com,Admin,NIGUIRI SALMAO MASSARICADO,"31,99",1,44,"144,32","33,8664516129","3,95898","3,95898","12,3756799","34,3277773256","R$ 3,96 (12,38%)","1,2992208485",5,"26,43152","82,6243201","R$ 26,43 (82,62%)","R$ 26,43 (82,62%)","636,9733969697","636,9733969697","636,9733969697","636,9733969697",,,,,,,,,,,,,,
Wv9b.5cVTqKzJFPOUhfaGA,sushidosam@gmail.com,Admin,NIGUIRI SKIN,"24,99",1,44,"144,32","33,8664516129","4,21858","4,21858","16,881072429","34,3277773256","R$ 4,22 (16,88%)","1,2992208485",5,"19,52192","78,118927571","R$ 19,52 (78,12%)","R$ 19,52 (78,12%)","636,9733969697","636,9733969697","636,9733969697","636,9733969697",,,,,,,,,,,,,,
o.UiD2vETdCJ2Bqm2GQAlQ,sushidosam@gmail.com,Admin,JÔ DE SALMAO,"26,99",1,44,"144,32","33,8664516129","4,53798","4,53798","16,813560578","34,3277773256","R$ 4,54 (16,81%)","1,2992208485",5,"21,10252","78,186439422","R$ 21,10 (78,19%)","R$ 21,10 (78,19%)","636,9733969697","636,9733969697","636,9733969697","636,9733969697",,,,,,,,,,,,,,
Ggdi3Za2QIyBEiak-.IYqg,sushidosam@gmail.com,Admin,JÔ DE SALMAO MASSARICADO,"29,99",1,44,"144,32","33,8664516129","4,53798","4,53798","15,1316438813","34,3277773256","R$ 4,54 (15,13%)","1,2992208485",5,"23,95252","79,8683561187","R$ 23,95 (79,87%)","R$ 23,95 (79,87%)","636,9733969697","636,9733969697","636,9733969697","636,9733969697",,,,,,,,,,,,,,
KU76XAmkTGaPx6opDqsLDw,sushidosam@gmail.com,Admin,HOT ROLL DOCE,"21,99",1,44,"144,32","33,8664516129","5,58312","5,58312","25,3893587995","34,3277773256","R$ 5,58 (25,39%)","1,2992208485",5,"15,30738","69,6106412005","R$ 15,31 (69,61%)","R$ 15,31 (69,61%)","636,9733969697","636,9733969697","636,9733969697","636,9733969697",,,,,,,,,,,,,,
gzeiXu6ITjmMIUgJ83No.g,sushidosam@gmail.com,Admin,HOT ROLL SALMAO GRELHADO,"39,99",1,44,"144,32","33,8664516129","8,70648","8,70648","21,7716429107","34,3277773256","R$ 8,71 (21,77%)","1,2992208485",5,"29,28402","73,2283570893","R$ 29,28 (73,23%)","R$ 29,28 (73,23%)","636,9733969697","636,9733969697","636,9733969697","636,9733969697",,,,,,,,,,,,,,
EaFhQHghTmiNs3XgG--M.Q,sushidosam@gmail.com,Admin,HOT ROLL DO SAM,"44,99",1,44,"144,32","33,8664516129","9,05148","9,05148","20,1188708602","34,3277773256","R$ 9,05 (20,12%)","1,2992208485",5,"33,68902","74,8811291398","R$ 33,69 (74,88%)","R$ 33,69 (74,88%)","636,9733969697","636,9733969697","636,9733969697","636,9733969697",,,,,,,,,,,,,,
XqkUGIywRMWWvnlKNu5gwQ,sushidosam@gmail.com,Admin,TEMAKI HOT EMPANADO,"42,99",1,44,"144,32","33,8664516129","9,02118","9,02118","20,9843684578","34,3277773256","R$ 9,02 (20,98%)","1,2992208485",5,"31,81932","74,0156315422","R$ 31,82 (74,02%)","R$ 31,82 (74,02%)","636,9733969697","636,9733969697","636,9733969697","636,9733969697",,,,,,,,,,,,,,
9Lv6OdqpTV-w9A4TqcAuJw,sushidosam@gmail.com,Admin,TEMAKI DE SALMAO,"39,99",1,44,"144,32","33,8664516129","8,85888","8,85888","22,1527381845","34,3277773256","R$ 8,86 (22,15%)","1,2992208485",5,"29,13162","72,8472618155","R$ 29,13 (72,85%)","R$ 29,13 (72,85%)","636,9733969697","636,9733969697","636,9733969697","636,9733969697",,,,,,,,,,,,,,
dRtIZRVVSYq.SeVGunWDeA,sushidosam@gmail.com,Admin,TEMAKI DE SALMAO GRELHADO,"35,99",1,44,"144,32","33,8664516129","8,03258","8,03258","22,3189219228","34,3277773256","R$ 8,03 (22,32%)","1,2992208485",5,"26,15792","72,6810780772","R$ 26,16 (72,68%)","R$ 26,16 (72,68%)","636,9733969697","636,9733969697","636,9733969697","636,9733969697",,,,,,,,,,,,,,
Je8AU3-7Qm6zi7pDU-BvTw,sushidosam@gmail.com,Admin,TEMAKI SKIN,"24,99",1,44,"144,32","33,8664516129","5,41028","5,41028","21,649779912","34,3277773256","R$ 5,41 (21,65%)","1,2992208485",5,"18,33022","73,350220088","R$ 18,33 (73,35%)","R$ 18,33 (73,35%)","636,9733969697","636,9733969697","636,9733969697","636,9733969697",,,,,,,,,,,,,,
bjDxcxH6TGaRbF3HysSXUw,sushidosam@gmail.com,Admin,TEMAKI SEM ARROZ,"62,99",1,44,"144,32","33,8664516129","12,76988","12,76988","20,2728687093","34,3277773256","R$ 12,77 (20,27%)","1,2992208485",5,"47,07062","74,7271312907","R$ 47,07 (74,73%)","R$ 47,07 (74,73%)","636,9733969697","636,9733969697","636,9733969697","636,9733969697",,,,,,,,,,,,,,
zZ5Q11qFRV-Cnm-z3Hqwrg,sushidosam@gmail.com,Admin,HOT DOG ROLL SUSHI,"41,99",1,44,"144,32","33,8664516129","8,91578","8,91578","21,2331031198","34,3277773256","R$ 8,92 (21,23%)","1,2992208485",5,"30,97472","73,7668968802","R$ 30,97 (73,77%)","R$ 30,97 (73,77%)","636,9733969697","636,9733969697","636,9733969697","636,9733969697",,,,,,,,,,,,,,
6eNUoQBtQ3-dhG4iIOuKJw,sushidosam@gmail.com,Admin,HOT DOG ROLL DO SAM,"47,99",1,44,"144,32","33,8664516129","10,14148","10,14148","21,1324859346","34,3277773256","R$ 10,14 (21,13%)","1,2992208485",5,"35,44902","73,8675140654","R$ 35,45 (73,87%)","R$ 35,45 (73,87%)","636,9733969697","636,9733969697","636,9733969697","636,9733969697",,,,,,,,,,,,,,
weF8EhiJRvyXB8DZd-EPrw,sushidosam@gmail.com,Admin,COMBINADO DE SALMAO - 18 UN,"61,99",1,44,"144,32","33,8664516129","11,97188","11,97188","19,3125988063","34,3277773256","R$ 11,97 (19,31%)","1,2992208485",5,"46,91862","75,6874011937","R$ 46,92 (75,69%)","R$ 46,92 (75,69%)","636,9733969697","636,9733969697","636,9733969697","636,9733969697",,,,,,,,,,,,,,
qipvlbXrR--IUhPXavXrdw,sushidosam@gmail.com,Admin,COMBINADO EXECUTIVO - 17 UN,"54,99",1,44,"144,32","33,8664516129","11,83188","11,83188","21,5164211675","34,3277773256","R$ 11,83 (21,52%)","1,2992208485",5,"40,40862","73,4835788325","R$ 40,41 (73,48%)","R$ 40,41 (73,48%)","636,9733969697","636,9733969697","636,9733969697","636,9733969697",,,,,,,,,,,,,,
e1-luH5pQZyF39TFeidqkQ,sushidosam@gmail.com,Admin,COMBINADO FAMILIA - 50 UN,"134,99",1,44,"144,32","33,8664516129","36,78178","36,78178","27,2477813171","34,3277773256","R$ 36,78 (27,25%)","1,2992208485",5,"91,45872","67,7522186829","R$ 91,46 (67,75%)","R$ 91,46 (67,75%)","636,9733969697","636,9733969697","636,9733969697","636,9733969697",,,,,,,,,,,,,,
1B29eUOBQNSVRbtgdXlWaA,sushidosam@gmail.com,Admin,COMBINADO  MEGA SALMAO - 44 UN,"124,99",1,44,"144,32","33,8664516129","27,82178","27,82178","22,2592047364","34,3277773256","R$ 27,82 (22,26%)","1,2992208485",5,"90,91872","72,7407952636","R$ 90,92 (72,74%)","R$ 90,92 (72,74%)","636,9733969697","636,9733969697","636,9733969697","636,9733969697",,,,,,,,,,,,,,
i0IxacvyRkStkyv4bBTOKw,sushidosam@gmail.com,Admin,COMBINADO NADA CRU - 36 UN,"104,99",1,44,"144,32","33,8664516129","27,40178","27,40178","26,0994189923","34,3277773256","R$ 27,40 (26,10%)","1,2992208485",5,"72,33872","68,9005810077","R$ 72,34 (68,90%)","R$ 72,34 (68,90%)","636,9733969697","636,9733969697","636,9733969697","636,9733969697",,,,,,,,,,,,,,
zkLvIKkKSsCOwm0g37BNVw,sushidosam@gmail.com,Admin,COMBINADO SHOGUN - 18 UN,"55,99",1,44,"144,32","33,8664516129","12,20188","12,20188","21,7929630291","34,3277773256","R$ 12,20 (21,79%)","1,2992208485",5,"40,98862","73,2070369709","R$ 40,99 (73,21%)","R$ 40,99 (73,21%)","636,9733969697","636,9733969697","636,9733969697","636,9733969697",,,,,,,,,,,,,,
p0Zg1uXfQZ6t9u2y.2On1A,sushidosam@gmail.com,Admin,COMBINADO SUSHI - 20 UN,"58,99",1,44,"144,32","33,8664516129","12,92188","12,92188","21,9052042719","34,3277773256","R$ 12,92 (21,91%)","1,2992208485",5,"43,11862","73,0947957281","R$ 43,12 (73,09%)","R$ 43,12 (73,09%)","636,9733969697","636,9733969697","636,9733969697","636,9733969697",,,,,,,,,,,,,,
PM0hsJTETku-.H4j-jUAYA,sushidosam@gmail.com,Admin,COMBINADO TAKASHI - 36 UN,"109,99",1,44,"144,32","33,8664516129","25,90198","25,90198","23,5493953996","34,3277773256","R$ 25,90 (23,55%)","1,2992208485",5,"78,58852","71,4506046004","R$ 78,59 (71,45%)","R$ 78,59 (71,45%)","636,9733969697","636,9733969697","636,9733969697","636,9733969697",,,,,,,,,,,,,,
0cN6ZJ9ESIaTMQNU1oqRlw,jhonesburgerbr@gmail.com,Admin,BIG SMASH,"41,99",1,44,"144,32","33,8664516129","14,83","14,83","35,3179328412","34,3277773256","R$ 14,83 (35,32%)","1,2992208485",5,"25,0605","59,6820671588","R$ 25,06 (59,68%)","R$ 25,06 (59,68%)","636,9733969697","636,9733969697","636,9733969697","636,9733969697",,,,,,,,,,,,,,
BSpw9V9SQo6Tnhw5BGnqXg,sushidosam@gmail.com,Admin,POKE DE SALMAO GRELHADO,"59,99",1,44,"144,32","33,8664516129","13,01013","13,01013","21,6871645274","34,3277773256","R$ 13,01 (21,69%)","1,2992208485",5,"43,98037","73,3128354726","R$ 43,98 (73,31%)","R$ 43,98 (73,31%)","636,9733969697","636,9733969697","636,9733969697","636,9733969697",,,,,,,,,,,,,,
x3eiY3I6QPiy93z0ycY9ZA,sushidosam@gmail.com,Admin,SUNOMONO,"14,99",1,44,"144,32","33,8664516129","2,88198","2,88198","19,2260173449","34,3277773256","R$ 2,88 (19,23%)","1,2992208485",5,"11,35852","75,7739826551","R$ 11,36 (75,77%)","R$ 11,36 (75,77%)","636,9733969697","636,9733969697","636,9733969697","636,9733969697",,,,,,,,,,,,,,
Zdl3WAmDQRCPMNeB7E-fHA,sushidosam@gmail.com,Admin,POKE DE SALMAO,"59,99",1,44,"144,32","33,8664516129","14,27093","14,27093","23,7888481414","34,3277773256","R$ 14,27 (23,79%)","1,2992208485",5,"42,71957","71,2111518586","R$ 42,72 (71,21%)","R$ 42,72 (71,21%)","636,9733969697","636,9733969697","636,9733969697","636,9733969697",,,,,,,,,,,,,,
klAtoD0dSkyn0s.q3i85hA,sushidosam@gmail.com,Admin,TARÊ MITSUWA SACHÊ 250 UND,"0,79",1,44,"144,32","33,8664516129","0,14","0,14","17,7215189873","34,3277773256","R$ 0,14 (17,72%)","1,2992208485",5,"0,6105","77,2784810127","R$ 0,61 (77,28%)","R$ 0,61 (77,28%)","636,9733969697","636,9733969697","636,9733969697","636,9733969697",,,,,,,,,,,,,,
11x2rnE4SAmFak4ff0kYkw,sushidosam@gmail.com,Admin,SHOYU,"0,79",1,44,"144,32","33,8664516129","0,14","0,14","17,7215189873","34,3277773256","R$ 0,14 (17,72%)","1,2992208485",5,"0,6105","77,2784810127","R$ 0,61 (77,28%)","R$ 0,61 (77,28%)","636,9733969697","636,9733969697","636,9733969697","636,9733969697",,,,,,,,,,,,,,
Z7f7.DClSfWWtFaCOLG--A,sushidosam@gmail.com,Admin,HASHI PAR,"0,99",1,44,"144,32","33,8664516129","0,1","0,1","10,101010101","34,3277773256","R$ 0,10 (10,10%)","1,2992208485",5,"0,8405","84,898989899","R$ 0,84 (84,90%)","R$ 0,84 (84,90%)","636,9733969697","636,9733969697","636,9733969697","636,9733969697",,,,,,,,,,,,,,
Pnhs5ag4RfuI4if0d-bXFA,sushidosam@gmail.com,Admin,ADAPTADOR HASHI,"0,99",1,44,"144,32","33,8664516129","0,05","0,05","5,0505050505","34,3277773256","R$ 0,05 (5,05%)","1,2992208485",5,"0,8905","89,9494949495","R$ 0,89 (89,95%)","R$ 0,89 (89,95%)","636,9733969697","636,9733969697","636,9733969697","636,9733969697",,,,,,,,,,,,,,
7INT8z.6SO2nON26A8DxZQ,sushidosam@gmail.com,Admin,REFRIGERANTE GUARANA ANTARTICA 350ml,"8,99",1,44,"144,32","33,8664516129","3,38","3,38","37,5973303671","34,3277773256","R$ 3,38 (37,60%)","1,2992208485",5,"5,1605","57,4026696329","R$ 5,16 (57,40%)","R$ 5,16 (57,40%)","636,9733969697","636,9733969697","636,9733969697","636,9733969697",,,,,,,,,,,,,,
IFEqf3h6S2GkBYoOjRI8SA,sushidosam@gmail.com,Admin,REFRIGERANTE FANTA LARANJA 350ml,"8,99",1,44,"144,32","33,8664516129","3,59","3,59","39,9332591769","34,3277773256","R$ 3,59 (39,93%)","1,2992208485",5,"4,9505","55,0667408231","R$ 4,95 (55,07%)","R$ 4,95 (55,07%)","636,9733969697","636,9733969697","636,9733969697","636,9733969697",,,,,,,,,,,,,,
QiDA7bfITOmXz50oFtSMug,sushidosam@gmail.com,Admin,REFRIGERANTE FANTA UVA 350ml,"8,99",1,44,"144,32","33,8664516129","3,59","3,59","39,9332591769","34,3277773256","R$ 3,59 (39,93%)","1,2992208485",5,"4,9505","55,0667408231","R$ 4,95 (55,07%)","R$ 4,95 (55,07%)","636,9733969697","636,9733969697","636,9733969697","636,9733969697",,,,,,,,,,,,,,
hGYRTwkcQe6V4Fxm4J3dhg,sushidosam@gmail.com,Admin,COCA COLA LATA 350ml,"8,99",1,44,"144,32","33,8664516129","3,63","3,63","40,3781979978","34,3277773256","R$ 3,63 (40,38%)","1,2992208485",5,"4,9105","54,6218020022","R$ 4,91 (54,62%)","R$ 4,91 (54,62%)","636,9733969697","636,9733969697","636,9733969697","636,9733969697",,,,,,,,,,,,,,
emAwLxGCTdu3dhBYzYDzBw,sushidosam@gmail.com,Admin,REFRIGERANTE COCA COLA 2L,"20,99",1,44,"144,32","33,8664516129","10,59","10,59","50,4525964745","34,3277773256","R$ 10,59 (50,45%)","1,2992208485",5,"9,3505","44,5474035255","R$ 9,35 (44,55%)","R$ 9,35 (44,55%)","636,9733969697","636,9733969697","636,9733969697","636,9733969697",,,,,,,,,,,,,,
VjfodPLaRNqtH81Mw3XJUg,sushidosam@gmail.com,Admin,REFRIGERANTE GUARANA ANTARTICA 2L,"20,99",100,44,"144,32","33,8664516129","9,63","0,0963","0,4587899","34,3277773256","R$ 0,10 (0,46%)","1,2992208485",5,"19,8442","94,5412101","R$ 19,84 (94,54%)","R$ 19,84 (94,54%)","636,9733969697","636,9733969697","636,9733969697","636,9733969697",,,,,,,,,,,,,,
V7OuXPFiRRWKrRAYObl1OQ,sushidosam@gmail.com,Admin,REFRIGERANTE FANTA LARANJA 2L,"20,99",1,44,"144,32","33,8664516129","9,99","9,99","47,594092425","34,3277773256","R$ 9,99 (47,59%)","1,2992208485",5,"9,9505","47,405907575","R$ 9,95 (47,41%)","R$ 9,95 (47,41%)","636,9733969697","636,9733969697","636,9733969697","636,9733969697",,,,,,,,,,,,,,
vgMF70wfQAiLs7.zLFKIUQ,sushidosam@gmail.com,Admin,REFRIGERANTE FANTA UVA 2L,"20,99",1,44,"144,32","33,8664516129","9,99","9,99","47,594092425","34,3277773256","R$ 9,99 (47,59%)","1,2992208485",5,"9,9505","47,405907575","R$ 9,95 (47,41%)","R$ 9,95 (47,41%)","636,9733969697","636,9733969697","636,9733969697","636,9733969697",,,,,,,,,,,,,,
clKiefSsS6uz.yfUuGbAig,jhonesburgerbr@gmail.com,Admin,JHONE'S BURGER HOUSE,"35,99",1,44,"144,32","33,8664516129","11,785","11,785","32,7452070019","34,3277773256","R$ 11,79 (32,75%)","1,2992208485",5,"22,4055","62,2547929981","R$ 22,41 (62,25%)","R$ 22,41 (62,25%)","636,9733969697","636,9733969697","636,9733969697","636,9733969697",,,,,,,,,,,,,,
W8czxNlSQb6iwrrqLy04vg,jhonesburgerbr@gmail.com,Admin,ORIGINAL SMASH,"33,99",1,44,"144,32","33,8664516129","13,1575","13,1575","38,7099146808","34,3277773256","R$ 13,16 (38,71%)","1,2992208485",5,"19,133","56,2900853192","R$ 19,13 (56,29%)","R$ 19,13 (56,29%)","636,9733969697","636,9733969697","636,9733969697","636,9733969697",,,,,,,,,,,,,,
a.Q7qlj-cSd-2nZbfrbrcxg,jhonesburgerbr@gmail.com,Admin,BACON BURGER SALAD,"42,99",1,44,"144,32","33,8664516129","12,58","12,58","29,2626192138","34,3277773256","R$ 12,58 (29,26%)","1,2992208485",5,"28,2605","65,7373807862","R$ 28,26 (65,74%)","R$ 28,26 (65,74%)","636,9733969697","636,9733969697","636,9733969697","636,9733969697",,,,,,,,,,,,,,
p1enLrUDQZupyE08Bmwb5Q,jhonesburgerbr@gmail.com,Admin,BIG JHONE'S,"41,99",1,44,"144,32","33,8664516129","16,74","16,74","39,8666349131","34,3277773256","R$ 16,74 (39,87%)","1,2992208485",5,"23,1505","55,1333650869","R$ 23,15 (55,13%)","R$ 23,15 (55,13%)","636,9733969697","636,9733969697","636,9733969697","636,9733969697",,,,,,,,,,,,,,
wJpvJFf6TPyKDQx-zqCzVQ,jhonesburgerbr@gmail.com,Admin,DUPLO CHEDDAR BACON,"41,99",1,44,"144,32","33,8664516129","18,1497","18,1497","43,2238628245","34,3277773256","R$ 18,15 (43,22%)","1,2992208485",5,"21,7408","51,7761371755","R$ 21,74 (51,78%)","R$ 21,74 (51,78%)","636,9733969697","636,9733969697","636,9733969697","636,9733969697",,,,,,,,,,,,,,
p9NzecUcQWSXLyZ9MsoXaw,jhonesburgerbr@gmail.com,Admin,COSTELA BURGER,"42,99",1,44,"144,32","33,8664516129","16,5","16,5","38,3810188416","34,3277773256","R$ 16,50 (38,38%)","1,2992208485",5,"24,3405","56,6189811584","R$ 24,34 (56,62%)","R$ 24,34 (56,62%)","636,9733969697","636,9733969697","636,9733969697","636,9733969697",,,,,,,,,,,,,,
sDk45XqZSzaFLMnZnfLRAA,sushidosam@gmail.com,Admin,COMBO SAKURA,"96,99",1,44,"144,32","33,8664516129","26,47376","26,47376","27,2953500361","34,3277773256","R$ 26,47 (27,30%)","1,2992208485",5,"65,66674","67,7046499639","R$ 65,67 (67,70%)","R$ 65,67 (67,70%)","636,9733969697","636,9733969697","636,9733969697","636,9733969697",,,,,,,,,,,,,,
H.c12u4gRrGNx7lYApYucw,sushidosam@gmail.com,Admin,COMBO YAKI DUO,"92,99",1,44,"144,32","33,8664516129","23,87376","23,87376","25,6734702656","34,3277773256","R$ 23,87 (25,67%)","1,2992208485",5,"64,46674","69,3265297344","R$ 64,47 (69,33%)","R$ 64,47 (69,33%)","636,9733969697","636,9733969697","636,9733969697","636,9733969697",,,,,,,,,,,,,,
3gm.0G2lTuu-syGH.UCK-A,sushidosam@gmail.com,Admin,COMBO SUMO,"98,99",1,44,"144,32","33,8664516129","24,06876","24,06876","24,3143347813","34,3277773256","R$ 24,07 (24,31%)","1,2992208485",5,"69,97174","70,6856652187","R$ 69,97 (70,69%)","R$ 69,97 (70,69%)","636,9733969697","636,9733969697","636,9733969697","636,9733969697",,,,,,,,,,,,,,
Pr5eRol4TBSQ-EXBsZJ7dA,sushidosam@gmail.com,Admin,COMBO SAKANÁ,"110,99",1,44,"144,32","33,8664516129","26,47376","26,47376","23,8523830976","34,3277773256","R$ 26,47 (23,85%)","1,2992208485",5,"78,96674","71,1476169024","R$ 78,97 (71,15%)","R$ 78,97 (71,15%)","636,9733969697","636,9733969697","636,9733969697","636,9733969697",,,,,,,,,,,,,,
mL80ekG5RQqnOrBgbl8LXw,efraimmoveis@gmail.com,Admin,Pizza 35 cm calabresa,43,1,44,"144,32","33,8664516129","17,3743333333","17,3743333333","40,4054263566","34,3277773256","R$ 17,37 (40,41%)","1,2992208485",5,"23,4756666667","54,5945736434","R$ 23,48 (54,59%)","R$ 23,48 (54,59%)","636,9733969697","636,9733969697","636,9733969697","636,9733969697",,,,,,,,,,,,,,
yRsCUYjTR26YVMqPcvUKZw,efraimmoveis@gmail.com,Admin,pizza 35cm mussarela,45,1,44,"144,32","33,8664516129","15,6563333333","15,6563333333","34,7918518519","34,3277773256","R$ 15,66 (34,79%)","1,2992208485",5,"27,0936666667","60,2081481481","R$ 27,09 (60,21%)","R$ 27,09 (60,21%)","636,9733969697","636,9733969697","636,9733969697","636,9733969697",,,,,,,,,,,,,,
aU-8a56hRqa3kTgI993RrQ,efraimmoveis@gmail.com,Admin,Pizza 35cm Frango,45,1,44,"144,32","33,8664516129","15,615","15,615","34,7","34,3277773256","R$ 15,62 (34,70%)","1,2992208485",5,"27,135","60,3","R$ 27,13 (60,30%)","R$ 27,13 (60,30%)","636,9733969697","636,9733969697","636,9733969697","636,9733969697",,,,,,,,,,,,,,
sO767sANTVmS0zb5EAo4sg,efraimmoveis@gmail.com,Admin,Pizza 35cm Frango c/Catupiry,48,1,44,"144,32","33,8664516129","17,325","17,325","36,09375","34,3277773256","R$ 17,33 (36,09%)","1,2992208485",5,"28,275","58,90625","R$ 28,28 (58,91%)","R$ 28,28 (58,91%)","636,9733969697","636,9733969697","636,9733969697","636,9733969697",,,,,,,,,,,,,,
YnTDHfehRumQF0igIJGpLw,efraimmoveis@gmail.com,Admin,Pizza 35cm Presunto,43,1,44,"144,32","33,8664516129","15,61","15,61","36,3023255814","34,3277773256","R$ 15,61 (36,30%)","1,2992208485",5,"25,24","58,6976744186","R$ 25,24 (58,70%)","R$ 25,24 (58,70%)","636,9733969697","636,9733969697","636,9733969697","636,9733969697",,,,,,,,,,,,,,
5cwXakvcRE2H-aCWO2VuFg,efraimmoveis@gmail.com,Admin,Pizza 35cm Marguerita,48,1,44,"144,32","33,8664516129","16,7991666667","16,7991666667","34,9982638889","34,3277773256","R$ 16,80 (35,00%)","1,2992208485",5,"28,8008333333","60,0017361111","R$ 28,80 (60,00%)","R$ 28,80 (60,00%)","636,9733969697","636,9733969697","636,9733969697","636,9733969697",,,,,,,,,,,,,,
vvsBPtnVQxu7sgqs1pZWDQ,efraimmoveis@gmail.com,Admin,Pizza 35cm Portuguesa,48,1,44,"144,32","33,8664516129","14,1083333333","14,1083333333","29,3923611111","34,3277773256","R$ 14,11 (29,39%)","1,2992208485",5,"31,4916666667","65,6076388889","R$ 31,49 (65,61%)","R$ 31,49 (65,61%)","636,9733969697","636,9733969697","636,9733969697","636,9733969697",,,,,,,,,,,,,,
cGqGEB6LSe-4-aPmJjxuBA,efraimmoveis@gmail.com,Admin,Pizza 35cm Bacon c/Cheddar,48,1,44,"144,32","33,8664516129","18,445","18,445","38,4270833333","34,3277773256","R$ 18,45 (38,43%)","1,2992208485",5,"27,155","56,5729166667","R$ 27,15 (56,57%)","R$ 27,15 (56,57%)","636,9733969697","636,9733969697","636,9733969697","636,9733969697",,,,,,,,,,,,,,
cuFIEGogR5maleMB407afg,efraimmoveis@gmail.com,Admin,Pizza 35cm Mista,48,1,44,"144,32","33,8664516129","17,1366666667","17,1366666667","35,7013888889","34,3277773256","R$ 17,14 (35,70%)","1,2992208485",5,"28,4633333333","59,2986111111","R$ 28,46 (59,30%)","R$ 28,46 (59,30%)","636,9733969697","636,9733969697","636,9733969697","636,9733969697",,,,,,,,,,,,,,
m4JAHW3QRKqzOMnLG7ud-g,efraimmoveis@gmail.com,Admin,Pizza 35cm Franbacon,48,1,44,"144,32","33,8664516129","21,8575","21,8575","45,5364583333","34,3277773256","R$ 21,86 (45,54%)","1,2992208485",5,"23,7425","49,4635416667","R$ 23,74 (49,46%)","R$ 23,74 (49,46%)","636,9733969697","636,9733969697","636,9733969697","636,9733969697",,,,,,,,,,,,,,
GH0pi-vWS3S4ct7wBBmBCw,efraimmoveis@gmail.com,Admin,Pizza 35cm Carne Seca C/Crean Cheese,50,1,44,"144,32","33,8664516129","22,7875","22,7875","45,575","34,3277773256","R$ 22,79 (45,58%)","1,2992208485",5,"24,7125","49,425","R$ 24,71 (49,43%)","R$ 24,71 (49,43%)","636,9733969697","636,9733969697","636,9733969697","636,9733969697",,,,,,,,,,,,,,
R0GIeECtQH6eNLTmKjo8Ow,efraimmoveis@gmail.com,Admin,Pizza 35cm 5 Queijos,58,1,44,"144,32","33,8664516129","27,1483333333","27,1483333333","46,8074712644","34,3277773256","R$ 27,15 (46,81%)","1,2992208485",5,"27,9516666667","48,1925287356","R$ 27,95 (48,19%)","R$ 27,95 (48,19%)","636,9733969697","636,9733969697","636,9733969697","636,9733969697",,,,,,,,,,,,,,
a-k0W5p1mSCKs6OaMKoWBAA,efraimmoveis@gmail.com,Admin,Pizza 35cm Peito Peru C/Cran Cheese,50,1,44,"144,32","33,8664516129","22,9825","22,9825","45,965","34,3277773256","R$ 22,98 (45,97%)","1,2992208485",5,"24,5175","49,035","R$ 24,52 (49,04%)","R$ 24,52 (49,04%)","636,9733969697","636,9733969697","636,9733969697","636,9733969697",,,,,,,,,,,,,,
3z-Gdno6QO6V8QjcTAH08g,efraimmoveis@gmail.com,Admin,Pizza 35cm Camarão C/Crean Cheese,60,1,44,"144,32","33,8664516129","24,1475","24,1475","40,2458333333","34,3277773256","R$ 24,15 (40,25%)","1,2992208485",5,"32,8525","54,7541666667","R$ 32,85 (54,75%)","R$ 32,85 (54,75%)","636,9733969697","636,9733969697","636,9733969697","636,9733969697",,,,,,,,,,,,,,
uWL9Ch0gRHmygLtbnlJaww,efraimmoveis@gmail.com,Admin,Pizza 35 cm Moda da Casa,60,1,44,"144,32","33,8664516129","22,6025","22,6025","37,6708333333","34,3277773256","R$ 22,60 (37,67%)","1,2992208485",5,"34,3975","57,3291666667","R$ 34,40 (57,33%)","R$ 34,40 (57,33%)","636,9733969697","636,9733969697","636,9733969697","636,9733969697",,,,,,,,,,,,,,
NnTAFXVJRlug3Rtt28M6.w,efraimmoveis@gmail.com,Admin,Pizza 35cm Calabresa C/Chedda,50,1,44,"144,32","33,8664516129","19,5475","19,5475","39,095","34,3277773256","R$ 19,55 (39,10%)","1,2992208485",5,"27,9525","55,905","R$ 27,95 (55,91%)","R$ 27,95 (55,91%)","636,9733969697","636,9733969697","636,9733969697","636,9733969697",,,,,,,,,,,,,,
PC8XAyakRw-SyF0e1f8Kag,efraimmoveis@gmail.com,Admin,Pizza 35cm Frango Kaipira,50,1,44,"144,32","33,8664516129","22,8075","22,8075","45,615","34,3277773256","R$ 22,81 (45,61%)","1,2992208485",5,"24,6925","49,385","R$ 24,69 (49,39%)","R$ 24,69 (49,39%)","636,9733969697","636,9733969697","636,9733969697","636,9733969697",,,,,,,,,,,,,,
HRiTc1sLRk6hmF3p3ILyDg,novagestao2b@gmail.com,Admin,Sobrecoxa Assada com Salada de Maionese,"34,9",1,44,"144,32","33,8664516129","9,836","9,836","28,1833810888","34,3277773256","R$ 9,84 (28,18%)","1,2992208485",5,"23,319","66,8166189112","R$ 23,32 (66,82%)","R$ 23,32 (66,82%)","636,9733969697","636,9733969697","636,9733969697","636,9733969697",,,,,,,,,,,,,,
OQqBSLY4T.-19hVAX.N-bA,novagestao2b@gmail.com,Admin,Sobrecoxa Assada com Salada de Maionese,"34,9",1,44,"144,32","33,8664516129","6,936","6,936","19,8739255014","34,3277773256","R$ 6,94 (19,87%)","1,2992208485",5,"26,219","75,1260744986","R$ 26,22 (75,13%)","R$ 26,22 (75,13%)","636,9733969697","636,9733969697","636,9733969697","636,9733969697",,,,,,,,,,,,,,
O2IGBNFDS2iTpnXn8-VGiw,nilvanelopes@hotmail.com,Admin,x calabresa especial,40,1,44,"144,32","33,8664516129","14,5055294118","14,5055294118","36,2638235294","34,3277773256","R$ 14,51 (36,26%)","1,2992208485",5,"23,4944705882","58,7361764706","R$ 23,49 (58,74%)","R$ 23,49 (58,74%)","636,9733969697","636,9733969697","636,9733969697","636,9733969697",,,,,,,,,,,,,,
5XZWQmGGS1eZBvLNAfzAKA,nilvanelopes@hotmail.com,Admin,X PICANHA SIMPLES,40,1,44,"144,32","33,8664516129","15,7750588235","15,7750588235","39,4376470588","34,3277773256","R$ 15,78 (39,44%)","1,2992208485",5,"22,2249411765","55,5623529412","R$ 22,22 (55,56%)","R$ 22,22 (55,56%)","636,9733969697","636,9733969697","636,9733969697","636,9733969697",,,,,,,,,,,,,,
NRZ0b2RJSxuy3ZL.Oh5Bew,nilvanelopes@hotmail.com,Admin,X PICANHA ESPECIAL,46,1,44,"144,32","33,8664516129","21,0880588235","21,0880588235","45,8436061381","34,3277773256","R$ 21,09 (45,84%)","1,2992208485",5,"22,6119411765","49,1563938619","R$ 22,61 (49,16%)","R$ 22,61 (49,16%)","636,9733969697","636,9733969697","636,9733969697","636,9733969697",,,,,,,,,,,,,,
zBGK.j9FQrm1Pf689uG2wg,nilvanelopes@hotmail.com,Admin,PIZZAS TRADICIONAIS 35CM,79,1,44,"144,32","33,8664516129","27,0776470588","27,0776470588","34,2755026061","34,3277773256","R$ 27,08 (34,28%)","1,2992208485",5,"47,9723529412","60,7244973939","R$ 47,97 (60,72%)","R$ 47,97 (60,72%)","636,9733969697","636,9733969697","636,9733969697","636,9733969697",,,,,,,,,,,,,,
fjcHBkz7SbWdQVTtRvifwg,nilvanelopes@hotmail.com,Admin,PIZZAS TRADICIONAIS 40CM,95,1,44,"144,32","33,8664516129","33,0846470588","33,0846470588","34,8259442724","34,3277773256","R$ 33,08 (34,83%)","1,2992208485",5,"57,1653529412","60,1740557276","R$ 57,17 (60,17%)","R$ 57,17 (60,17%)","636,9733969697","636,9733969697","636,9733969697","636,9733969697",,,,,,,,,,,,,,
tvMN5CBnTtuO6Hf0CW2sZQ,nilvanelopes@hotmail.com,Admin,PIZZAS TRADICIONAIS 45CM,115,1,44,"144,32","33,8664516129","35,4275294118","35,4275294118","30,8065473146","34,3277773256","R$ 35,43 (30,81%)","1,2992208485",5,"73,8224705882","64,1934526854","R$ 73,82 (64,19%)","R$ 73,82 (64,19%)","636,9733969697","636,9733969697","636,9733969697","636,9733969697",,,,,,,,,,,,,,
wZuqwzrFQ4e6Yqc4wCGEKA,nilvanelopes@hotmail.com,Admin,PIZZAS TRADICIONAIS 20CM,39,1,44,"144,32","33,8664516129","10,8028235294","10,8028235294","27,6995475113","34,3277773256","R$ 10,80 (27,70%)","1,2992208485",5,"26,2471764706","67,3004524887","R$ 26,25 (67,30%)","R$ 26,25 (67,30%)","636,9733969697","636,9733969697","636,9733969697","636,9733969697",,,,,,,,,,,,,,
ephHJj2ESKuQxAiEp.kmkQ,nilvanelopes@hotmail.com,Admin,KANGURU,38,1,44,"144,32","33,8664516129","16,5100588235","16,5100588235","43,4475232198","34,3277773256","R$ 16,51 (43,45%)","1,2992208485",5,"19,5899411765","51,5524767802","R$ 19,59 (51,55%)","R$ 19,59 (51,55%)","636,9733969697","636,9733969697","636,9733969697","636,9733969697",,,,,,,,,,,,,,
Oaf-ftzYQjin.v0Ryku-AA,nilvanelopes@hotmail.com,Admin,DOG CATUPIRY,36,1,44,"144,32","33,8664516129","12,4710347271","12,4710347271","34,641763131","34,3277773256","R$ 12,47 (34,64%)","1,2992208485",5,"21,7289652729","60,358236869","R$ 21,73 (60,36%)","R$ 21,73 (60,36%)","636,9733969697","636,9733969697","636,9733969697","636,9733969697",,,,,,,,,,,,,,
s21ymCmVT6ue1Uvcyt0tKQ,nilvanelopes@hotmail.com,Admin,DOG CHEDDAR,36,1,44,"144,32","33,8664516129","12,4710347271","12,4710347271","34,641763131","34,3277773256","R$ 12,47 (34,64%)","1,2992208485",5,"21,7289652729","60,358236869","R$ 21,73 (60,36%)","R$ 21,73 (60,36%)","636,9733969697","636,9733969697","636,9733969697","636,9733969697",,,,,,,,,,,,,,
0t4eFkngQMq-YmKdtGgRWA,nilvanelopes@hotmail.com,Admin,DOG BURGUER,35,1,44,"144,32","33,8664516129","10,5428673207","10,5428673207","30,1224780591","34,3277773256","R$ 10,54 (30,12%)","1,2992208485",5,"22,7071326793","64,8775219409","R$ 22,71 (64,88%)","R$ 22,71 (64,88%)","636,9733969697","636,9733969697","636,9733969697","636,9733969697",,,,,,,,,,,,,,
PlHP-ZVDR52vdSeeD1Rvog,nilvanelopes@hotmail.com,Admin,DOG QUEIJO,36,1,44,"144,32","33,8664516129","7,8157013938","7,8157013938","21,7102816495","34,3277773256","R$ 7,82 (21,71%)","1,2992208485",5,"26,3842986062","73,2897183505","R$ 26,38 (73,29%)","R$ 26,38 (73,29%)","636,9733969697","636,9733969697","636,9733969697","636,9733969697",,,,,,,,,,,,,,
HXg7jE3kSv6TPu.oRWk.xw,nilvanelopes@hotmail.com,Admin,DOG EGG,34,1,44,"144,32","33,8664516129","10,4675259552","10,4675259552","30,7868410447","34,3277773256","R$ 10,47 (30,79%)","1,2992208485",5,"21,8324740448","64,2131589553","R$ 21,83 (64,21%)","R$ 21,83 (64,21%)","636,9733969697","636,9733969697","636,9733969697","636,9733969697",,,,,,,,,,,,,,
wYRoN4QMRYWrLkRIz0HNLQ,nilvanelopes@hotmail.com,Admin,DOG BACON,36,1,44,"144,32","33,8664516129","10,4840953909","10,4840953909","29,1224871968","34,3277773256","R$ 10,48 (29,12%)","1,2992208485",5,"23,7159046091","65,8775128032","R$ 23,72 (65,88%)","R$ 23,72 (65,88%)","636,9733969697","636,9733969697","636,9733969697","636,9733969697",,,,,,,,,,,,,,
Xx75b28HQcejtQc-kgEjTw,nilvanelopes@hotmail.com,Admin,DOG ALCATRA,39,1,44,"144,32","33,8664516129","13,1470365673","13,1470365673","33,7103501726","34,3277773256","R$ 13,15 (33,71%)","1,2992208485",5,"23,9029634327","61,2896498274","R$ 23,90 (61,29%)","R$ 23,90 (61,29%)","636,9733969697","636,9733969697","636,9733969697","636,9733969697",,,,,,,,,,,,,,
7ZeTFAcsSmytcJ43gVx5fg,nilvanelopes@hotmail.com,Admin,PROMOÇÃO 2 DOG QUEIJO,74,1,44,"144,32","33,8664516129","24,4426184739","24,4426184739","33,0305655053","34,3277773256","R$ 24,44 (33,03%)","1,2992208485",5,"45,8573815261","61,9694344947","R$ 45,86 (61,97%)","R$ 45,86 (61,97%)","636,9733969697","636,9733969697","636,9733969697","636,9733969697",,,,,,,,,,,,,,
LmXGvgb1T4S.FcvWozI.OQ,nilvanelopes@hotmail.com,Admin,BATATA 1KG,45,1,44,"144,32","33,8664516129","19,1421052632","19,1421052632","42,5380116959","34,3277773256","R$ 19,14 (42,54%)","1,2992208485",5,"23,6078947368","52,4619883041","R$ 23,61 (52,46%)","R$ 23,61 (52,46%)","636,9733969697","636,9733969697","636,9733969697","636,9733969697",,,,,,,,,,,,,,
mUEvIkMbSt-29X1nKx3jfg,nilvanelopes@hotmail.com,Admin,BATATA 500G,34,1,44,"144,32","33,8664516129","10,1421052632","10,1421052632","29,8297213622","34,3277773256","R$ 10,14 (29,83%)","1,2992208485",5,"22,1578947368","65,1702786378","R$ 22,16 (65,17%)","R$ 22,16 (65,17%)","636,9733969697","636,9733969697","636,9733969697","636,9733969697",,,,,,,,,,,,,,
6Rvsz9exQJuRB01fR8aJJw,nilvanelopes@hotmail.com,Admin,BATATA 200G,15,1,44,"144,32","33,8664516129","4,1","4,1","27,3333333333","34,3277773256","R$ 4,10 (27,33%)","1,2992208485",5,"10,15","67,6666666667","R$ 10,15 (67,67%)","R$ 10,15 (67,67%)","636,9733969697","636,9733969697","636,9733969697","636,9733969697",,,,,,,,,,,,,,
J9HWrC0pQE6LWz5L-nfhLA,nilvanelopes@hotmail.com,Admin,MISTO QUENTE,25,1,44,"144,32","33,8664516129","10,1490526316","10,1490526316","40,5962105263","34,3277773256","R$ 10,15 (40,60%)","1,2992208485",5,"13,6009473684","54,4037894737","R$ 13,60 (54,40%)","R$ 13,60 (54,40%)","636,9733969697","636,9733969697","636,9733969697","636,9733969697",,,,,,,,,,,,,,
nIlKibZ1QluR0O.-6OVAlA,nilvanelopes@hotmail.com,Admin,BAURU BACON,35,1,44,"144,32","33,8664516129","10,8330526316","10,8330526316","30,9515789474","34,3277773256","R$ 10,83 (30,95%)","1,2992208485",5,"22,4169473684","64,0484210526","R$ 22,42 (64,05%)","R$ 22,42 (64,05%)","636,9733969697","636,9733969697","636,9733969697","636,9733969697",,,,,,,,,,,,,,
0sD0WK-NQ8KTq05iaCG4yQ,nilvanelopes@hotmail.com,Admin,X BURGUER,30,1,44,"144,32","33,8664516129","9,5050526316","9,5050526316","31,6835087719","34,3277773256","R$ 9,51 (31,68%)","1,2992208485",5,"18,9949473684","63,3164912281","R$ 18,99 (63,32%)","R$ 18,99 (63,32%)","636,9733969697","636,9733969697","636,9733969697","636,9733969697",,,,,,,,,,,,,,
u6COWbIVQj-5oRm4WFD3kA,nilvanelopes@hotmail.com,Admin,LAÇADOR,38,1,44,"144,32","33,8664516129","13,6030526316","13,6030526316","35,7975069252","34,3277773256","R$ 13,60 (35,80%)","1,2992208485",5,"22,4969473684","59,2024930748","R$ 22,50 (59,20%)","R$ 22,50 (59,20%)","636,9733969697","636,9733969697","636,9733969697","636,9733969697",,,,,,,,,,,,,,
yGUB8MG6TludquDEkwOcWQ,nilvanelopes@hotmail.com,Admin,X EGG BACON,38,1,44,"144,32","33,8664516129","11,0301114551","11,0301114551","29,0266090924","34,3277773256","R$ 11,03 (29,03%)","1,2992208485",5,"25,0698885449","65,9733909076","R$ 25,07 (65,97%)","R$ 25,07 (65,97%)","636,9733969697","636,9733969697","636,9733969697","636,9733969697",,,,,,,,,,,,,,
QYzmcnTLQ6G3LN8a-pQ-1Q,efraimmoveis@gmail.com,Admin,Pizza 45cm Calabresa,65,1,44,"144,32","33,8664516129","24,6908333333","24,6908333333","37,9858974359","34,3277773256","R$ 24,69 (37,99%)","1,2992208485",5,"37,0591666667","57,0141025641","R$ 37,06 (57,01%)","R$ 37,06 (57,01%)","636,9733969697","636,9733969697","636,9733969697","636,9733969697",,,,,,,,,,,,,,
rDMjQ9WTT52kbCfTy8x8wA,efraimmoveis@gmail.com,Admin,Pizza Mussarela 45cm,65,1,44,"144,32","33,8664516129","23,1708333333","23,1708333333","35,6474358974","34,3277773256","R$ 23,17 (35,65%)","1,2992208485",5,"38,5791666667","59,3525641026","R$ 38,58 (59,35%)","R$ 38,58 (59,35%)","636,9733969697","636,9733969697","636,9733969697","636,9733969697",,,,,,,,,,,,,,
QnARQQVJT4eDTqfbAMmnZQ,efraimmoveis@gmail.com,Admin,Pizza Frango 45cm,65,1,44,"144,32","33,8664516129","23,3508333333","23,3508333333","35,9243589744","34,3277773256","R$ 23,35 (35,92%)","1,2992208485",5,"38,3991666667","59,0756410256","R$ 38,40 (59,08%)","R$ 38,40 (59,08%)","636,9733969697","636,9733969697","636,9733969697","636,9733969697",,,,,,,,,,,,,,
Fe1ezPclSTemmIIWZd.Y4A,efraimmoveis@gmail.com,Admin,Pizza Frango C/Catupiry 45cm,65,1,44,"144,32","33,8664516129","26,0825","26,0825","40,1269230769","34,3277773256","R$ 26,08 (40,13%)","1,2992208485",5,"35,6675","54,8730769231","R$ 35,67 (54,87%)","R$ 35,67 (54,87%)","636,9733969697","636,9733969697","636,9733969697","636,9733969697",,,,,,,,,,,,,,
EfmKtMWDRtedMxZCk0wjbg,efraimmoveis@gmail.com,Admin,Pizza Presunto 45cm,65,1,44,"144,32","33,8664516129","23,7008333333","23,7008333333","36,4628205128","34,3277773256","R$ 23,70 (36,46%)","1,2992208485",5,"38,0491666667","58,5371794872","R$ 38,05 (58,54%)","R$ 38,05 (58,54%)","636,9733969697","636,9733969697","636,9733969697","636,9733969697",,,,,,,,,,,,,,
ezMqiTYkQGCzLZ-V.XEpdQ,efraimmoveis@gmail.com,Admin,Pizza Marguerita 45cm,65,1,44,"144,32","33,8664516129","24,4508333333","24,4508333333","37,6166666667","34,3277773256","R$ 24,45 (37,62%)","1,2992208485",5,"37,2991666667","57,3833333333","R$ 37,30 (57,38%)","R$ 37,30 (57,38%)","636,9733969697","636,9733969697","636,9733969697","636,9733969697",,,,,,,,,,,,,,
hECbbsMhSHy9QKGhluGVZA,efraimmoveis@gmail.com,Admin,Pizza Portuguesa 45cm,70,1,44,"144,32","33,8664516129","29,0308333333","29,0308333333","41,4726190476","34,3277773256","R$ 29,03 (41,47%)","1,2992208485",5,"37,4691666667","53,5273809524","R$ 37,47 (53,53%)","R$ 37,47 (53,53%)","636,9733969697","636,9733969697","636,9733969697","636,9733969697",,,,,,,,,,,,,,
BRVRmaM9TqaJNV96dDF2mw,efraimmoveis@gmail.com,Admin,Pizza Bacon C/Cheddar 45cm,70,1,44,"144,32","33,8664516129","28,6341666667","28,6341666667","40,905952381","34,3277773256","R$ 28,63 (40,91%)","1,2992208485",5,"37,8658333333","54,094047619","R$ 37,87 (54,09%)","R$ 37,87 (54,09%)","636,9733969697","636,9733969697","636,9733969697","636,9733969697",,,,,,,,,,,,,,
czuUElSfSiSdlBVCx4UNGw,efraimmoveis@gmail.com,Admin,Pizza Mista 45cm,70,1,44,"144,32","33,8664516129","24,5716666667","24,5716666667","35,1023809524","34,3277773256","R$ 24,57 (35,10%)","1,2992208485",5,"41,9283333333","59,8976190476","R$ 41,93 (59,90%)","R$ 41,93 (59,90%)","636,9733969697","636,9733969697","636,9733969697","636,9733969697",,,,,,,,,,,,,,
SPdLZ3hXTQ64rF6HyNIa8A,efraimmoveis@gmail.com,Admin,Pizza Franbacon 45cm,70,1,44,"144,32","33,8664516129","31,5141666667","31,5141666667","45,0202380952","34,3277773256","R$ 31,51 (45,02%)","1,2992208485",5,"34,9858333333","49,9797619048","R$ 34,99 (49,98%)","R$ 34,99 (49,98%)","636,9733969697","636,9733969697","636,9733969697","636,9733969697",,,,,,,,,,,,,,
Ymf0QhToQASixxL4JJytbw,efraimmoveis@gmail.com,Admin,Pizza Carne Seca C/Crean Chesse 45cm,75,1,44,"144,32","33,8664516129","31,8241666667","31,8241666667","42,4322222222","34,3277773256","R$ 31,82 (42,43%)","1,2992208485",5,"39,4258333333","52,5677777778","R$ 39,43 (52,57%)","R$ 39,43 (52,57%)","636,9733969697","636,9733969697","636,9733969697","636,9733969697",,,,,,,,,,,,,,
TK5iHMXBR1SNgb3NDZGAzA,efraimmoveis@gmail.com,Admin,Pizza 5 Queijos 45cm,80,1,44,"144,32","33,8664516129","41,1116666667","41,1116666667","51,3895833333","34,3277773256","R$ 41,11 (51,39%)","1,2992208485",5,"34,8883333333","43,6104166667","R$ 34,89 (43,61%)","R$ 34,89 (43,61%)","636,9733969697","636,9733969697","636,9733969697","636,9733969697",,,,,,,,,,,,,,
e9lfT9dgSSWrhHKKd5HA3Q,efraimmoveis@gmail.com,Admin,Pizza Peito de Peru C/Crean Chesse 45cm,75,1,44,"144,32","33,8664516129","40,3991666667","40,3991666667","53,8655555556","34,3277773256","R$ 40,40 (53,87%)","1,2992208485",5,"30,8508333333","41,1344444444","R$ 30,85 (41,13%)","R$ 30,85 (41,13%)","636,9733969697","636,9733969697","636,9733969697","636,9733969697",,,,,,,,,,,,,,
T.gGJMp6R4uICVWT5nCT0g,efraimmoveis@gmail.com,Admin,Pizza Camarão C/Crean Cheese 45cm,98,1,44,"144,32","33,8664516129","41,3341666667","41,3341666667","42,1777210884","34,3277773256","R$ 41,33 (42,18%)","1,2992208485",5,"51,7658333333","52,8222789116","R$ 51,77 (52,82%)","R$ 51,77 (52,82%)","636,9733969697","636,9733969697","636,9733969697","636,9733969697",,,,,,,,,,,,,,
dUBNCrHkTxmTurtXHJutSw,efraimmoveis@gmail.com,Admin,Pizza Moda da Casa 45cm,95,1,44,"144,32","33,8664516129","29,1991666667","29,1991666667","30,7359649123","34,3277773256","R$ 29,20 (30,74%)","1,2992208485",5,"61,0508333333","64,2640350877","R$ 61,05 (64,26%)","R$ 61,05 (64,26%)","636,9733969697","636,9733969697","636,9733969697","636,9733969697",,,,,,,,,,,,,,
a.RDtKOQZSwuKd6hnk6gwVA,efraimmoveis@gmail.com,Admin,Pizza Calabresa C/Cheddar 45cm,70,1,44,"144,32","33,8664516129","27,9991666667","27,9991666667","39,9988095238","34,3277773256","R$ 28,00 (40,00%)","1,2992208485",5,"38,5008333333","55,0011904762","R$ 38,50 (55,00%)","R$ 38,50 (55,00%)","636,9733969697","636,9733969697","636,9733969697","636,9733969697",,,,,,,,,,,,,,
9T4A5uDBTB2VfmGeh7sf9A,efraimmoveis@gmail.com,Admin,Pizza Frango A Kaipira 45cm,85,1,44,"144,32","33,8664516129","33,0375","33,0375","38,8676470588","34,3277773256","R$ 33,04 (38,87%)","1,2992208485",5,"47,7125","56,1323529412","R$ 47,71 (56,13%)","R$ 47,71 (56,13%)","636,9733969697","636,9733969697","636,9733969697","636,9733969697",,,,,,,,,,,,,,
noOqWALYRKKhOKMFnW7fRA,jhonesburgerbr@gmail.com,Admin,BIG SMASH 4.0,"48,99",1,44,"144,32","33,8664516129","21,115","21,115","43,1006327822","34,3277773256","R$ 21,11 (43,10%)","1,2992208485",5,"25,4255","51,8993672178","R$ 25,43 (51,90%)","R$ 25,43 (51,90%)","636,9733969697","636,9733969697","636,9733969697","636,9733969697",,,,,,,,,,,,,,
ZdbIsfpOS5e4op8xVufPHg,jhonesburgerbr@gmail.com,Admin,SMASH SALAD,"33,99",1,44,"144,32","33,8664516129","8,385","8,385","24,6690203001","34,3277773256","R$ 8,39 (24,67%)","1,2992208485",5,"23,9055","70,3309796999","R$ 23,91 (70,33%)","R$ 23,91 (70,33%)","636,9733969697","636,9733969697","636,9733969697","636,9733969697",,,,,,,,,,,,,,
P-4sI0QyTcaneIqdLnCckg,jhonesburgerbr@gmail.com,Admin,JHONE'S CHEDDAR,"29,99",1,44,"144,32","33,8664516129","12,176","12,176","40,6002000667","34,3277773256","R$ 12,18 (40,60%)","1,2992208485",5,"16,3145","54,3997999333","R$ 16,31 (54,40%)","R$ 16,31 (54,40%)","636,9733969697","636,9733969697","636,9733969697","636,9733969697",,,,,,,,,,,,,,
CBSBsX8vRo6.LjKWGK-29A,jhonesburgerbr@gmail.com,Admin,JHONE'S CHICKEN ORIGINAL,"31,99",1,44,"144,32","33,8664516129","14,8","14,8","46,264457643","34,3277773256","R$ 14,80 (46,26%)","1,2992208485",5,"15,5905","48,735542357","R$ 15,59 (48,74%)","R$ 15,59 (48,74%)","636,9733969697","636,9733969697","636,9733969697","636,9733969697",,,,,,,,,,,,,,
PXOoi-g5R4OjbBNp6hGxSw,jhonesburgerbr@gmail.com,Admin,CHICKEN CHEDDAR BACON,"35,99",1,44,"144,32","33,8664516129","16,9255","16,9255","47,0283412059","34,3277773256","R$ 16,93 (47,03%)","1,2992208485",5,"17,265","47,9716587941","R$ 17,27 (47,97%)","R$ 17,27 (47,97%)","636,9733969697","636,9733969697","636,9733969697","636,9733969697",,,,,,,,,,,,,,
uWZdbVyMSjGj2CgD58SgiQ,jhonesburgerbr@gmail.com,Admin,CHICKEN SALAD,"34,99",1,44,"144,32","33,8664516129","11,355","11,355","32,4521291798","34,3277773256","R$ 11,36 (32,45%)","1,2992208485",5,"21,8855","62,5478708202","R$ 21,89 (62,55%)","R$ 21,89 (62,55%)","636,9733969697","636,9733969697","636,9733969697","636,9733969697",,,,,,,,,,,,,,
9Qm-9-lVT82qTh1nKsDNHg,jhonesburgerbr@gmail.com,Admin,JHONE'S FRANGUINHO,"15,99",1,44,"144,32","33,8664516129","5,9","5,9","36,8980612883","34,3277773256","R$ 5,90 (36,90%)","1,2992208485",5,"9,2905","58,1019387117","R$ 9,29 (58,10%)","R$ 9,29 (58,10%)","636,9733969697","636,9733969697","636,9733969697","636,9733969697",,,,,,,,,,,,,,
HD0GW1rqS.y-s96F93ffmg,jhonesburgerbr@gmail.com,Admin,FRITAS INDIVIDUAL,"12,99",1,44,"144,32","33,8664516129","7,39","7,39","56,8899153195","34,3277773256","R$ 7,39 (56,89%)","1,2992208485",5,"4,9505","38,1100846805","R$ 4,95 (38,11%)","R$ 4,95 (38,11%)","636,9733969697","636,9733969697","636,9733969697","636,9733969697",,,,,,,,,,,,,,
a10gWZhmRDurQ1zcB13rag,jhonesburgerbr@gmail.com,Admin,PORÇÃO DE ANEL DE CEBOLA,"15,99",1,44,"144,32","33,8664516129","6,99","6,99","43,7148217636","34,3277773256","R$ 6,99 (43,71%)","1,2992208485",5,"8,2005","51,2851782364","R$ 8,20 (51,29%)","R$ 8,20 (51,29%)","636,9733969697","636,9733969697","636,9733969697","636,9733969697",,,,,,,,,,,,,,
O-mscQY.TnyyCDWZSExyXw,nilvanelopes@hotmail.com,Admin,costela burguer bacon,45,1,44,"144,32","33,8664516129","15,9773859649","15,9773859649","35,5053021442","34,3277773256","R$ 15,98 (35,51%)","1,2992208485",5,"26,7726140351","59,4946978558","R$ 26,77 (59,49%)","R$ 26,77 (59,49%)","636,9733969697","636,9733969697","636,9733969697","636,9733969697",,,,,,,,,,,,,,
a.gvzV8VsS.CJPmukLOC1QQ,nilvanelopes@hotmail.com,Admin,costela duplo burguer,49,1,44,"144,32","33,8664516129","19,273","19,273","39,3326530612","34,3277773256","R$ 19,27 (39,33%)","1,2992208485",5,"27,277","55,6673469388","R$ 27,28 (55,67%)","R$ 27,28 (55,67%)","636,9733969697","636,9733969697","636,9733969697","636,9733969697",,,,,,,,,,,,,,
RH-wA6oDSjOaYHmYEDRXfA,nilvanelopes@hotmail.com,Admin,kids,65,1,44,"144,32","33,8664516129","25,8851052632","25,8851052632","39,8232388664","34,3277773256","R$ 25,89 (39,82%)","1,2992208485",5,"35,8648947368","55,1767611336","R$ 35,86 (55,18%)","R$ 35,86 (55,18%)","636,9733969697","636,9733969697","636,9733969697","636,9733969697",,,,,,,,,,,,,,
ePtr4TlwTZ-angYIfiwSkw,nilvanelopes@hotmail.com,Admin,CIABATAFRANGO,44,1,44,"144,32","33,8664516129","15,1610526316","15,1610526316","34,456937799","34,3277773256","R$ 15,16 (34,46%)","1,2992208485",5,"26,6389473684","60,543062201","R$ 26,64 (60,54%)","R$ 26,64 (60,54%)","636,9733969697","636,9733969697","636,9733969697","636,9733969697",,,,,,,,,,,,,,
d70QxUiSQgSptHcUcOQxyw,nilvanelopes@hotmail.com,Admin,CIABATA MIGNON,49,1,44,"144,32","33,8664516129","21,4460526316","21,4460526316","43,7674543502","34,3277773256","R$ 21,45 (43,77%)","1,2992208485",5,"25,1039473684","51,2325456498","R$ 25,10 (51,23%)","R$ 25,10 (51,23%)","636,9733969697","636,9733969697","636,9733969697","636,9733969697",,,,,,,,,,,,,,
yivJ7ucxTjKRntrvDYNbPQ,nilvanelopes@hotmail.com,Admin,CIABATA ALCATRA,48,1,44,"144,32","33,8664516129","18,6060526316","18,6060526316","38,7626096491","34,3277773256","R$ 18,61 (38,76%)","1,2992208485",5,"26,9939473684","56,2373903509","R$ 26,99 (56,24%)","R$ 26,99 (56,24%)","636,9733969697","636,9733969697","636,9733969697","636,9733969697",,,,,,,,,,,,,,
zr6cmZ8rT2qBiawcVUrENg,nilvanelopes@hotmail.com,Admin,CIABATA COSTELA DESFIADA,49,1,44,"144,32","33,8664516129","18,9160526316","18,9160526316","38,604189044","34,3277773256","R$ 18,92 (38,60%)","1,2992208485",5,"27,6339473684","56,395810956","R$ 27,63 (56,40%)","R$ 27,63 (56,40%)","636,9733969697","636,9733969697","636,9733969697","636,9733969697",,,,,,,,,,,,,,
8lVxKQrZQ2C62suyhqBTmw,nilvanelopes@hotmail.com,Admin,CIABATA CORAÇÃO,44,1,44,"144,32","33,8664516129","12,2300526316","12,2300526316","27,7955741627","34,3277773256","R$ 12,23 (27,80%)","1,2992208485",5,"29,5699473684","67,2044258373","R$ 29,57 (67,20%)","R$ 29,57 (67,20%)","636,9733969697","636,9733969697","636,9733969697","636,9733969697",,,,,,,,,,,,,,
csCLKkV5SiKfZEREGdjvFg,nilvanelopes@hotmail.com,Admin,MACARRÃO BACON,30,1,44,"144,32","33,8664516129","6,9431764706","6,9431764706","23,1439215686","34,3277773256","R$ 6,94 (23,14%)","1,2992208485",5,"21,5568235294","71,8560784314","R$ 21,56 (71,86%)","R$ 21,56 (71,86%)","636,9733969697","636,9733969697","636,9733969697","636,9733969697",,,,,,,,,,,,,,
GwFZ-OioT-65KHVRd97ZXA,nilvanelopes@hotmail.com,Admin,X ALCATRA,40,1,44,"144,32","33,8664516129","16,3320526316","16,3320526316","40,8301315789","34,3277773256","R$ 16,33 (40,83%)","1,2992208485",5,"21,6679473684","54,1698684211","R$ 21,67 (54,17%)","R$ 21,67 (54,17%)","636,9733969697","636,9733969697","636,9733969697","636,9733969697",,,,,,,,,,,,,,
KZjxl2eJQoarbe9ljiE3WQ,nilvanelopes@hotmail.com,Admin,X MIGNON,48,1,44,"144,32","33,8664516129","18,6051114551","18,6051114551","38,7606488648","34,3277773256","R$ 18,61 (38,76%)","1,2992208485",5,"26,9948885449","56,2393511352","R$ 26,99 (56,24%)","R$ 26,99 (56,24%)","636,9733969697","636,9733969697","636,9733969697","636,9733969697",,,,,,,,,,,,,,
3xifMhAOQaaq9PXrZOQwsQ,nilvanelopes@hotmail.com,Admin,X FILE MIGNON ESPECIAL,45,1,44,"144,32","33,8664516129",,,,"34,3277773256", (),"1,2992208485",5,"42,75",95,"R$ 42,75 (95,00%)",,"636,9733969697","636,9733969697","636,9733969697","636,9733969697",,,,,,,,,,,,,,
u99V-CDFR7WUA6oJqhOw1Q,nilvanelopes@hotmail.com,Admin,X COSTELA,45,1,44,"144,32","33,8664516129","19,3191114551","19,3191114551","42,9313587891","34,3277773256","R$ 19,32 (42,93%)","1,2992208485",5,"23,4308885449","52,0686412109","R$ 23,43 (52,07%)","R$ 23,43 (52,07%)","636,9733969697","636,9733969697","636,9733969697","636,9733969697",,,,,,,,,,,,,,
G37evWmuQGKvC8JCfAH5CA,nilvanelopes@hotmail.com,Admin,PORÇÃO MISTA 600,98,1,44,"144,32","33,8664516129","39,7601052632","39,7601052632","40,5715359828","34,3277773256","R$ 39,76 (40,57%)","1,2992208485",5,"53,3398947368","54,4284640172","R$ 53,34 (54,43%)","R$ 53,34 (54,43%)","636,9733969697","636,9733969697","636,9733969697","636,9733969697",,,,,,,,,,,,,,
hlsj.-8XTyC6.-CFRdPHMg,nilvanelopes@hotmail.com,Admin,´PORÇÃO FRANGO CALABRESA 800,92,1,44,"144,32","33,8664516129","35,568","35,568","38,6608695652","34,3277773256","R$ 35,57 (38,66%)","1,2992208485",5,"51,832","56,3391304348","R$ 51,83 (56,34%)","R$ 51,83 (56,34%)","636,9733969697","636,9733969697","636,9733969697","636,9733969697",,,,,,,,,,,,,,
9so3rgT3Rqertrt1kiP6oA,nilvanelopes@hotmail.com,Admin,x strogonof carne,40,1,44,"144,32","33,8664516129","12,1093447884","12,1093447884","30,2733619711","34,3277773256","R$ 12,11 (30,27%)","1,2992208485",5,"25,8906552116","64,7266380289","R$ 25,89 (64,73%)","R$ 25,89 (64,73%)","636,9733969697","636,9733969697","636,9733969697","636,9733969697",,,,,,,,,,,,,,
Xq5HVAWIQCmLe94ewsN2Mg,nilvanelopes@hotmail.com,Admin,VEGETARIANO,44,1,44,"144,32","33,8664516129","19,2972352941","19,2972352941","43,8573529412","34,3277773256","R$ 19,30 (43,86%)","1,2992208485",5,"22,5027647059","51,1426470588","R$ 22,50 (51,14%)","R$ 22,50 (51,14%)","636,9733969697","636,9733969697","636,9733969697","636,9733969697",,,,,,,,,,,,,,
rCpgrnVYSy6iC3dTf11FoA,efraimmoveis@gmail.com,Admin,Pizza 30 cm Mussarela,42,1,44,"144,32","33,8664516129","13,6025","13,6025","32,3869047619","34,3277773256","R$ 13,60 (32,39%)","1,2992208485",5,"26,2975","62,6130952381","R$ 26,30 (62,61%)","R$ 26,30 (62,61%)","636,9733969697","636,9733969697","636,9733969697","636,9733969697",,,,,,,,,,,,,,
2XZoMlpTQg-EtAr8mQM0Ig,efraimmoveis@gmail.com,Admin,Pizza 30 cm Calabresa,42,1,44,"144,32","33,8664516129","15,3625","15,3625","36,5773809524","34,3277773256","R$ 15,36 (36,58%)","1,2992208485",5,"24,5375","58,4226190476","R$ 24,54 (58,42%)","R$ 24,54 (58,42%)","636,9733969697","636,9733969697","636,9733969697","636,9733969697",,,,,,,,,,,,,,
qD65c3vrRa6jPKm9l.K.gg,efraimmoveis@gmail.com,Admin,Pizza 30 cm Mista,42,1,44,"144,32","33,8664516129","15,8625","15,8625","37,7678571429","34,3277773256","R$ 15,86 (37,77%)","1,2992208485",5,"24,0375","57,2321428571","R$ 24,04 (57,23%)","R$ 24,04 (57,23%)","636,9733969697","636,9733969697","636,9733969697","636,9733969697",,,,,,,,,,,,,,
SMN85seARdK5PafPyoNWjA,efraimmoveis@gmail.com,Admin,Pizza 30 cm Frango,42,1,44,"144,32","33,8664516129","15,0975","15,0975","35,9464285714","34,3277773256","R$ 15,10 (35,95%)","1,2992208485",5,"24,8025","59,0535714286","R$ 24,80 (59,05%)","R$ 24,80 (59,05%)","636,9733969697","636,9733969697","636,9733969697","636,9733969697",,,,,,,,,,,,,,
CJYMt7X3QNSwWfuRelsJ6A,efraimmoveis@gmail.com,Admin,Pizza 30 cm Frango C/ Catupiry,42,1,44,"144,32","33,8664516129","17,2975","17,2975","41,1845238095","34,3277773256","R$ 17,30 (41,18%)","1,2992208485",5,"22,6025","53,8154761905","R$ 22,60 (53,82%)","R$ 22,60 (53,82%)","636,9733969697","636,9733969697","636,9733969697","636,9733969697",,,,,,,,,,,,,,
4.WIt47gR-uNzkHXG-UyeQ,efraimmoveis@gmail.com,Admin,Pizza 30 cm Marguerita,44,1,44,"144,32","33,8664516129","14,6875","14,6875","33,3806818182","34,3277773256","R$ 14,69 (33,38%)","1,2992208485",5,"27,1125","61,6193181818","R$ 27,11 (61,62%)","R$ 27,11 (61,62%)","636,9733969697","636,9733969697","636,9733969697","636,9733969697",,,,,,,,,,,,,,
fUgCdfZmTHOgDQIrea1ggQ,efraimmoveis@gmail.com,Admin,Pizza 30 cm Portuguesa,44,1,44,"144,32","33,8664516129","18,6625","18,6625","42,4147727273","34,3277773256","R$ 18,66 (42,41%)","1,2992208485",5,"23,1375","52,5852272727","R$ 23,14 (52,59%)","R$ 23,14 (52,59%)","636,9733969697","636,9733969697","636,9733969697","636,9733969697",,,,,,,,,,,,,,
a.phFu9v3Q16Nx4zC6IaU2g,efraimmoveis@gmail.com,Admin,Pizza 30 cm 5 Queijos,49,1,44,"144,32","33,8664516129","26,3825","26,3825","53,8418367347","34,3277773256","R$ 26,38 (53,84%)","1,2992208485",5,"20,1675","41,1581632653","R$ 20,17 (41,16%)","R$ 20,17 (41,16%)","636,9733969697","636,9733969697","636,9733969697","636,9733969697",,,,,,,,,,,,,,
RboU0jtgSpyWJoaMAl6itA,efraimmoveis@gmail.com,Admin,Pizza 30 cm Presunto,42,1,44,"144,32","33,8664516129","15,3975","15,3975","36,6607142857","34,3277773256","R$ 15,40 (36,66%)","1,2992208485",5,"24,5025","58,3392857143","R$ 24,50 (58,34%)","R$ 24,50 (58,34%)","636,9733969697","636,9733969697","636,9733969697","636,9733969697",,,,,,,,,,,,,,
T8ipKmIUQ0-nYyinJED1mQ,efraimmoveis@gmail.com,Admin,Pizza 30 cm Camarão,55,1,44,"144,32","33,8664516129","22,8975","22,8975","41,6318181818","34,3277773256","R$ 22,90 (41,63%)","1,2992208485",5,"29,3525","53,3681818182","R$ 29,35 (53,37%)","R$ 29,35 (53,37%)","636,9733969697","636,9733969697","636,9733969697","636,9733969697",,,,,,,,,,,,,,
jpb0p8Z-RleAeUIAeA5ziQ,efraimmoveis@gmail.com,Admin,Pizza 30 cm Calabresa C/Cheddar,44,1,44,"144,32","33,8664516129","17,7625","17,7625","40,3693181818","34,3277773256","R$ 17,76 (40,37%)","1,2992208485",5,"24,0375","54,6306818182","R$ 24,04 (54,63%)","R$ 24,04 (54,63%)","636,9733969697","636,9733969697","636,9733969697","636,9733969697",,,,,,,,,,,,,,
YoLUNXFwS8WrJ5vgpI70AQ,efraimmoveis@gmail.com,Admin,Pizza 30 cm Carne Seca C/Crean Cheese,49,1,44,"144,32","33,8664516129","20,8375","20,8375","42,5255102041","34,3277773256","R$ 20,84 (42,53%)","1,2992208485",5,"25,7125","52,4744897959","R$ 25,71 (52,47%)","R$ 25,71 (52,47%)","636,9733969697","636,9733969697","636,9733969697","636,9733969697",,,,,,,,,,,,,,
aeUaD4jKR121bEAsDD5.Ew,mellosseropedica@hotmail.com,Admin,Nº 5,50,1,44,"144,32","33,8664516129",,,,"34,3277773256", (),"1,2992208485",5,"47,5",95,"R$ 47,50 (95,00%)",,"636,9733969697","636,9733969697","636,9733969697","636,9733969697",,,,,,,,,,,,,,
0jndWBSiTUuqNWaZbO-sBQ,mellosseropedica@hotmail.com,Admin,Teste ,10,1,44,"144,32","33,8664516129",,,,"34,3277773256", (),"1,2992208485",5,"9,5",95,"R$ 9,50 (95,00%)",,"636,9733969697","636,9733969697","636,9733969697","636,9733969697",,,,,,,,,,,,,,
HH7ntDfaRGaUy.iGb4WXDg,mellosseropedica@hotmail.com,Admin,Nº 5,50,1,44,"144,32","33,8664516129",,,,"34,3277773256", (),"1,2992208485",5,"47,5",95,"R$ 47,50 (95,00%)",,"636,9733969697","636,9733969697","636,9733969697","636,9733969697",,,,,,,,,,,,,,
zfUMp36BQVOBWp1mrRkIMQ,mellosseropedica@hotmail.com,Admin,Teste,10,1,44,"144,32","33,8664516129",,,,"34,3277773256", (),"1,2992208485",5,"9,5",95,"R$ 9,50 (95,00%)",,"636,9733969697","636,9733969697","636,9733969697","636,9733969697",,,,,,,,,,,,,,
x9jW2Mx8RFKL0KuOKENUxw,dgomesbh@gmail.com,Admin,Picolé fruta Tangerina (Sem Glúten) (Sem Lactose),"9,99",1,44,"144,32","33,8664516129","3,654","3,654","36,5765765766","34,3277773256","R$ 3,65 (36,58%)","1,2992208485",5,"5,8365","58,4234234234","R$ 5,84 (58,42%)","R$ 5,84 (58,42%)","636,9733969697","636,9733969697","636,9733969697","636,9733969697",,,,,,,,,,,,,,
NSl0HkwpR.ehTd1mwQlT6w,dgomesbh@gmail.com,Admin,Picolé fruta uva (Sem Glúten) (Sem Lactose),"9,99",1,44,"144,32","33,8664516129","3,654","3,654","36,5765765766","34,3277773256","R$ 3,65 (36,58%)","1,2992208485",5,"5,8365","58,4234234234","R$ 5,84 (58,42%)","R$ 5,84 (58,42%)","636,9733969697","636,9733969697","636,9733969697","636,9733969697",,,,,,,,,,,,,,
A-tqBe90QVKEFkOCO0Aykw,dgomesbh@gmail.com,Admin,Picolé fruta abacaxi (Sem Glúten) (Sem Lactose),"9,99",1,44,"144,32","33,8664516129","3,654","3,654","36,5765765766","34,3277773256","R$ 3,65 (36,58%)","1,2992208485",5,"5,8365","58,4234234234","R$ 5,84 (58,42%)","R$ 5,84 (58,42%)","636,9733969697","636,9733969697","636,9733969697","636,9733969697",,,,,,,,,,,,,,
UoMov3i3RwiaZ4-N2VVPIQ,dgomesbh@gmail.com,Admin,Picolé fruta limão (Sem Glúten) (Sem Lactose),"9,99",1,44,"144,32","33,8664516129","3,654","3,654","36,5765765766","34,3277773256","R$ 3,65 (36,58%)","1,2992208485",5,"5,8365","58,4234234234","R$ 5,84 (58,42%)","R$ 5,84 (58,42%)","636,9733969697","636,9733969697","636,9733969697","636,9733969697",,,,,,,,,,,,,,
rBXL3cg-SiGvYu68IV.Tjw,dgomesbh@gmail.com,Admin,Picolé mais fruta Manga (Vegano) (sem gordura trans) (Sem Glúten) (Sem Lactose),"9,99",1,44,"144,32","33,8664516129","4,374","4,374","43,7837837838","34,3277773256","R$ 4,37 (43,78%)","1,2992208485",5,"5,1165","51,2162162162","R$ 5,12 (51,22%)","R$ 5,12 (51,22%)","636,9733969697","636,9733969697","636,9733969697","636,9733969697",,,,,,,,,,,,,,
jc08tpA5RMSpZNpd.uLLLg,dgomesbh@gmail.com,Admin,Picolé Love Unicórnio (Sem Glúten),"9,99",1,44,"144,32","33,8664516129","4,734","4,734","47,3873873874","34,3277773256","R$ 4,73 (47,39%)","1,2992208485",5,"4,7565","47,6126126126","R$ 4,76 (47,61%)","R$ 4,76 (47,61%)","636,9733969697","636,9733969697","636,9733969697","636,9733969697",,,,,,,,,,,,,,
uh1cOjXIRWC7kwd2VH73-Q,dgomesbh@gmail.com,Admin,Picolé love moranguinho (Sem Glúten),"9,99",1,44,"144,32","33,8664516129","4,734","4,734","47,3873873874","34,3277773256","R$ 4,73 (47,39%)","1,2992208485",5,"4,7565","47,6126126126","R$ 4,76 (47,61%)","R$ 4,76 (47,61%)","636,9733969697","636,9733969697","636,9733969697","636,9733969697",,,,,,,,,,,,,,
YN.q4HRaSCSqCV.0S1BI-w,dgomesbh@gmail.com,Admin,Picolé leite chocolate,"9,99",1,44,"144,32","33,8664516129","4,374","4,374","43,7837837838","34,3277773256","R$ 4,37 (43,78%)","1,2992208485",5,"5,1165","51,2162162162","R$ 5,12 (51,22%)","R$ 5,12 (51,22%)","636,9733969697","636,9733969697","636,9733969697","636,9733969697",,,,,,,,,,,,,,
uQkWLKrWSFmkOajFCgTbng,dgomesbh@gmail.com,Admin,Picolé leite coco (Sem Glúten),"9,99",1,44,"144,32","33,8664516129","4,014","4,014","40,1801801802","34,3277773256","R$ 4,01 (40,18%)","1,2992208485",5,"5,4765","54,8198198198","R$ 5,48 (54,82%)","R$ 5,48 (54,82%)","636,9733969697","636,9733969697","636,9733969697","636,9733969697",,,,,,,,,,,,,,
nir1dzm4QzWIrKOy9DB4Kg,dgomesbh@gmail.com,Admin,Picolé leite milho verde (Sem Glúten),"9,99",1,44,"144,32","33,8664516129","4,014","4,014","40,1801801802","34,3277773256","R$ 4,01 (40,18%)","1,2992208485",5,"5,4765","54,8198198198","R$ 5,48 (54,82%)","R$ 5,48 (54,82%)","636,9733969697","636,9733969697","636,9733969697","636,9733969697",,,,,,,,,,,,,,
piNl6VriSkSiP4LwuyqEaA,dgomesbh@gmail.com,Admin,Picolé açaí (Sem Glúten) (Sem Lactose),"9,99",1,44,"144,32","33,8664516129","4,734","4,734","47,3873873874","34,3277773256","R$ 4,73 (47,39%)","1,2992208485",5,"4,7565","47,6126126126","R$ 4,76 (47,61%)","R$ 4,76 (47,61%)","636,9733969697","636,9733969697","636,9733969697","636,9733969697",,,,,,,,,,,,,,
Q9wbrcXDQEibcJVli4AU6Q,dgomesbh@gmail.com,Admin,Picolé mais leite (Sem Glúten),"9,99",1,44,"144,32","33,8664516129","4,374","4,374","43,7837837838","34,3277773256","R$ 4,37 (43,78%)","1,2992208485",5,"5,1165","51,2162162162","R$ 5,12 (51,22%)","R$ 5,12 (51,22%)","636,9733969697","636,9733969697","636,9733969697","636,9733969697",,,,,,,,,,,,,,
M93o08IcTdOns0ukUAjq9A,dgomesbh@gmail.com,Admin,Picolé chocolate zero açúcar (Diet) (Sem Glúten),"14,99",1,44,"144,32","33,8664516129","5,014","5,014","33,4489659773","34,3277773256","R$ 5,01 (33,45%)","1,2992208485",5,"9,2265","61,5510340227","R$ 9,23 (61,55%)","R$ 9,23 (61,55%)","636,9733969697","636,9733969697","636,9733969697","636,9733969697",,,,,,,,,,,,,,
a-ZS.LcDyT2CyYhcptADFcg,dgomesbh@gmail.com,Admin,Cone Pistache,"21,99",1,44,"144,32","33,8664516129","10,234","10,234","46,5393360618","34,3277773256","R$ 10,23 (46,54%)","1,2992208485",5,"10,6565","48,4606639382","R$ 10,66 (48,46%)","R$ 10,66 (48,46%)","636,9733969697","636,9733969697","636,9733969697","636,9733969697",,,,,,,,,,,,,,
2kvBiMRNSSqOCmO8.Y64UA,dgomesbh@gmail.com,Admin,Cone mais leite trufado,"21,99",1,44,"144,32","33,8664516129","10,234","10,234","46,5393360618","34,3277773256","R$ 10,23 (46,54%)","1,2992208485",5,"10,6565","48,4606639382","R$ 10,66 (48,46%)","R$ 10,66 (48,46%)","636,9733969697","636,9733969697","636,9733969697","636,9733969697",,,,,,,,,,,,,,
YrQFNOVHTJmgpTIGeq2ZPw,dgomesbh@gmail.com,Admin,Whey amendoim zero açúcar (Diet) (Sem Glúten),"19,99",1,44,"144,32","33,8664516129","9,494","9,494","47,4937468734","34,3277773256","R$ 9,49 (47,49%)","1,2992208485",5,"9,4965","47,5062531266","R$ 9,50 (47,51%)","R$ 9,50 (47,51%)","636,9733969697","636,9733969697","636,9733969697","636,9733969697",,,,,,,,,,,,,,
ra2KP5URSPC6qxTTHrkvRQ,dgomesbh@gmail.com,Admin,Whey cacau zero açúcar (Diet) (Sem Glúten),"19,99",1,44,"144,32","33,8664516129","9,494","9,494","47,4937468734","34,3277773256","R$ 9,49 (47,49%)","1,2992208485",5,"9,4965","47,5062531266","R$ 9,50 (47,51%)","R$ 9,50 (47,51%)","636,9733969697","636,9733969697","636,9733969697","636,9733969697",,,,,,,,,,,,,,
7bd.RexzSJyXjsuXUQmCdQ,dgomesbh@gmail.com,Admin,Picolé Chocoblito,"14,99",1,44,"144,32","33,8664516129","7,014","7,014","46,7911941294","34,3277773256","R$ 7,01 (46,79%)","1,2992208485",5,"7,2265","48,2088058706","R$ 7,23 (48,21%)","R$ 7,23 (48,21%)","636,9733969697","636,9733969697","636,9733969697","636,9733969697",,,,,,,,,,,,,,
J1mWDy4QQe2XPViHwPQFgQ,dgomesbh@gmail.com,Admin,Picolé Chocoblito Nut,"14,99",1,44,"144,32","33,8664516129","7,014","7,014","46,7911941294","34,3277773256","R$ 7,01 (46,79%)","1,2992208485",5,"7,2265","48,2088058706","R$ 7,23 (48,21%)","R$ 7,23 (48,21%)","636,9733969697","636,9733969697","636,9733969697","636,9733969697",,,,,,,,,,,,,,
EY4.ZBCoR6-c6rKg3cwacg,dgomesbh@gmail.com,Admin,Picolé Franblito,"14,99",1,44,"144,32","33,8664516129","7,014","7,014","46,7911941294","34,3277773256","R$ 7,01 (46,79%)","1,2992208485",5,"7,2265","48,2088058706","R$ 7,23 (48,21%)","R$ 7,23 (48,21%)","636,9733969697","636,9733969697","636,9733969697","636,9733969697",,,,,,,,,,,,,,
zER5.LGZSyKmbFHeuxSR1w,dgomesbh@gmail.com,Admin,Picolé Chocoblito Rockers,"14,99",1,44,"144,32","33,8664516129","7,014","7,014","46,7911941294","34,3277773256","R$ 7,01 (46,79%)","1,2992208485",5,"7,2265","48,2088058706","R$ 7,23 (48,21%)","R$ 7,23 (48,21%)","636,9733969697","636,9733969697","636,9733969697","636,9733969697",,,,,,,,,,,,,,
DfOQ78uyT1a-vvL7Dzj2MA,dgomesbh@gmail.com,Admin,Picolé brigadeiro,"14,99",1,44,"144,32","33,8664516129","7,034","7,034","46,9246164109","34,3277773256","R$ 7,03 (46,92%)","1,2992208485",5,"7,2065","48,0753835891","R$ 7,21 (48,08%)","R$ 7,21 (48,08%)","636,9733969697","636,9733969697","636,9733969697","636,9733969697",,,,,,,,,,,,,,
AjJxySRPTzKOcUXu416tcw,dgomesbh@gmail.com,Admin,Picolé mousse de maracujá com chocolate branco  (Sem Glúten),"14,99",1,44,"144,32","33,8664516129","7,014","7,014","46,7911941294","34,3277773256","R$ 7,01 (46,79%)","1,2992208485",5,"7,2265","48,2088058706","R$ 7,23 (48,21%)","R$ 7,23 (48,21%)","636,9733969697","636,9733969697","636,9733969697","636,9733969697",,,,,,,,,,,,,,
Ck-HRAkBQ7OAOBooQdBLMg,dgomesbh@gmail.com,Admin,Picolé mousse de limão com chocolate branco  (Sem Glúten),"14,99",1,44,"144,32","33,8664516129","7,014","7,014","46,7911941294","34,3277773256","R$ 7,01 (46,79%)","1,2992208485",5,"7,2265","48,2088058706","R$ 7,23 (48,21%)","R$ 7,23 (48,21%)","636,9733969697","636,9733969697","636,9733969697","636,9733969697",,,,,,,,,,,,,,
e5NWEyRUQyqWBflBnGnuag,dgomesbh@gmail.com,Admin,Picolé Aurus Goldko Pistache zero açúcar (Diet),"24,99",1,44,"144,32","33,8664516129","11,694","11,694","46,7947178872","34,3277773256","R$ 11,69 (46,79%)","1,2992208485",5,"12,0465","48,2052821128","R$ 12,05 (48,21%)","R$ 12,05 (48,21%)","636,9733969697","636,9733969697","636,9733969697","636,9733969697",,,,,,,,,,,,,,
aL-JPPObSjaApiJ4Y2BefQ,dgomesbh@gmail.com,Admin,Picolé Aurus Goldko Chocolate zero açúcar (Diet) (Sem Glúten),"24,99",1,44,"144,32","33,8664516129","11,694","11,694","46,7947178872","34,3277773256","R$ 11,69 (46,79%)","1,2992208485",5,"12,0465","48,2052821128","R$ 12,05 (48,21%)","R$ 12,05 (48,21%)","636,9733969697","636,9733969697","636,9733969697","636,9733969697",,,,,,,,,,,,,,
zPuB22atSSOgibU.kTCNVg,dgomesbh@gmail.com,Admin,Picolé Aurus Goldko Cookies zero açúcar (Diet),"24,99",1,44,"144,32","33,8664516129","11,694","11,694","46,7947178872","34,3277773256","R$ 11,69 (46,79%)","1,2992208485",5,"12,0465","48,2052821128","R$ 12,05 (48,21%)","R$ 12,05 (48,21%)","636,9733969697","636,9733969697","636,9733969697","636,9733969697",,,,,,,,,,,,,,
SsUkE0K2Q2mNng5Wp0V3Nw,dgomesbh@gmail.com,Admin,Picolé Aurus Pistache,"23,99",1,44,"144,32","33,8664516129","10,944","10,944","45,61900792","34,3277773256","R$ 10,94 (45,62%)","1,2992208485",5,"11,8465","49,38099208","R$ 11,85 (49,38%)","R$ 11,85 (49,38%)","636,9733969697","636,9733969697","636,9733969697","636,9733969697",,,,,,,,,,,,,,
PoGnjuL8TKmf0XrrfCJHzQ,dgomesbh@gmail.com,Admin,Picolé Aurus Panna Cotta Chocolate e Avelãs,"19,99",1,44,"144,32","33,8664516129","9,494","9,494","47,4937468734","34,3277773256","R$ 9,49 (47,49%)","1,2992208485",5,"9,4965","47,5062531266","R$ 9,50 (47,51%)","R$ 9,50 (47,51%)","636,9733969697","636,9733969697","636,9733969697","636,9733969697",,,,,,,,,,,,,,
XyLeYlY-S06eFBmTdLFxfA,dgomesbh@gmail.com,Admin,Picolé Aurus Cheesecake com Morango (Sem Glúten),"19,99",1,44,"144,32","33,8664516129","9,494","9,494","47,4937468734","34,3277773256","R$ 9,49 (47,49%)","1,2992208485",5,"9,4965","47,5062531266","R$ 9,50 (47,51%)","R$ 9,50 (47,51%)","636,9733969697","636,9733969697","636,9733969697","636,9733969697",,,,,,,,,,,,,,
pUJbc0X6TwaYOrSVHCZB8A,dgomesbh@gmail.com,Admin,Picolé Aurus cookies,"19,99",1,44,"144,32","33,8664516129","9,494","9,494","47,4937468734","34,3277773256","R$ 9,49 (47,49%)","1,2992208485",5,"9,4965","47,5062531266","R$ 9,50 (47,51%)","R$ 9,50 (47,51%)","636,9733969697","636,9733969697","636,9733969697","636,9733969697",,,,,,,,,,,,,,
u.1QKqabQ8ubL-.eVtUiWg,dgomesbh@gmail.com,Admin,Picolé Aurus Café Moka,"19,99",1,44,"144,32","33,8664516129","9,494","9,494","47,4937468734","34,3277773256","R$ 9,49 (47,49%)","1,2992208485",5,"9,4965","47,5062531266","R$ 9,50 (47,51%)","R$ 9,50 (47,51%)","636,9733969697","636,9733969697","636,9733969697","636,9733969697",,,,,,,,,,,,,,
TxrjHSuuRvap4ug-BkFtYw,dgomesbh@gmail.com,Admin,Picolé Aurus vanilla com chocolate ao leite (Sem Glúten),"19,99",1,44,"144,32","33,8664516129","8,044","8,044","40,24012006","34,3277773256","R$ 8,04 (40,24%)","1,2992208485",5,"10,9465","54,75987994","R$ 10,95 (54,76%)","R$ 10,95 (54,76%)","636,9733969697","636,9733969697","636,9733969697","636,9733969697",,,,,,,,,,,,,,
L9rd7dIeQtaX5mccuWomiQ,dgomesbh@gmail.com,Admin,Paleta de paçoca,"14,99",1,44,"144,32","33,8664516129","7,014","7,014","46,7911941294","34,3277773256","R$ 7,01 (46,79%)","1,2992208485",5,"7,2265","48,2088058706","R$ 7,23 (48,21%)","R$ 7,23 (48,21%)","636,9733969697","636,9733969697","636,9733969697","636,9733969697",,,,,,,,,,,,,,
a.6GG8goEThKVgKjQPU0odg,dgomesbh@gmail.com,Admin,Paleta de Coco Bianco,"21,99",1,44,"144,32","33,8664516129","10,234","10,234","46,5393360618","34,3277773256","R$ 10,23 (46,54%)","1,2992208485",5,"10,6565","48,4606639382","R$ 10,66 (48,46%)","R$ 10,66 (48,46%)","636,9733969697","636,9733969697","636,9733969697","636,9733969697",,,,,,,,,,,,,,
FN7fbJ5vTOKS2EJoCxJ1Sg,dgomesbh@gmail.com,Admin,Paleta de leite trufado (Sem Glúten),"19,99",1,44,"144,32","33,8664516129","9,494","9,494","47,4937468734","34,3277773256","R$ 9,49 (47,49%)","1,2992208485",5,"9,4965","47,5062531266","R$ 9,50 (47,51%)","R$ 9,50 (47,51%)","636,9733969697","636,9733969697","636,9733969697","636,9733969697",,,,,,,,,,,,,,
7WXGU3gDS7G5723kS4pqrA,dgomesbh@gmail.com,Admin,Picolé Pegada Do Freddy,"9,99",1,44,"144,32","33,8664516129","4,734","4,734","47,3873873874","34,3277773256","R$ 4,73 (47,39%)","1,2992208485",5,"4,7565","47,6126126126","R$ 4,76 (47,61%)","R$ 4,76 (47,61%)","636,9733969697","636,9733969697","636,9733969697","636,9733969697",,,,,,,,,,,,,,
lTN.HyXuREq5oq6WlKmY8g,dgomesbh@gmail.com,Admin,Paleta de morango com leite condensado (Sem Glúten),"19,99",1,44,"144,32","33,8664516129","9,494","9,494","47,4937468734","34,3277773256","R$ 9,49 (47,49%)","1,2992208485",5,"9,4965","47,5062531266","R$ 9,50 (47,51%)","R$ 9,50 (47,51%)","636,9733969697","636,9733969697","636,9733969697","636,9733969697",,,,,,,,,,,,,,
X4E7u7a.TRKD.PluyPrkqQ,dgomesbh@gmail.com,Admin,Bombonzinho de Sorvete Pistache,"26,99",1,44,"144,32","33,8664516129","12,434","12,434","46,0689144127","34,3277773256","R$ 12,43 (46,07%)","1,2992208485",5,"13,2065","48,9310855873","R$ 13,21 (48,93%)","R$ 13,21 (48,93%)","636,9733969697","636,9733969697","636,9733969697","636,9733969697",,,,,,,,,,,,,,
xkrQapYwSqKrbpm8TXLdNg,dgomesbh@gmail.com,Admin,Bombonzinho vanilla cream  120g,"24,99",1,44,"144,32","33,8664516129","10,944","10,944","43,793517407","34,3277773256","R$ 10,94 (43,79%)","1,2992208485",5,"12,7965","51,206482593","R$ 12,80 (51,21%)","R$ 12,80 (51,21%)","636,9733969697","636,9733969697","636,9733969697","636,9733969697",,,,,,,,,,,,,,
PLjsJaywTheIjztiPOTLdg,edernapafilm@gmail.com,Admin,Pizza de muçarela ,"59,99",1,44,"144,32","33,8664516129","18,8582512605","18,8582512605","31,4356580438","34,3277773256","R$ 18,86 (31,44%)","1,2992208485",5,"38,1322487395","63,5643419562","R$ 38,13 (63,56%)","R$ 38,13 (63,56%)","636,9733969697","636,9733969697","636,9733969697","636,9733969697",,,,,,,,,,,,,,
9s1g3SskSyGZ6AGmqIiezQ,edernapafilm@gmail.com,Admin,Pizza de costela ,"85,99",8,44,"144,32","33,8664516129","41,9531356373","5,2441419547","6,0985486157","34,3277773256","R$ 5,24 (6,10%)","1,2992208485",5,"76,4463580453","88,9014513843","R$ 76,45 (88,90%)","R$ 76,45 (88,90%)","636,9733969697","636,9733969697","636,9733969697","636,9733969697",,,,,,,,,,,,,,
Y-NteaD.RamnWaVItNnzQA,edernapafilm@gmail.com,Admin,Pizza de contra file,"85,96",8,44,"144,32","33,8664516129","20,0675","2,5084375","2,9181450675","34,3277773256","R$ 2,51 (2,92%)","1,2992208485",5,"79,1535625","92,0818549325","R$ 79,15 (92,08%)","R$ 79,15 (92,08%)","636,9733969697","636,9733969697","636,9733969697","636,9733969697",,,,,,,,,,,,,,
GDzry9cYTXGWQ6mKEvPwgg,edernapafilm@gmail.com,Admin,Pizza camarão ,"85,96",8,44,"144,32","33,8664516129",,,,"34,3277773256", (),"1,2992208485",5,"81,662",95,"R$ 81,66 (95,00%)",,"636,9733969697","636,9733969697","636,9733969697","636,9733969697",,,,,,,,,,,,,,
xOP5KHucR8mHhAWaOB8edg,edernapafilm@gmail.com,Admin,Pizza escarola ,"84,99",8,44,"144,32","33,8664516129",,,,"34,3277773256", (),"1,2992208485",5,"80,7405",95,"R$ 80,74 (95,00%)",,"636,9733969697","636,9733969697","636,9733969697","636,9733969697",,,,,,,,,,,,,,
uxah7uCiRWq5QMpMdAQzRw,edernapafilm@gmail.com,Admin,Pizza Peito de Peru ,"85,99",8,44,"144,32","33,8664516129",,,,"34,3277773256", (),"1,2992208485",5,"81,6905",95,"R$ 81,69 (95,00%)",,"636,9733969697","636,9733969697","636,9733969697","636,9733969697",,,,,,,,,,,,,,
dDjidkQfSa6Fqzl1t81umA,edernapafilm@gmail.com,Admin,Pizza Atum,"69,96",8,44,"144,32","33,8664516129",,,,"34,3277773256", (),"1,2992208485",5,"66,462",95,"R$ 66,46 (95,00%)",,"636,9733969697","636,9733969697","636,9733969697","636,9733969697",,,,,,,,,,,,,,
25S9lnhoR.6aHLirns99Lg,edernapafilm@gmail.com,Admin,Pizza oriental,"85,99",8,44,"144,32","33,8664516129",,,,"34,3277773256", (),"1,2992208485",5,"81,6905",95,"R$ 81,69 (95,00%)",,"636,9733969697","636,9733969697","636,9733969697","636,9733969697",,,,,,,,,,,,,,
JosH.8GYRLeYjS8ilf0sfQ,edernapafilm@gmail.com,Admin,Pizza Favorita ,"84,99",8,44,"144,32","33,8664516129","24,0784655878","3,0098081985","3,5413674532","34,3277773256","R$ 3,01 (3,54%)","1,2992208485",5,"77,7306918015","91,4586325468","R$ 77,73 (91,46%)","R$ 77,73 (91,46%)","636,9733969697","636,9733969697","636,9733969697","636,9733969697",,,,,,,,,,,,,,
KA0PGoPwR7myajLl50k7BQ,edernapafilm@gmail.com,Admin,Pizza marguerita,"59,99",8,44,"144,32","33,8664516129","18,0906042017","2,2613255252","3,769504126","34,3277773256","R$ 2,26 (3,77%)","1,2992208485",5,"54,7291744748","91,230495874","R$ 54,73 (91,23%)","R$ 54,73 (91,23%)","636,9733969697","636,9733969697","636,9733969697","636,9733969697",,,,,,,,,,,,,,
Ht7fkGApSByySZHaK6j2vQ,edernapafilm@gmail.com,Admin,Pizza napolitana ,"69,99",8,44,"144,32","33,8664516129","19,5006042017","2,4375755252","3,4827482858","34,3277773256","R$ 2,44 (3,48%)","1,2992208485",5,"64,0529244748","91,5172517142","R$ 64,05 (91,52%)","R$ 64,05 (91,52%)","636,9733969697","636,9733969697","636,9733969697","636,9733969697",,,,,,,,,,,,,,
HOeUdCFPRtubmxDJYxjF7w,edernapafilm@gmail.com,Admin,Pizza 2 queijos ,"84,99",8,44,"144,32","33,8664516129","23,0986042017","2,8873255252","3,3972532359","34,3277773256","R$ 2,89 (3,40%)","1,2992208485",5,"77,8531744748","91,6027467641","R$ 77,85 (91,60%)","R$ 77,85 (91,60%)","636,9733969697","636,9733969697","636,9733969697","636,9733969697",,,,,,,,,,,,,,
v5TXA2XSQdSoa2rbuSB2OQ,edernapafilm@gmail.com,Admin,Pizza Provolone ,"84,99",8,44,"144,32","33,8664516129",,,,"34,3277773256", (),"1,2992208485",5,"80,7405",95,"R$ 80,74 (95,00%)",,"636,9733969697","636,9733969697","636,9733969697","636,9733969697",,,,,,,,,,,,,,
WOF3pLo6TWmfgKylfUqtiA,edernapafilm@gmail.com,Admin,Pizza 4 queijos ,"84,99",8,44,"144,32","33,8664516129",,,,"34,3277773256", (),"1,2992208485",5,"80,7405",95,"R$ 80,74 (95,00%)",,"636,9733969697","636,9733969697","636,9733969697","636,9733969697",,,,,,,,,,,,,,
2HMgNdURQeq2iGeYbPlHsQ,edernapafilm@gmail.com,Admin,Pizza 5 queijo ,"84,99",8,44,"144,32","33,8664516129",,,,"34,3277773256", (),"1,2992208485",5,"80,7405",95,"R$ 80,74 (95,00%)",,"636,9733969697","636,9733969697","636,9733969697","636,9733969697",,,,,,,,,,,,,,
gTaf1vvQQ6u2Y1rst5hrPA,edernapafilm@gmail.com,Admin,Pizza 6 queijos ,"84,99",8,44,"144,32","33,8664516129",,,,"34,3277773256", (),"1,2992208485",5,"80,7405",95,"R$ 80,74 (95,00%)",,"636,9733969697","636,9733969697","636,9733969697","636,9733969697",,,,,,,,,,,,,,
bYu-cP2DSlaEAQmSi4VFDg,edernapafilm@gmail.com,Admin,Pizza Calabresa ,"59,99",8,44,"144,32","33,8664516129","16,3309742017","2,0413717752","3,4028534343","34,3277773256","R$ 2,04 (3,40%)","1,2992208485",5,"54,9491282248","91,5971465657","R$ 54,95 (91,60%)","R$ 54,95 (91,60%)","636,9733969697","636,9733969697","636,9733969697","636,9733969697",,,,,,,,,,,,,,
Jz2IwHe.RNuoergQrFHZQw,edernapafilm@gmail.com,Admin,Pizza baiana,"69,99",8,44,"144,32","33,8664516129","19,0810002017","2,3851250252","3,4078082943","34,3277773256","R$ 2,39 (3,41%)","1,2992208485",5,"64,1053749748","91,5921917057","R$ 64,11 (91,59%)","R$ 64,11 (91,59%)","636,9733969697","636,9733969697","636,9733969697","636,9733969697",,,,,,,,,,,,,,
N0MDtrO6TIS0BIupv4y8nQ,edernapafilm@gmail.com,Admin,Pizza Toscana ,"59,99",8,44,"144,32","33,8664516129","19,8791342017","2,4848917752","4,1421766548","34,3277773256","R$ 2,48 (4,14%)","1,2992208485",5,"54,5056082248","90,8578233452","R$ 54,51 (90,86%)","R$ 54,51 (90,86%)","636,9733969697","636,9733969697","636,9733969697","636,9733969697",,,,,,,,,,,,,,
cg2Gt3brQ623DaYZx33SIg,edernapafilm@gmail.com,Admin,Pizza romana ,"84,99",8,44,"144,32","33,8664516129","21,6828332213","2,7103541527","3,189027124","34,3277773256","R$ 2,71 (3,19%)","1,2992208485",5,"78,0301458473","91,810972876","R$ 78,03 (91,81%)","R$ 78,03 (91,81%)","636,9733969697","636,9733969697","636,9733969697","636,9733969697",,,,,,,,,,,,,,
v592hFK3RG2uVBwj9HGeIA,edernapafilm@gmail.com,Admin,Pizza Bauru ,"59,99",8,44,"144,32","33,8664516129","17,5989825801","2,1998728225","3,6670658818","34,3277773256","R$ 2,20 (3,67%)","1,2992208485",5,"54,7906271775","91,3329341182","R$ 54,79 (91,33%)","R$ 54,79 (91,33%)","636,9733969697","636,9733969697","636,9733969697","636,9733969697",,,,,,,,,,,,,,
VhDYeuyFRZ-jVMZXB77ojw,edernapafilm@gmail.com,Admin,Pizza Portuguesa ,"59,99",8,44,"144,32","33,8664516129","17,4811331291","2,1851416411","3,6425098202","34,3277773256","R$ 2,19 (3,64%)","1,2992208485",5,"54,8053583589","91,3574901798","R$ 54,81 (91,36%)","R$ 54,81 (91,36%)","636,9733969697","636,9733969697","636,9733969697","636,9733969697",,,,,,,,,,,,,,
beGbeWGFR9mziB79mY3.6Q,edernapafilm@gmail.com,Admin,Pizza Portuguesa chic,"84,99",8,44,"144,32","33,8664516129","19,4878215605","2,4359776951","2,866193311","34,3277773256","R$ 2,44 (2,87%)","1,2992208485",5,"78,3045223049","92,133806689","R$ 78,30 (92,13%)","R$ 78,30 (92,13%)","636,9733969697","636,9733969697","636,9733969697","636,9733969697",,,,,,,,,,,,,,
ZJwz7GBvRtyE.BXlHilTbg,edernapafilm@gmail.com,Admin,Lasanha,"84,99",8,44,"144,32","33,8664516129",,,,"34,3277773256", (),"1,2992208485",5,"80,7405",95,"R$ 80,74 (95,00%)",,"636,9733969697","636,9733969697","636,9733969697","636,9733969697",,,,,,,,,,,,,,
Su7y4Wt7Qp2LF5dgfpOVBg,edernapafilm@gmail.com,Admin,Pizza Brócolis ,"84,99",8,44,"144,32","33,8664516129",,,,"34,3277773256", (),"1,2992208485",5,"80,7405",95,"R$ 80,74 (95,00%)",,"636,9733969697","636,9733969697","636,9733969697","636,9733969697",,,,,,,,,,,,,,
HH6jTK1wToiz1JTvyWx-nw,edernapafilm@gmail.com,Admin,Pizza Frango especial ,"84,99",8,44,"144,32","33,8664516129",,,,"34,3277773256", (),"1,2992208485",5,"80,7405",95,"R$ 80,74 (95,00%)",,"636,9733969697","636,9733969697","636,9733969697","636,9733969697",,,,,,,,,,,,,,
qiv-MwlZRZy5q3XXje-ckg,edernapafilm@gmail.com,Admin,Pizza Caipira ,"84,99",8,44,"144,32","33,8664516129",,,,"34,3277773256", (),"1,2992208485",5,"80,7405",95,"R$ 80,74 (95,00%)",,"636,9733969697","636,9733969697","636,9733969697","636,9733969697",,,,,,,,,,,,,,
SzbFzvPBTtSzOS0..hCVcA,edernapafilm@gmail.com,Admin,Pizza Crocante ,"84,99",8,44,"144,32","33,8664516129",,,,"34,3277773256", (),"1,2992208485",5,"80,7405",95,"R$ 80,74 (95,00%)",,"636,9733969697","636,9733969697","636,9733969697","636,9733969697",,,,,,,,,,,,,,
3qNedaLdQWqxQ6fEaAmDyA,edernapafilm@gmail.com,Admin,Pizza Frango requeijão ,"69,99",8,44,"144,32","33,8664516129",,,,"34,3277773256", (),"1,2992208485",5,"66,4905",95,"R$ 66,49 (95,00%)",,"636,9733969697","636,9733969697","636,9733969697","636,9733969697",,,,,,,,,,,,,,
3omcN9-TT4qH6nuGWmiHjg,edernapafilm@gmail.com,Admin,Pizza Moda da Casa ,"84,99",8,44,"144,32","33,8664516129","34,5547535878","4,3193441985","5,0821793134","34,3277773256","R$ 4,32 (5,08%)","1,2992208485",5,"76,4211558015","89,9178206866","R$ 76,42 (89,92%)","R$ 76,42 (89,92%)","636,9733969697","636,9733969697","636,9733969697","636,9733969697",,,,,,,,,,,,,,
EFtMwnFbQV6utdeokwU2PA,edernapafilm@gmail.com,Admin,Pizza Lombo ,"69,99",8,44,"144,32","33,8664516129","24,4408922017","3,0551115252","4,3650686172","34,3277773256","R$ 3,06 (4,37%)","1,2992208485",5,"63,4353884748","90,6349313828","R$ 63,44 (90,63%)","R$ 63,44 (90,63%)","636,9733969697","636,9733969697","636,9733969697","636,9733969697",,,,,,,,,,,,,,
nrwwLcu8QDK-ajZy4HZ74A,edernapafilm@gmail.com,Admin,Pizza Moda do chef,"84,99",8,44,"144,32","33,8664516129","29,3966042017","3,6745755252","4,3235386813","34,3277773256","R$ 3,67 (4,32%)","1,2992208485",5,"77,0659244748","90,6764613187","R$ 77,07 (90,68%)","R$ 77,07 (90,68%)","636,9733969697","636,9733969697","636,9733969697","636,9733969697",,,,,,,,,,,,,,
PQE70sLZSzSbcJ51TTuepg,edernapafilm@gmail.com,Admin,Pizza Siciliana ,"69,99",8,44,"144,32","33,8664516129","19,4406042017","2,4300755252","3,4720324692","34,3277773256","R$ 2,43 (3,47%)","1,2992208485",5,"64,0604244748","91,5279675308","R$ 64,06 (91,53%)","R$ 64,06 (91,53%)","636,9733969697","636,9733969697","636,9733969697","636,9733969697",,,,,,,,,,,,,,
OWEHBMHpTRC9W1we3rgGmA,edernapafilm@gmail.com,Admin,Pizza nordestino ,"84,99",8,44,"144,32","33,8664516129","1,9576470588","0,2447058824","0,2879231467","34,3277773256","R$ 0,24 (0,29%)","1,2992208485",5,"80,4957941176","94,7120768533","R$ 80,50 (94,71%)","R$ 80,50 (94,71%)","636,9733969697","636,9733969697","636,9733969697","636,9733969697",,,,,,,,,,,,,,
Ly0.OxcPQX6iLfHXjEVuwQ,edernapafilm@gmail.com,Admin,Pizza Pepperoni ,"69,99",8,44,"144,32","33,8664516129",,,,"34,3277773256", (),"1,2992208485",5,"66,4905",95,"R$ 66,49 (95,00%)",,"636,9733969697","636,9733969697","636,9733969697","636,9733969697",,,,,,,,,,,,,,
SeVU-Z9LSD2FUcGBHz5prw,edernapafilm@gmail.com,Admin,Pizza 3 desejos,"69,99",8,44,"144,32","33,8664516129",,,,"34,3277773256", (),"1,2992208485",5,"66,4905",95,"R$ 66,49 (95,00%)",,"636,9733969697","636,9733969697","636,9733969697","636,9733969697",,,,,,,,,,,,,,
A.GObMg4TomZu2688nPCRg,edernapafilm@gmail.com,Admin,Pizza Banana Nevada ,"69,99",8,44,"144,32","33,8664516129",,,,"34,3277773256", (),"1,2992208485",5,"66,4905",95,"R$ 66,49 (95,00%)",,"636,9733969697","636,9733969697","636,9733969697","636,9733969697",,,,,,,,,,,,,,
quyIbp3VTzqUpN-IwVQI4g,edernapafilm@gmail.com,Admin,Pizza Brigadeiro ,"64,99",8,44,"144,32","33,8664516129",,,,"34,3277773256", (),"1,2992208485",5,"61,7405",95,"R$ 61,74 (95,00%)",,"636,9733969697","636,9733969697","636,9733969697","636,9733969697",,,,,,,,,,,,,,
9abEMxImQw-O0x8-BT2oGg,edernapafilm@gmail.com,Admin,Pizza festa colorida ,"74,99",8,44,"144,32","33,8664516129",,,,"34,3277773256", (),"1,2992208485",5,"71,2405",95,"R$ 71,24 (95,00%)",,"636,9733969697","636,9733969697","636,9733969697","636,9733969697",,,,,,,,,,,,,,
vj4lKn6pSZ6o8Ejk90DWDw,edernapafilm@gmail.com,Admin,Pizza kit kat ,"69,99",8,44,"144,32","33,8664516129",,,,"34,3277773256", (),"1,2992208485",5,"66,4905",95,"R$ 66,49 (95,00%)",,"636,9733969697","636,9733969697","636,9733969697","636,9733969697",,,,,,,,,,,,,,
U5QTTcM4QXi2nsdf4AYVUw,edernapafilm@gmail.com,Admin,Pizza de nutella ,"84,99",8,44,"144,32","33,8664516129",,,,"34,3277773256", (),"1,2992208485",5,"80,7405",95,"R$ 80,74 (95,00%)",,"636,9733969697","636,9733969697","636,9733969697","636,9733969697",,,,,,,,,,,,,,
s-xWeXU8Tb-OnmKSsQ4p8w,edernapafilm@gmail.com,Admin,Pizza 3 Amores ,"84,99",8,44,"144,32","33,8664516129",,,,"34,3277773256", (),"1,2992208485",5,"80,7405",95,"R$ 80,74 (95,00%)",,"636,9733969697","636,9733969697","636,9733969697","636,9733969697",,,,,,,,,,,,,,
rs8HhesERkeXEnKpDaiXSA,edernapafilm@gmail.com,Admin,Pizza prestígio ,"64,99",8,44,"144,32","33,8664516129",,,,"34,3277773256", (),"1,2992208485",5,"61,7405",95,"R$ 61,74 (95,00%)",,"636,9733969697","636,9733969697","636,9733969697","636,9733969697",,,,,,,,,,,,,,
3OvAOsejRI6kMIgs93kiGw,edernapafilm@gmail.com,Admin,Pizza quebra nozes ,"69,99",8,44,"144,32","33,8664516129",,,,"34,3277773256", (),"1,2992208485",5,"66,4905",95,"R$ 66,49 (95,00%)",,"636,9733969697","636,9733969697","636,9733969697","636,9733969697",,,,,,,,,,,,,,
zfTDp668RgWlu2THVOXkYw,edernapafilm@gmail.com,Admin,Pizza Romeu e Julieta ,"69,99",8,44,"144,32","33,8664516129",,,,"34,3277773256", (),"1,2992208485",5,"66,4905",95,"R$ 66,49 (95,00%)",,"636,9733969697","636,9733969697","636,9733969697","636,9733969697",,,,,,,,,,,,,,
YhDaiMPlTO-CSEKiGPuyMA,edernapafilm@gmail.com,Admin,Pizza tentação ,"69,99",8,44,"144,32","33,8664516129",,,,"34,3277773256", (),"1,2992208485",5,"66,4905",95,"R$ 66,49 (95,00%)",,"636,9733969697","636,9733969697","636,9733969697","636,9733969697",,,,,,,,,,,,,,
DM5xlhPGTQaiMRfX4oj3Gg,edernapafilm@gmail.com,Admin,Pizza oreo,"69,99",8,44,"144,32","33,8664516129",,,,"34,3277773256", (),"1,2992208485",5,"66,4905",95,"R$ 66,49 (95,00%)",,"636,9733969697","636,9733969697","636,9733969697","636,9733969697",,,,,,,,,,,,,,
sIXAe6hmTzSe7WVcxgy2wQ,paranalanches94@gmail.com,Admin,Torta de Limão no Copo,,5,44,"144,32","33,8664516129","21,6907578947","4,3381515789",,"34,3277773256","R$ 4,34 ()","1,2992208485",5,,, (), (),"636,9733969697","636,9733969697","636,9733969697","636,9733969697",,,,,,,,,,,,,,
KBuyK9KxSHCBmCoCvJk6ow,paranalanches94@gmail.com,Admin,Mousse de Maracujá com Brigadeiro,13,7,44,"144,32","33,8664516129","40,8573178947","5,8367596992","44,8981515327","34,3277773256","R$ 5,84 (44,90%)","1,2992208485",5,"6,5132403008","50,1018484673","R$ 6,51 (50,10%)","R$ 6,51 (50,10%)","636,9733969697","636,9733969697","636,9733969697","636,9733969697",,,,,,,,,,,,,,
petg7IAuScSogxJmgm4hWg,dgomesbh@gmail.com,Admin,Pote Cookies Ncream zero açúcar diet 1 litro,"49,99",1,44,"144,32","33,8664516129","22,395","22,395","44,798959792","34,3277773256","R$ 22,40 (44,80%)","1,2992208485",5,"25,0955","50,201040208","R$ 25,10 (50,20%)","R$ 25,10 (50,20%)","636,9733969697","636,9733969697","636,9733969697","636,9733969697",,,,,,,,,,,,,,
e1O638.zTgekcitwCq13rA,alex.samira2308@gmail.com,Admin,Batman,"28,9",1,44,"144,32","33,8664516129","8,1775","8,1775","28,2958477509","34,3277773256","R$ 8,18 (28,30%)","1,2992208485",5,"19,2775","66,7041522491","R$ 19,28 (66,70%)","R$ 19,28 (66,70%)","636,9733969697","636,9733969697","636,9733969697","636,9733969697",,,,,,,,,,,,,,
jS0s3vfgRoeq2U6ge5LZ9A,alex.samira2308@gmail.com,Admin,hulk,"29,9",1,44,"144,32","33,8664516129","9,7469","9,7469","32,5983277592","34,3277773256","R$ 9,75 (32,60%)","1,2992208485",5,"18,6581","62,4016722408","R$ 18,66 (62,40%)","R$ 18,66 (62,40%)","636,9733969697","636,9733969697","636,9733969697","636,9733969697",,,,,,,,,,,,,,
nGrW-7gMTTS.dMRf0M7x7g,alex.samira2308@gmail.com,Admin,thor ,"36,9",1,44,"144,32","33,8664516129","13,2761690476","13,2761690476","35,9787779068","34,3277773256","R$ 13,28 (35,98%)","1,2992208485",5,"21,7788309524","59,0212220932","R$ 21,78 (59,02%)","R$ 21,78 (59,02%)","636,9733969697","636,9733969697","636,9733969697","636,9733969697",,,,,,,,,,,,,,
s6XYMEnkRWmMdzwzzSWhuA,alex.samira2308@gmail.com,Admin,viuva ,"36,9",1,44,"144,32","33,8664516129","13,2912","13,2912","36,0195121951","34,3277773256","R$ 13,29 (36,02%)","1,2992208485",5,"21,7638","58,9804878049","R$ 21,76 (58,98%)","R$ 21,76 (58,98%)","636,9733969697","636,9733969697","636,9733969697","636,9733969697",,,,,,,,,,,,,,
DYwka5ZxSkiR9EYunHgd7w,alex.samira2308@gmail.com,Admin,aquaman,"35,9",1,44,"144,32","33,8664516129","10,792","10,792","30,061281337","34,3277773256","R$ 10,79 (30,06%)","1,2992208485",5,"23,313","64,938718663","R$ 23,31 (64,94%)","R$ 23,31 (64,94%)","636,9733969697","636,9733969697","636,9733969697","636,9733969697",,,,,,,,,,,,,,
JLkebcV2T3-lK28hwl5duQ,alex.samira2308@gmail.com,Admin,capitao america ,42,1,44,"144,32","33,8664516129","13,4048923077","13,4048923077","31,9164102564","34,3277773256","R$ 13,40 (31,92%)","1,2992208485",5,"26,4951076923","63,0835897436","R$ 26,50 (63,08%)","R$ 26,50 (63,08%)","636,9733969697","636,9733969697","636,9733969697","636,9733969697",,,,,,,,,,,,,,
Hi44pc-sQ6K0OtvtcCmI2g,alex.samira2308@gmail.com,Admin,gaviao arqueiro ,"37,9",1,44,"144,32","33,8664516129","11,9909","11,9909","31,6382585752","34,3277773256","R$ 11,99 (31,64%)","1,2992208485",5,"24,0141","63,3617414248","R$ 24,01 (63,36%)","R$ 24,01 (63,36%)","636,9733969697","636,9733969697","636,9733969697","636,9733969697",,,,,,,,,,,,,,
pXL0TPj6RGiyRfasZbA.Xw,alex.samira2308@gmail.com,Admin,fininho ,"25,9",1,44,"144,32","33,8664516129","8,5965","8,5965","33,1911196911","34,3277773256","R$ 8,60 (33,19%)","1,2992208485",5,"16,0085","61,8088803089","R$ 16,01 (61,81%)","R$ 16,01 (61,81%)","636,9733969697","636,9733969697","636,9733969697","636,9733969697",,,,,,,,,,,,,,
aF-lHoM8TXauoIwo1Pa4vQ,alex.samira2308@gmail.com,Admin,duplo smash ,"38,9",1,44,"144,32","33,8664516129","14,7038","14,7038","37,7989717224","34,3277773256","R$ 14,70 (37,80%)","1,2992208485",5,"22,2512","57,2010282776","R$ 22,25 (57,20%)","R$ 22,25 (57,20%)","636,9733969697","636,9733969697","636,9733969697","636,9733969697",,,,,,,,,,,,,,
cqoP4jRVS5S7K5ePS9kzWg,alex.samira2308@gmail.com,Admin,triplo smash ,"41,9",1,44,"144,32","33,8664516129","17,6418","17,6418","42,1045346062","34,3277773256","R$ 17,64 (42,10%)","1,2992208485",5,"22,1632","52,8954653938","R$ 22,16 (52,90%)","R$ 22,16 (52,90%)","636,9733969697","636,9733969697","636,9733969697","636,9733969697",,,,,,,,,,,,,,
E4NeeseNR7W0qqvjko9jNA,alex.samira2308@gmail.com,Admin,kids ,"34,5",1,44,"144,32","33,8664516129","12,0363","12,0363","34,887826087","34,3277773256","R$ 12,04 (34,89%)","1,2992208485",5,"20,7387","60,112173913","R$ 20,74 (60,11%)","R$ 20,74 (60,11%)","636,9733969697","636,9733969697","636,9733969697","636,9733969697",,,,,,,,,,,,,,
H1j1pWUyQW62qOdz1xs6Ww,alex.samira2308@gmail.com,Admin,shazan,38,1,44,"144,32","33,8664516129","12,5629","12,5629","33,0602631579","34,3277773256","R$ 12,56 (33,06%)","1,2992208485",5,"23,5371","61,9397368421","R$ 23,54 (61,94%)","R$ 23,54 (61,94%)","636,9733969697","636,9733969697","636,9733969697","636,9733969697",,,,,,,,,,,,,,
FCNdjIzZSjat06cqIIW1Uw,alex.samira2308@gmail.com,Admin,super man,37,1,44,"144,32","33,8664516129","15,0847","15,0847","40,7694594595","34,3277773256","R$ 15,08 (40,77%)","1,2992208485",5,"20,0653","54,2305405405","R$ 20,07 (54,23%)","R$ 20,07 (54,23%)","636,9733969697","636,9733969697","636,9733969697","636,9733969697",,,,,,,,,,,,,,
hoqU0BCrSlezX5WPibrGHg,alex.samira2308@gmail.com,Admin,combo casal,"74,9",1,44,"144,32","33,8664516129","31,9244714286","31,9244714286","42,6227922945","34,3277773256","R$ 31,92 (42,62%)","1,2992208485",5,"39,2305285714","52,3772077055","R$ 39,23 (52,38%)","R$ 39,23 (52,38%)","636,9733969697","636,9733969697","636,9733969697","636,9733969697",,,,,,,,,,,,,,
C443dMuASUi0GYlhYw5Njg,alex.samira2308@gmail.com,Admin,combo solteiro ,"39,9",1,44,"144,32","33,8664516129","13,3524666667","13,3524666667","33,4648287385","34,3277773256","R$ 13,35 (33,46%)","1,2992208485",5,"24,5525333333","61,5351712615","R$ 24,55 (61,54%)","R$ 24,55 (61,54%)","636,9733969697","636,9733969697","636,9733969697","636,9733969697",,,,,,,,,,,,,,
OaSzfhOKTkq1NObLYzkVUQ,dgomesbh@gmail.com,Admin,Pote super napolitano 2 litros 4 em 1,"49,99",1,44,"144,32","33,8664516129",,,,"34,3277773256", (),"1,2992208485",5,"47,4905",95,"R$ 47,49 (95,00%)",,"636,9733969697","636,9733969697","636,9733969697","636,9733969697",,,,,,,,,,,,,,
9foEpmqwT3uHANErWxfzaw,dgomesbh@gmail.com,Admin,Pote chocolate 50% cacau zero açúcar diet 1 litro,"49,99",1,44,"144,32","33,8664516129","22,395","22,395","44,798959792","34,3277773256","R$ 22,40 (44,80%)","1,2992208485",5,"25,0955","50,201040208","R$ 25,10 (50,20%)","R$ 25,10 (50,20%)","636,9733969697","636,9733969697","636,9733969697","636,9733969697",,,,,,,,,,,,,,
O6P--uY2TwSWTywm1toN.A,dgomesbh@gmail.com,Admin,Pote Speciale Uno bombom trufado 500ml,"25,99",1,44,"144,32","33,8664516129","12,145","12,145","46,7295113505","34,3277773256","R$ 12,15 (46,73%)","1,2992208485",5,"12,5455","48,2704886495","R$ 12,55 (48,27%)","R$ 12,55 (48,27%)","636,9733969697","636,9733969697","636,9733969697","636,9733969697",,,,,,,,,,,,,,
a4RoaR-0SHGEFVs9i3cygg,dgomesbh@gmail.com,Admin,"Creme de açaí 1,15 litros","54,99",1,44,"144,32","33,8664516129","25,295","25,295","45,999272595","34,3277773256","R$ 25,30 (46,00%)","1,2992208485",5,"26,9455","49,000727405","R$ 26,95 (49,00%)","R$ 26,95 (49,00%)","636,9733969697","636,9733969697","636,9733969697","636,9733969697",,,,,,,,,,,,,,
NO9-NCRjRz2z4Ym5.mQfdA,dgomesbh@gmail.com,Admin,Creme de açaí leitinho 1 litro,"54,99",1,44,"144,32","33,8664516129","25,295","25,295","45,999272595","34,3277773256","R$ 25,30 (46,00%)","1,2992208485",5,"26,9455","49,000727405","R$ 26,95 (49,00%)","R$ 26,95 (49,00%)","636,9733969697","636,9733969697","636,9733969697","636,9733969697",,,,,,,,,,,,,,
a88HhPZZSB2jbpI1YU6O7g,dgomesbh@gmail.com,Admin,"Pote Aurus Pistache 1,5 litros","54,99",1,44,"144,32","33,8664516129","25,995","25,995","47,2722313148","34,3277773256","R$ 26,00 (47,27%)","1,2992208485",5,"26,2455","47,7277686852","R$ 26,25 (47,73%)","R$ 26,25 (47,73%)","636,9733969697","636,9733969697","636,9733969697","636,9733969697",,,,,,,,,,,,,,
a-RFG-uEUTb2yz0ZUSb4A7w,dgomesbh@gmail.com,Admin,"Pote Aurus panna cotta (Sem Glúten) 1,5 litros","54,99",1,44,"144,32","33,8664516129","24,745","24,745","44,9990907438","34,3277773256","R$ 24,75 (45,00%)","1,2992208485",5,"27,4955","50,0009092562","R$ 27,50 (50,00%)","R$ 27,50 (50,00%)","636,9733969697","636,9733969697","636,9733969697","636,9733969697",,,,,,,,,,,,,,
cd2FkTt1RS6jFp.F6IJsPA,dgomesbh@gmail.com,Admin,"Pote Aurus leite trufado (Sem Glúten) 1,5 litros","54,99",1,44,"144,32","33,8664516129","24,745","24,745","44,9990907438","34,3277773256","R$ 24,75 (45,00%)","1,2992208485",5,"27,4955","50,0009092562","R$ 27,50 (50,00%)","R$ 27,50 (50,00%)","636,9733969697","636,9733969697","636,9733969697","636,9733969697",,,,,,,,,,,,,,
4d9zLGcASHyxpt5T4mgc-w,dgomesbh@gmail.com,Admin,"Pote Aurus Chocolate e Avelãs 1,5 litros","54,99",1,44,"144,32","33,8664516129","24,745","24,745","44,9990907438","34,3277773256","R$ 24,75 (45,00%)","1,2992208485",5,"27,4955","50,0009092562","R$ 27,50 (50,00%)","R$ 27,50 (50,00%)","636,9733969697","636,9733969697","636,9733969697","636,9733969697",,,,,,,,,,,,,,
RAXIBZkWQAS6oCshp28rlQ,dgomesbh@gmail.com,Admin,"Pote Aurus Cookies'n Cream 1,5 litros","54,99",1,44,"144,32","33,8664516129","24,745","24,745","44,9990907438","34,3277773256","R$ 24,75 (45,00%)","1,2992208485",5,"27,4955","50,0009092562","R$ 27,50 (50,00%)","R$ 27,50 (50,00%)","636,9733969697","636,9733969697","636,9733969697","636,9733969697",,,,,,,,,,,,,,
2PkHK3fASlSf9wmFG8e8iA,dgomesbh@gmail.com,Admin,"Pote Aurus Alfajor 1,4 litros","49,99",1,44,"144,32","33,8664516129",,,,"34,3277773256", (),"1,2992208485",5,"47,4905",95,"R$ 47,49 (95,00%)",,"636,9733969697","636,9733969697","636,9733969697","636,9733969697",,,,,,,,,,,,,,
Pni0DX6sR5iaUiYU4wGJlA,dgomesbh@gmail.com,Admin,"Pote tri sabor 1,5 litros","44,99",1,44,"144,32","33,8664516129","20,245","20,245","44,9988886419","34,3277773256","R$ 20,25 (45,00%)","1,2992208485",5,"22,4955","50,0011113581","R$ 22,50 (50,00%)","R$ 22,50 (50,00%)","636,9733969697","636,9733969697","636,9733969697","636,9733969697",,,,,,,,,,,,,,
a34tf7HQTAqW10i.As6qCg,dgomesbh@gmail.com,Admin,"Pote flocos 1,5 litros","44,99",1,44,"144,32","33,8664516129","20,245","20,245","44,9988886419","34,3277773256","R$ 20,25 (45,00%)","1,2992208485",5,"22,4955","50,0011113581","R$ 22,50 (50,00%)","R$ 22,50 (50,00%)","636,9733969697","636,9733969697","636,9733969697","636,9733969697",,,,,,,,,,,,,,
Cc.qHMynQaicZ1sV3BoYGQ,dgomesbh@gmail.com,Admin,"Pote creme 1,5 litros","44,99",1,44,"144,32","33,8664516129","20,245","20,245","44,9988886419","34,3277773256","R$ 20,25 (45,00%)","1,2992208485",5,"22,4955","50,0011113581","R$ 22,50 (50,00%)","R$ 22,50 (50,00%)","636,9733969697","636,9733969697","636,9733969697","636,9733969697",,,,,,,,,,,,,,
e1uNvKfvRmCaJ6tVvDeSTA,dgomesbh@gmail.com,Admin,"Pote napolitano 1,5 litros","44,99",1,44,"144,32","33,8664516129","20,245","20,245","44,9988886419","34,3277773256","R$ 20,25 (45,00%)","1,2992208485",5,"22,4955","50,0011113581","R$ 22,50 (50,00%)","R$ 22,50 (50,00%)","636,9733969697","636,9733969697","636,9733969697","636,9733969697",,,,,,,,,,,,,,
2eJvJ5iQTqGpRgyTyTOEmA,dgomesbh@gmail.com,Admin,Pote baunilha com morango zero açúcar diet 1 litro,"49,99",1,44,"144,32","33,8664516129","22,395","22,395","44,798959792","34,3277773256","R$ 22,40 (44,80%)","1,2992208485",5,"25,0955","50,201040208","R$ 25,10 (50,20%)","R$ 25,10 (50,20%)","636,9733969697","636,9733969697","636,9733969697","636,9733969697",,,,,,,,,,,,,,
74hglLh9Q.2wnAT13ZwppQ,dgomesbh@gmail.com,Admin,Pote creme de açaí 500ml,"32,99",1,44,"144,32","33,8664516129","15,065","15,065","45,6653531373","34,3277773256","R$ 15,07 (45,67%)","1,2992208485",5,"16,2755","49,3346468627","R$ 16,28 (49,33%)","R$ 16,28 (49,33%)","636,9733969697","636,9733969697","636,9733969697","636,9733969697",,,,,,,,,,,,,,
rC5PyCHkTqOzcoNWe3jJYA,larissarodriguespiai@gmail.com,Admin,Água 500 ml,4,,44,"144,32","33,8664516129","0,8",,,"34,3277773256", (),"1,2992208485",5,"3,8",95,"R$ 3,80 (95,00%)","R$ 3,80 (95,00%)","636,9733969697","636,9733969697","636,9733969697","636,9733969697",,,,,,,,,,,,,,
xOXy.vJsRbCQNz6KRwfo-A,larissarodriguespiai@gmail.com,Admin,Água com gás,5,,44,"144,32","33,8664516129","1,7",,,"34,3277773256", (),"1,2992208485",5,"4,75",95,"R$ 4,75 (95,00%)","R$ 4,75 (95,00%)","636,9733969697","636,9733969697","636,9733969697","636,9733969697",,,,,,,,,,,,,,
ZmNvyUaGRUuznhN-Rl-RUw,larissarodriguespiai@gmail.com,Admin,Coco 600 ml,13,1,44,"144,32","33,8664516129","4,5","4,5","34,6153846154","34,3277773256","R$ 4,50 (34,62%)","1,2992208485",5,"7,85","60,3846153846","R$ 7,85 (60,38%)","R$ 7,85 (60,38%)","636,9733969697","636,9733969697","636,9733969697","636,9733969697",,,,,,,,,,,,,,
RO578aDxQt6myL91fujIkQ,larissarodriguespiai@gmail.com,Admin,Latas,9,,44,"144,32","33,8664516129",3,,,"34,3277773256", (),"1,2992208485",5,"8,55",95,"R$ 8,55 (95,00%)","R$ 8,55 (95,00%)","636,9733969697","636,9733969697","636,9733969697","636,9733969697",,,,,,,,,,,,,,
a-d.l5V.FSxqOcdEAZTDH3A,dgomesbh@gmail.com,Admin,Pote creme de açaí com Guaraná 180g,"14,99",1,44,"144,32","33,8664516129","6,995","6,995","46,664442962","34,3277773256","R$ 7,00 (46,66%)","1,2992208485",5,"7,2455","48,335557038","R$ 7,25 (48,34%)","R$ 7,25 (48,34%)","636,9733969697","636,9733969697","636,9733969697","636,9733969697",,,,,,,,,,,,,,
a.gHuUHiXTlOee4CioITNGw,dgomesbh@gmail.com,Admin,"Pote Sorbet de tangerina zero lactose Vegano 1,1 Litros","39,99",1,44,"144,32","33,8664516129","15,065","15,065","37,6719179795","34,3277773256","R$ 15,07 (37,67%)","1,2992208485",5,"22,9255","57,3280820205","R$ 22,93 (57,33%)","R$ 22,93 (57,33%)","636,9733969697","636,9733969697","636,9733969697","636,9733969697",,,,,,,,,,,,,,
eP0oMZn8TLGPRrtp2nyNQw,dgomesbh@gmail.com,Admin,Pote Sorbet Morango zero lactose Vegano 1 Litro,"39,99",1,44,"144,32","33,8664516129","15,065","15,065","37,6719179795","34,3277773256","R$ 15,07 (37,67%)","1,2992208485",5,"22,9255","57,3280820205","R$ 22,93 (57,33%)","R$ 22,93 (57,33%)","636,9733969697","636,9733969697","636,9733969697","636,9733969697",,,,,,,,,,,,,,
8m0XykVPQruvlesOrglN3w,dgomesbh@gmail.com,Admin,Pote creme de açaí com leite em pó 215 gramas,"19,99",1,44,"144,32","33,8664516129","9,44","9,44","47,2236118059","34,3277773256","R$ 9,44 (47,22%)","1,2992208485",5,"9,5505","47,7763881941","R$ 9,55 (47,78%)","R$ 9,55 (47,78%)","636,9733969697","636,9733969697","636,9733969697","636,9733969697",,,,,,,,,,,,,,
DUrX3XTYT8apeI3Wbjj4VA,dgomesbh@gmail.com,Admin,Pote creme de açaí zero açúcar diet 500 ml,"44,99",1,44,"144,32","33,8664516129","20,895","20,895","46,4436541454","34,3277773256","R$ 20,90 (46,44%)","1,2992208485",5,"21,8455","48,5563458546","R$ 21,85 (48,56%)","R$ 21,85 (48,56%)","636,9733969697","636,9733969697","636,9733969697","636,9733969697",,,,,,,,,,,,,,
c22oYmESSheP42fjuxtFHg,dgomesbh@gmail.com,Admin,Pote Magia do Unicórnio 1 litro,"39,99",1,44,"144,32","33,8664516129","15,065","15,065","37,6719179795","34,3277773256","R$ 15,07 (37,67%)","1,2992208485",5,"22,9255","57,3280820205","R$ 22,93 (57,33%)","R$ 22,93 (57,33%)","636,9733969697","636,9733969697","636,9733969697","636,9733969697",,,,,,,,,,,,,,
a-RSNbK.fSA2uApF.bKJGPg,dgomesbh@gmail.com,Admin,Pote Speciale Uno Cheesecake com morango 500ml,"25,99",1,44,"144,32","33,8664516129","12,145","12,145","46,7295113505","34,3277773256","R$ 12,15 (46,73%)","1,2992208485",5,"12,5455","48,2704886495","R$ 12,55 (48,27%)","R$ 12,55 (48,27%)","636,9733969697","636,9733969697","636,9733969697","636,9733969697",,,,,,,,,,,,,,
VOROBTsvTxuYQlN6xTDO5Q,dgomesbh@gmail.com,Admin,"Pote Speciale Banana com avelã 1,5 Litros","52,99",1,44,"144,32","33,8664516129","24,745","24,745","46,6974900925","34,3277773256","R$ 24,75 (46,70%)","1,2992208485",5,"25,5955","48,3025099075","R$ 25,60 (48,30%)","R$ 25,60 (48,30%)","636,9733969697","636,9733969697","636,9733969697","636,9733969697",,,,,,,,,,,,,,
cECXetsCRiWX3qba1s-XzA,dgomesbh@gmail.com,Admin,"Pote Speciale Bombom Trufado 1,5 Litros","52,99",1,44,"144,32","33,8664516129","24,745","24,745","46,6974900925","34,3277773256","R$ 24,75 (46,70%)","1,2992208485",5,"25,5955","48,3025099075","R$ 25,60 (48,30%)","R$ 25,60 (48,30%)","636,9733969697","636,9733969697","636,9733969697","636,9733969697",,,,,,,,,,,,,,
eUeojMmfSdu4qlYy7K5oEQ,dgomesbh@gmail.com,Admin,MILK SHAKE 300ML,"19,99",1,44,"144,32","33,8664516129","6,7298765934","6,7298765934","33,6662160751","34,3277773256","R$ 6,73 (33,67%)","1,2992208485",5,"12,2606234066","61,3337839249","R$ 12,26 (61,33%)","R$ 12,26 (61,33%)","636,9733969697","636,9733969697","636,9733969697","636,9733969697",,,,,,,,,,,,,,
YcXaSWOqSu6fIMlLrTNUIQ,dgomesbh@gmail.com,Admin,MILK SHAKE 400ML,"22,99",1,44,"144,32","33,8664516129","8,0851852198","8,0851852198","35,1682697685","34,3277773256","R$ 8,09 (35,17%)","1,2992208485",5,"13,7553147802","59,8317302315","R$ 13,76 (59,83%)","R$ 13,76 (59,83%)","636,9733969697","636,9733969697","636,9733969697","636,9733969697",,,,,,,,,,,,,,
00VZNBwuSZWhNiaoWNMg9Q,dgomesbh@gmail.com,Admin,MILK SHAKE 500ML,"25,99",1,44,"144,32","33,8664516129","10,4906367033","10,4906367033","40,3641273694","34,3277773256","R$ 10,49 (40,36%)","1,2992208485",5,"14,1998632967","54,6358726306","R$ 14,20 (54,64%)","R$ 14,20 (54,64%)","636,9733969697","636,9733969697","636,9733969697","636,9733969697",,,,,,,,,,,,,,
PhPKHB7gQhGOJ91KRi74iw,dgomesbh@gmail.com,Admin,MILK SHAKE 700ML,"29,99",1,44,"144,32","33,8664516129","13,606793956","13,606793956","45,3711035547","34,3277773256","R$ 13,61 (45,37%)","1,2992208485",5,"14,883706044","49,6288964453","R$ 14,88 (49,63%)","R$ 14,88 (49,63%)","636,9733969697","636,9733969697","636,9733969697","636,9733969697",,,,,,,,,,,,,,
JpbHZQuQSgSGqfrto5Ls0A,gladiadorpizzaspizzas@gmail.com,Admin,pizza muçarela 40cm,50,1,44,"144,32","33,8664516129","13,45","13,45","26,9","34,3277773256","R$ 13,45 (26,90%)","1,2992208485",5,"34,05","68,1","R$ 34,05 (68,10%)","R$ 34,05 (68,10%)","636,9733969697","636,9733969697","636,9733969697","636,9733969697",,,,,,,,,,,,,,
a.ai4iuGURR2H0mwqkE6cdg,gladiadorpizzaspizzas@gmail.com,Admin,pizza calabresa 40cm,50,1,44,"144,32","33,8664516129","16,02","16,02","32,04","34,3277773256","R$ 16,02 (32,04%)","1,2992208485",5,"31,48","62,96","R$ 31,48 (62,96%)","R$ 31,48 (62,96%)","636,9733969697","636,9733969697","636,9733969697","636,9733969697",,,,,,,,,,,,,,
DNJezWcYRoyaWG48rEJLWw,gladiadorpizzaspizzas@gmail.com,Admin,pizza marguerita 40cm,50,1,44,"144,32","33,8664516129","14,05","14,05","28,1","34,3277773256","R$ 14,05 (28,10%)","1,2992208485",5,"33,45","66,9","R$ 33,45 (66,90%)","R$ 33,45 (66,90%)","636,9733969697","636,9733969697","636,9733969697","636,9733969697",,,,,,,,,,,,,,
ntlKAxV9RfuU87U58b691w,gladiadorpizzaspizzas@gmail.com,Admin,pizza frango com catupiry 40cm,50,1,44,"144,32","33,8664516129","27,25","27,25","54,5","34,3277773256","R$ 27,25 (54,50%)","1,2992208485",5,"20,25","40,5","R$ 20,25 (40,50%)","R$ 20,25 (40,50%)","636,9733969697","636,9733969697","636,9733969697","636,9733969697",,,,,,,,,,,,,,
6NdpFZMPSACFDLzzcDkZuA,gladiadorpizzaspizzas@gmail.com,Admin,pizza portuguesa 40cm,50,1,44,"144,32","33,8664516129","22,07","22,07","44,14","34,3277773256","R$ 22,07 (44,14%)","1,2992208485",5,"25,43","50,86","R$ 25,43 (50,86%)","R$ 25,43 (50,86%)","636,9733969697","636,9733969697","636,9733969697","636,9733969697",,,,,,,,,,,,,,
WgyVBUd1Si2DoXOwRUKzbA,gladiadorpizzaspizzas@gmail.com,Admin,pizza napolitana 40cm,50,1,44,"144,32","33,8664516129","19,95","19,95","39,9","34,3277773256","R$ 19,95 (39,90%)","1,2992208485",5,"27,55","55,1","R$ 27,55 (55,10%)","R$ 27,55 (55,10%)","636,9733969697","636,9733969697","636,9733969697","636,9733969697",,,,,,,,,,,,,,
yjiDhtEBSKyMb0TSRRjtbA,gladiadorpizzaspizzas@gmail.com,Admin,pizza pão de alho 40cm,50,1,44,"144,32","33,8664516129","9,05","9,05","18,1","34,3277773256","R$ 9,05 (18,10%)","1,2992208485",5,"38,45","76,9","R$ 38,45 (76,90%)","R$ 38,45 (76,90%)","636,9733969697","636,9733969697","636,9733969697","636,9733969697",,,,,,,,,,,,,,
IySHV54nQN-ybY36fFPEEQ,gladiadorpizzaspizzas@gmail.com,Admin,pizza banana com canela 40cm,50,1,44,"144,32","33,8664516129","11,5","11,5",23,"34,3277773256","R$ 11,50 (23,00%)","1,2992208485",5,36,72,"R$ 36,00 (72,00%)","R$ 36,00 (72,00%)","636,9733969697","636,9733969697","636,9733969697","636,9733969697",,,,,,,,,,,,,,
V.OBggjiSnadiOk7xbE9NA,gladiadorpizzaspizzas@gmail.com,Admin,pizza banana com nutella 40cm,50,1,44,"144,32","33,8664516129","14,8","14,8","29,6","34,3277773256","R$ 14,80 (29,60%)","1,2992208485",5,"32,7","65,4","R$ 32,70 (65,40%)","R$ 32,70 (65,40%)","636,9733969697","636,9733969697","636,9733969697","636,9733969697",,,,,,,,,,,,,,
h3dTWrBiStq7V.eOf5-Thg,gladiadorpizzaspizzas@gmail.com,Admin,pizza banana nevada 40cm,50,1,44,"144,32","33,8664516129","16,7","16,7","33,4","34,3277773256","R$ 16,70 (33,40%)","1,2992208485",5,"30,8","61,6","R$ 30,80 (61,60%)","R$ 30,80 (61,60%)","636,9733969697","636,9733969697","636,9733969697","636,9733969697",,,,,,,,,,,,,,
DAmtyIEnTv2x1pILNvcZbw,gladiadorpizzaspizzas@gmail.com,Admin,pizza banana doce de leite 40cm,50,1,44,"144,32","33,8664516129","14,05","14,05","28,1","34,3277773256","R$ 14,05 (28,10%)","1,2992208485",5,"33,45","66,9","R$ 33,45 (66,90%)","R$ 33,45 (66,90%)","636,9733969697","636,9733969697","636,9733969697","636,9733969697",,,,,,,,,,,,,,
a.xg55fg0SpS-MN9dob9Ujw,gladiadorpizzaspizzas@gmail.com,Admin,pizza beijinho 40cm,50,1,44,"144,32","33,8664516129","15,8","15,8","31,6","34,3277773256","R$ 15,80 (31,60%)","1,2992208485",5,"31,7","63,4","R$ 31,70 (63,40%)","R$ 31,70 (63,40%)","636,9733969697","636,9733969697","636,9733969697","636,9733969697",,,,,,,,,,,,,,
oYRwPj1YRt6vC-JxWzWmdQ,gladiadorpizzaspizzas@gmail.com,Admin,pizza prestígio 40cm,50,1,44,"144,32","33,8664516129","22,05","22,05","44,1","34,3277773256","R$ 22,05 (44,10%)","1,2992208485",5,"25,45","50,9","R$ 25,45 (50,90%)","R$ 25,45 (50,90%)","636,9733969697","636,9733969697","636,9733969697","636,9733969697",,,,,,,,,,,,,,
IzGoP.9kSemI7vbJ.6vZiw,gladiadorpizzaspizzas@gmail.com,Admin,pizza romeu julieta 40cm,50,1,44,"144,32","33,8664516129","16,05","16,05","32,1","34,3277773256","R$ 16,05 (32,10%)","1,2992208485",5,"31,45","62,9","R$ 31,45 (62,90%)","R$ 31,45 (62,90%)","636,9733969697","636,9733969697","636,9733969697","636,9733969697",,,,,,,,,,,,,,
v-k1dJTZQGGwKsIWiVry0g,gladiadorpizzaspizzas@gmail.com,Admin,pizza confeti 40cm,50,1,44,"144,32","33,8664516129","18,3","18,3","36,6","34,3277773256","R$ 18,30 (36,60%)","1,2992208485",5,"29,2","58,4","R$ 29,20 (58,40%)","R$ 29,20 (58,40%)","636,9733969697","636,9733969697","636,9733969697","636,9733969697",,,,,,,,,,,,,,
a-LyQjSqoRqiLLEKWPaRfCg,gladiadorpizzaspizzas@gmail.com,Admin,pizza delicia de abacaxi 40cm,50,1,44,"144,32","33,8664516129","18,6","18,6","37,2","34,3277773256","R$ 18,60 (37,20%)","1,2992208485",5,"28,9","57,8","R$ 28,90 (57,80%)","R$ 28,90 (57,80%)","636,9733969697","636,9733969697","636,9733969697","636,9733969697",,,,,,,,,,,,,,
SeKGSSiMRsG5NJzU1jl2dA,gladiadorpizzaspizzas@gmail.com,Admin,pizza barbie 40cm,50,1,44,"144,32","33,8664516129","21,15","21,15","42,3","34,3277773256","R$ 21,15 (42,30%)","1,2992208485",5,"26,35","52,7","R$ 26,35 (52,70%)","R$ 26,35 (52,70%)","636,9733969697","636,9733969697","636,9733969697","636,9733969697",,,,,,,,,,,,,,
Bx66rruATd6V45iCTHtJzg,gladiadorpizzaspizzas@gmail.com,Admin,pizza chocolate preto e branco 40cm,50,1,44,"144,32","33,8664516129","22,65","22,65","45,3","34,3277773256","R$ 22,65 (45,30%)","1,2992208485",5,"24,85","49,7","R$ 24,85 (49,70%)","R$ 24,85 (49,70%)","636,9733969697","636,9733969697","636,9733969697","636,9733969697",,,,,,,,,,,,,,
OfvCp8-nSN-wCpHX.XSR.w,gladiadorpizzaspizzas@gmail.com,Admin,pizza 4 queijos 40cm,55,1,44,"144,32","33,8664516129","22,25","22,25","40,4545454545","34,3277773256","R$ 22,25 (40,45%)","1,2992208485",5,30,"54,5454545455","R$ 30,00 (54,55%)","R$ 30,00 (54,55%)","636,9733969697","636,9733969697","636,9733969697","636,9733969697",,,,,,,,,,,,,,
JXguoYfsRFiijlKwd3kbFw,gladiadorpizzaspizzas@gmail.com,Admin,pizza mexicana 40cm,55,1,44,"144,32","33,8664516129","25,07","25,07","45,5818181818","34,3277773256","R$ 25,07 (45,58%)","1,2992208485",5,"27,18","49,4181818182","R$ 27,18 (49,42%)","R$ 27,18 (49,42%)","636,9733969697","636,9733969697","636,9733969697","636,9733969697",,,,,,,,,,,,,,
AqsF-Z-eRhOuiAvLOBp7vw,gladiadorpizzaspizzas@gmail.com,Admin,pizza tropical 40cm,55,1,44,"144,32","33,8664516129","31,9","31,9",58,"34,3277773256","R$ 31,90 (58,00%)","1,2992208485",5,"20,35",37,"R$ 20,35 (37,00%)","R$ 20,35 (37,00%)","636,9733969697","636,9733969697","636,9733969697","636,9733969697",,,,,,,,,,,,,,
F-7nwgsYSpWkXpFxD64Jbw,gladiadorpizzaspizzas@gmail.com,Admin,pizza mista 40cm,55,1,44,"144,32","33,8664516129","22,92","22,92","41,6727272727","34,3277773256","R$ 22,92 (41,67%)","1,2992208485",5,"29,33","53,3272727273","R$ 29,33 (53,33%)","R$ 29,33 (53,33%)","636,9733969697","636,9733969697","636,9733969697","636,9733969697",,,,,,,,,,,,,,
QtR7Pd4kTYqYEYkEBk9iHg,gladiadorpizzaspizzas@gmail.com,Admin,pizza calabresa com catupiry 40cm,55,1,44,"144,32","33,8664516129","23,59","23,59","42,8909090909","34,3277773256","R$ 23,59 (42,89%)","1,2992208485",5,"28,66","52,1090909091","R$ 28,66 (52,11%)","R$ 28,66 (52,11%)","636,9733969697","636,9733969697","636,9733969697","636,9733969697",,,,,,,,,,,,,,
F26TrsS.Rqq0NZIwW6qeMw,gladiadorpizzaspizzas@gmail.com,Admin,pizza carbonara 40cm,55,1,44,"144,32","33,8664516129","23,8","23,8","43,2727272727","34,3277773256","R$ 23,80 (43,27%)","1,2992208485",5,"28,45","51,7272727273","R$ 28,45 (51,73%)","R$ 28,45 (51,73%)","636,9733969697","636,9733969697","636,9733969697","636,9733969697",,,,,,,,,,,,,,
Bc1c7sHQSl-2r2elFFUcpg,gladiadorpizzaspizzas@gmail.com,Admin,pizza lombo canadense 40cm,55,1,44,"144,32","33,8664516129","23,05","23,05","41,9090909091","34,3277773256","R$ 23,05 (41,91%)","1,2992208485",5,"29,2","53,0909090909","R$ 29,20 (53,09%)","R$ 29,20 (53,09%)","636,9733969697","636,9733969697","636,9733969697","636,9733969697",,,,,,,,,,,,,,
PVlN0lOaQUeVZ-11A4pgdQ,gladiadorpizzaspizzas@gmail.com,Admin,pizza camarão 40cm,65,1,44,"144,32","33,8664516129","34,75","34,75","53,4615384615","34,3277773256","R$ 34,75 (53,46%)","1,2992208485",5,27,"41,5384615385","R$ 27,00 (41,54%)","R$ 27,00 (41,54%)","636,9733969697","636,9733969697","636,9733969697","636,9733969697",,,,,,,,,,,,,,
5kNgwHCtQjOzug.qJ1zdtQ,gladiadorpizzaspizzas@gmail.com,Admin,pizza carne seca 40cm,65,1,44,"144,32","33,8664516129","31,49","31,49","48,4461538462","34,3277773256","R$ 31,49 (48,45%)","1,2992208485",5,"30,26","46,5538461538","R$ 30,26 (46,55%)","R$ 30,26 (46,55%)","636,9733969697","636,9733969697","636,9733969697","636,9733969697",,,,,,,,,,,,,,
uXB533YoSQSXh6H49kUrSg,gladiadorpizzaspizzas@gmail.com,Admin,pizza gladiador 40cm,65,1,44,"144,32","33,8664516129","37,57","37,57","57,8","34,3277773256","R$ 37,57 (57,80%)","1,2992208485",5,"24,18","37,2","R$ 24,18 (37,20%)","R$ 24,18 (37,20%)","636,9733969697","636,9733969697","636,9733969697","636,9733969697",,,,,,,,,,,,,,
zRbTgeHHQHKkEYRn7M-bmw,gladiadorpizzaspizzas@gmail.com,Admin,pizza batata turbinada 40cm,65,1,44,"144,32","33,8664516129","26,4","26,4","40,6153846154","34,3277773256","R$ 26,40 (40,62%)","1,2992208485",5,"35,35","54,3846153846","R$ 35,35 (54,38%)","R$ 35,35 (54,38%)","636,9733969697","636,9733969697","636,9733969697","636,9733969697",,,,,,,,,,,,,,
sZmUufn.RvaiOKDY6MnswQ,gladiadorpizzaspizzas@gmail.com,Admin,pizza filé mingnon com queijo coalho 40cm,65,1,44,"144,32","33,8664516129","43,69","43,69","67,2153846154","34,3277773256","R$ 43,69 (67,22%)","1,2992208485",5,"18,06","27,7846153846","R$ 18,06 (27,78%)","R$ 18,06 (27,78%)","636,9733969697","636,9733969697","636,9733969697","636,9733969697",,,,,,,,,,,,,,
efYlKa.sRdq265ueI9jVpw,gladiadorpizzaspizzas@gmail.com,Admin,pizza chocobanana 40cm,65,1,44,"144,32","33,8664516129","23,95","23,95","36,8461538462","34,3277773256","R$ 23,95 (36,85%)","1,2992208485",5,"37,8","58,1538461538","R$ 37,80 (58,15%)","R$ 37,80 (58,15%)","636,9733969697","636,9733969697","636,9733969697","636,9733969697",,,,,,,,,,,,,,
zgI1B4d8QGW2u1JusupSDQ,gladiadorpizzaspizzas@gmail.com,Admin,pizza muçarela 30cm,35,1,44,"144,32","33,8664516129","7,75","7,75","22,1428571429","34,3277773256","R$ 7,75 (22,14%)","1,2992208485",5,"25,5","72,8571428571","R$ 25,50 (72,86%)","R$ 25,50 (72,86%)","636,9733969697","636,9733969697","636,9733969697","636,9733969697",,,,,,,,,,,,,,
zGC.K.K5QI-scGXx-UZNwA,gladiadorpizzaspizzas@gmail.com,Admin,pizza calabresa 30cm,35,1,44,"144,32","33,8664516129","10,82","10,82","30,9142857143","34,3277773256","R$ 10,82 (30,91%)","1,2992208485",5,"22,43","64,0857142857","R$ 22,43 (64,09%)","R$ 22,43 (64,09%)","636,9733969697","636,9733969697","636,9733969697","636,9733969697",,,,,,,,,,,,,,
XRZER9GdSA6ZQxcsQsWNLQ,gladiadorpizzaspizzas@gmail.com,Admin,pizza marguerita 30cm,35,1,44,"144,32","33,8664516129","7,95","7,95","22,7142857143","34,3277773256","R$ 7,95 (22,71%)","1,2992208485",5,"25,3","72,2857142857","R$ 25,30 (72,29%)","R$ 25,30 (72,29%)","636,9733969697","636,9733969697","636,9733969697","636,9733969697",,,,,,,,,,,,,,
c6S41BGoQKiIRrvjatrZWw,gladiadorpizzaspizzas@gmail.com,Admin,pizza frango com catupiry 30cm,35,1,44,"144,32","33,8664516129","15,95","15,95","45,5714285714","34,3277773256","R$ 15,95 (45,57%)","1,2992208485",5,"17,3","49,4285714286","R$ 17,30 (49,43%)","R$ 17,30 (49,43%)","636,9733969697","636,9733969697","636,9733969697","636,9733969697",,,,,,,,,,,,,,
D9IdPWXqRGeYWKm35.Lumg,gladiadorpizzaspizzas@gmail.com,Admin,pizza portuguesa 30cm,35,1,44,"144,32","33,8664516129","11,852","11,852","33,8628571429","34,3277773256","R$ 11,85 (33,86%)","1,2992208485",5,"21,398","61,1371428571","R$ 21,40 (61,14%)","R$ 21,40 (61,14%)","636,9733969697","636,9733969697","636,9733969697","636,9733969697",,,,,,,,,,,,,,
qNmZODi5SCW3r7ISz24NuQ,gladiadorpizzaspizzas@gmail.com,Admin,pizza napolitana 30cm,35,1,44,"144,32","33,8664516129","10,53","10,53","30,0857142857","34,3277773256","R$ 10,53 (30,09%)","1,2992208485",5,"22,72","64,9142857143","R$ 22,72 (64,91%)","R$ 22,72 (64,91%)","636,9733969697","636,9733969697","636,9733969697","636,9733969697",,,,,,,,,,,,,,
pOW-ZvkbSaOU-u-TyG03tw,gladiadorpizzaspizzas@gmail.com,Admin,pizza pão de alho 30cm,35,1,44,"144,32","33,8664516129","9,75","9,75","27,8571428571","34,3277773256","R$ 9,75 (27,86%)","1,2992208485",5,"23,5","67,1428571429","R$ 23,50 (67,14%)","R$ 23,50 (67,14%)","636,9733969697","636,9733969697","636,9733969697","636,9733969697",,,,,,,,,,,,,,
o-djQf2tQ-KtogBhWhvzSw,gladiadorpizzaspizzas@gmail.com,Admin,pizza banana canela 30cm,35,1,44,"144,32","33,8664516129","11,03","11,03","31,5142857143","34,3277773256","R$ 11,03 (31,51%)","1,2992208485",5,"22,22","63,4857142857","R$ 22,22 (63,49%)","R$ 22,22 (63,49%)","636,9733969697","636,9733969697","636,9733969697","636,9733969697",,,,,,,,,,,,,,
A4cI8ztvRjWcmKcF6-CN.Q,gladiadorpizzaspizzas@gmail.com,Admin,pizza banana nutella 30cm,35,1,44,"144,32","33,8664516129","8,55","8,55","24,4285714286","34,3277773256","R$ 8,55 (24,43%)","1,2992208485",5,"24,7","70,5714285714","R$ 24,70 (70,57%)","R$ 24,70 (70,57%)","636,9733969697","636,9733969697","636,9733969697","636,9733969697",,,,,,,,,,,,,,
NkQUY70vTVyH1aOmFhJ8Gw,gladiadorpizzaspizzas@gmail.com,Admin,pizza banana nevada 30cm,35,1,44,"144,32","33,8664516129","7,25","7,25","20,7142857143","34,3277773256","R$ 7,25 (20,71%)","1,2992208485",5,26,"74,2857142857","R$ 26,00 (74,29%)","R$ 26,00 (74,29%)","636,9733969697","636,9733969697","636,9733969697","636,9733969697",,,,,,,,,,,,,,
syqpFtMzTgybkRHmWxIkfA,gladiadorpizzaspizzas@gmail.com,Admin,pizza banana doce de leite 30cm,35,1,44,"144,32","33,8664516129","9,05","9,05","25,8571428571","34,3277773256","R$ 9,05 (25,86%)","1,2992208485",5,"24,2","69,1428571429","R$ 24,20 (69,14%)","R$ 24,20 (69,14%)","636,9733969697","636,9733969697","636,9733969697","636,9733969697",,,,,,,,,,,,,,
tWxp2oHWR.uym9ofLifjGA,gladiadorpizzaspizzas@gmail.com,Admin,pizza beijinho 30cm ,35,1,44,"144,32","33,8664516129","11,45","11,45","32,7142857143","34,3277773256","R$ 11,45 (32,71%)","1,2992208485",5,"21,8","62,2857142857","R$ 21,80 (62,29%)","R$ 21,80 (62,29%)","636,9733969697","636,9733969697","636,9733969697","636,9733969697",,,,,,,,,,,,,,
X6S3xX3uQzKFw1Gug1aGNw,gladiadorpizzaspizzas@gmail.com,Admin,pizza prestigio,35,1,44,"144,32","33,8664516129","14,5","14,5","41,4285714286","34,3277773256","R$ 14,50 (41,43%)","1,2992208485",5,"18,75","53,5714285714","R$ 18,75 (53,57%)","R$ 18,75 (53,57%)","636,9733969697","636,9733969697","636,9733969697","636,9733969697",,,,,,,,,,,,,,
4T-3X7I9TqCDiozxCTMgzw,gladiadorpizzaspizzas@gmail.com,Admin,pizza romeu julieta 30cm,35,1,44,"144,32","33,8664516129","10,5","10,5",30,"34,3277773256","R$ 10,50 (30,00%)","1,2992208485",5,"22,75",65,"R$ 22,75 (65,00%)","R$ 22,75 (65,00%)","636,9733969697","636,9733969697","636,9733969697","636,9733969697",,,,,,,,,,,,,,
UmcCAnFATd2w1IhrHZBv4Q,gladiadorpizzaspizzas@gmail.com,Admin,pizza confeti 30cm,35,1,44,"144,32","33,8664516129",15,15,"42,8571428571","34,3277773256","R$ 15,00 (42,86%)","1,2992208485",5,"18,25","52,1428571429","R$ 18,25 (52,14%)","R$ 18,25 (52,14%)","636,9733969697","636,9733969697","636,9733969697","636,9733969697",,,,,,,,,,,,,,
GlvmT-vkQoq92faqG4fTPw,gladiadorpizzaspizzas@gmail.com,Admin,pizza delicia abacaxi,35,1,44,"144,32","33,8664516129","14,9","14,9","42,5714285714","34,3277773256","R$ 14,90 (42,57%)","1,2992208485",5,"18,35","52,4285714286","R$ 18,35 (52,43%)","R$ 18,35 (52,43%)","636,9733969697","636,9733969697","636,9733969697","636,9733969697",,,,,,,,,,,,,,
rLH1MuwdQ4GRyD8uwwzIhA,gladiadorpizzaspizzas@gmail.com,Admin,pizza barbie 30cm,35,1,44,"144,32","33,8664516129","13,9","13,9","39,7142857143","34,3277773256","R$ 13,90 (39,71%)","1,2992208485",5,"19,35","55,2857142857","R$ 19,35 (55,29%)","R$ 19,35 (55,29%)","636,9733969697","636,9733969697","636,9733969697","636,9733969697",,,,,,,,,,,,,,
4pJO7R5DTrqQIRqdKva2AA,gladiadorpizzaspizzas@gmail.com,Admin,pizza chocolate preto e branco 30cm,35,1,44,"144,32","33,8664516129","14,9","14,9","42,5714285714","34,3277773256","R$ 14,90 (42,57%)","1,2992208485",5,"18,35","52,4285714286","R$ 18,35 (52,43%)","R$ 18,35 (52,43%)","636,9733969697","636,9733969697","636,9733969697","636,9733969697",,,,,,,,,,,,,,
fZrrLJ9jRY-NpcVPa1yenA,gladiadorpizzaspizzas@gmail.com,Admin,pizza 4 queijos 30cm,38,1,44,"144,32","33,8664516129","21,8","21,8","57,3684210526","34,3277773256","R$ 21,80 (57,37%)","1,2992208485",5,"14,3","37,6315789474","R$ 14,30 (37,63%)","R$ 14,30 (37,63%)","636,9733969697","636,9733969697","636,9733969697","636,9733969697",,,,,,,,,,,,,,
M4ngrfWiQ0KYpUp3DFkiSw,gladiadorpizzaspizzas@gmail.com,Admin,pizza mexicana 30cm,38,1,44,"144,32","33,8664516129","15,008","15,008","39,4947368421","34,3277773256","R$ 15,01 (39,49%)","1,2992208485",5,"21,092","55,5052631579","R$ 21,09 (55,51%)","R$ 21,09 (55,51%)","636,9733969697","636,9733969697","636,9733969697","636,9733969697",,,,,,,,,,,,,,
n00AskKCTlS-VH.qaGdvEA,gladiadorpizzaspizzas@gmail.com,Admin,pizza tropical 30cm,38,1,44,"144,32","33,8664516129","20,6","20,6","54,2105263158","34,3277773256","R$ 20,60 (54,21%)","1,2992208485",5,"15,5","40,7894736842","R$ 15,50 (40,79%)","R$ 15,50 (40,79%)","636,9733969697","636,9733969697","636,9733969697","636,9733969697",,,,,,,,,,,,,,
ppTdPZciSaqWPp0XDySgEw,gladiadorpizzaspizzas@gmail.com,Admin,pizza mista 30cm ,38,1,44,"144,32","33,8664516129","14,208","14,208","37,3894736842","34,3277773256","R$ 14,21 (37,39%)","1,2992208485",5,"21,892","57,6105263158","R$ 21,89 (57,61%)","R$ 21,89 (57,61%)","636,9733969697","636,9733969697","636,9733969697","636,9733969697",,,,,,,,,,,,,,
rcbLSm9dS7iPUtB-48ddTA,gladiadorpizzaspizzas@gmail.com,Admin,pizza calabresa com catupiry 30cm,38,1,44,"144,32","33,8664516129","14,09","14,09","37,0789473684","34,3277773256","R$ 14,09 (37,08%)","1,2992208485",5,"22,01","57,9210526316","R$ 22,01 (57,92%)","R$ 22,01 (57,92%)","636,9733969697","636,9733969697","636,9733969697","636,9733969697",,,,,,,,,,,,,,
D45Q2mpMRpKjYDf-a6aWQw,gladiadorpizzaspizzas@gmail.com,Admin,pizza carbonara 30cm,38,1,44,"144,32","33,8664516129","13,4","13,4","35,2631578947","34,3277773256","R$ 13,40 (35,26%)","1,2992208485",5,"22,7","59,7368421053","R$ 22,70 (59,74%)","R$ 22,70 (59,74%)","636,9733969697","636,9733969697","636,9733969697","636,9733969697",,,,,,,,,,,,,,
yBk9NnXnSo6Dcy4BH-DYgQ,gladiadorpizzaspizzas@gmail.com,Admin,pizza lombo canadensa 30cm,38,1,44,"144,32","33,8664516129","12,39","12,39","32,6052631579","34,3277773256","R$ 12,39 (32,61%)","1,2992208485",5,"23,71","62,3947368421","R$ 23,71 (62,39%)","R$ 23,71 (62,39%)","636,9733969697","636,9733969697","636,9733969697","636,9733969697",,,,,,,,,,,,,,
lYWN5-jXROiNLvQHeQb3jg,gladiadorpizzaspizzas@gmail.com,Admin,pizza camarão 30cm,40,1,44,"144,32","33,8664516129","19,2","19,2",48,"34,3277773256","R$ 19,20 (48,00%)","1,2992208485",5,"18,8",47,"R$ 18,80 (47,00%)","R$ 18,80 (47,00%)","636,9733969697","636,9733969697","636,9733969697","636,9733969697",,,,,,,,,,,,,,
Q5DTGhKRQwuB2eLRyxrmsg,gladiadorpizzaspizzas@gmail.com,Admin,pizza carne seca 30cm,40,1,44,"144,32","33,8664516129","17,67","17,67","44,175","34,3277773256","R$ 17,67 (44,18%)","1,2992208485",5,"20,33","50,825","R$ 20,33 (50,82%)","R$ 20,33 (50,82%)","636,9733969697","636,9733969697","636,9733969697","636,9733969697",,,,,,,,,,,,,,
h7wcCRkvS3ydrJt11fSXQA,gladiadorpizzaspizzas@gmail.com,Admin,pizza gladiador 30cm,40,1,44,"144,32","33,8664516129","15,354","15,354","38,385","34,3277773256","R$ 15,35 (38,39%)","1,2992208485",5,"22,646","56,615","R$ 22,65 (56,62%)","R$ 22,65 (56,62%)","636,9733969697","636,9733969697","636,9733969697","636,9733969697",,,,,,,,,,,,,,
0HTNYZrXRHuIecxcBV5DWQ,gladiadorpizzaspizzas@gmail.com,Admin,pizza batata turbinada 30cm,40,1,44,"144,32","33,8664516129","12,54","12,54","31,35","34,3277773256","R$ 12,54 (31,35%)","1,2992208485",5,"25,46","63,65","R$ 25,46 (63,65%)","R$ 25,46 (63,65%)","636,9733969697","636,9733969697","636,9733969697","636,9733969697",,,,,,,,,,,,,,
dwNUgvEcQX6n79AXo.STJw,gladiadorpizzaspizzas@gmail.com,Admin,pizza filé mingnon 30cm,40,1,44,"144,32","33,8664516129","19,29","19,29","48,225","34,3277773256","R$ 19,29 (48,22%)","1,2992208485",5,"18,71","46,775","R$ 18,71 (46,78%)","R$ 18,71 (46,78%)","636,9733969697","636,9733969697","636,9733969697","636,9733969697",,,,,,,,,,,,,,
6QbsxhLxTrizWGJyEgrybw,gladiadorpizzaspizzas@gmail.com,Admin,pizza chocobanana 30cm,40,1,44,"144,32","33,8664516129","12,75","12,75","31,875","34,3277773256","R$ 12,75 (31,87%)","1,2992208485",5,"25,25","63,125","R$ 25,25 (63,13%)","R$ 25,25 (63,13%)","636,9733969697","636,9733969697","636,9733969697","636,9733969697",,,,,,,,,,,,,,
1sjk.SNQR8qdeWo4ofskrw,gladiadorpizzaspizzas@gmail.com,Admin,pizza muçarela 25cm,25,1,44,"144,32","33,8664516129","6,4","6,4","25,6","34,3277773256","R$ 6,40 (25,60%)","1,2992208485",5,"17,35","69,4","R$ 17,35 (69,40%)","R$ 17,35 (69,40%)","636,9733969697","636,9733969697","636,9733969697","636,9733969697",,,,,,,,,,,,,,
Se9IW95pSuenLeInza1Ang,gladiadorpizzaspizzas@gmail.com,Admin,pizza calabresa 25cm,25,1,44,"144,32","33,8664516129","7,164","7,164","28,656","34,3277773256","R$ 7,16 (28,66%)","1,2992208485",5,"16,586","66,344","R$ 16,59 (66,34%)","R$ 16,59 (66,34%)","636,9733969697","636,9733969697","636,9733969697","636,9733969697",,,,,,,,,,,,,,
Op7W-j00QAKtzfMIyI0L9A,gladiadorpizzaspizzas@gmail.com,Admin,pizza marguerita 25cm,25,1,44,"144,32","33,8664516129","6,5","6,5",26,"34,3277773256","R$ 6,50 (26,00%)","1,2992208485",5,"17,25",69,"R$ 17,25 (69,00%)","R$ 17,25 (69,00%)","636,9733969697","636,9733969697","636,9733969697","636,9733969697",,,,,,,,,,,,,,
9wVYhbYdR3K9as8OYZe8VA,gladiadorpizzaspizzas@gmail.com,Admin,pizza frango com catupiry 25cm,25,1,44,"144,32","33,8664516129","13,7","13,7","54,8","34,3277773256","R$ 13,70 (54,80%)","1,2992208485",5,"10,05","40,2","R$ 10,05 (40,20%)","R$ 10,05 (40,20%)","636,9733969697","636,9733969697","636,9733969697","636,9733969697",,,,,,,,,,,,,,
c2pg2l3lTLGpmo6pNZK2KQ,gladiadorpizzaspizzas@gmail.com,Admin,pizza portuguesa 25cm,25,1,44,"144,32","33,8664516129","10,158","10,158","40,632","34,3277773256","R$ 10,16 (40,63%)","1,2992208485",5,"13,592","54,368","R$ 13,59 (54,37%)","R$ 13,59 (54,37%)","636,9733969697","636,9733969697","636,9733969697","636,9733969697",,,,,,,,,,,,,,
viZeLLTRRkGw9L3ljMnojA,gladiadorpizzaspizzas@gmail.com,Admin,pizza napolitana 25cm,25,1,44,"144,32","33,8664516129","8,37","8,37","33,48","34,3277773256","R$ 8,37 (33,48%)","1,2992208485",5,"15,38","61,52","R$ 15,38 (61,52%)","R$ 15,38 (61,52%)","636,9733969697","636,9733969697","636,9733969697","636,9733969697",,,,,,,,,,,,,,
NdMacz9JQrKLe1CvGnejJQ,gladiadorpizzaspizzas@gmail.com,Admin,pizza pão de alho 25cm,25,1,44,"144,32","33,8664516129","7,9","7,9","31,6","34,3277773256","R$ 7,90 (31,60%)","1,2992208485",5,"15,85","63,4","R$ 15,85 (63,40%)","R$ 15,85 (63,40%)","636,9733969697","636,9733969697","636,9733969697","636,9733969697",,,,,,,,,,,,,,
OgxaVwApRteO1ec.LiZnLA,gladiadorpizzaspizzas@gmail.com,Admin,pizza  banana canela 25cm,25,1,44,"144,32","33,8664516129","3,18","3,18","12,72","34,3277773256","R$ 3,18 (12,72%)","1,2992208485",5,"20,57","82,28","R$ 20,57 (82,28%)","R$ 20,57 (82,28%)","636,9733969697","636,9733969697","636,9733969697","636,9733969697",,,,,,,,,,,,,,
7nKmDy-aQrqiD1SjYItjqw,gladiadorpizzaspizzas@gmail.com,Admin,pizza banana nutela 25cm,25,1,44,"144,32","33,8664516129","7,6","7,6","30,4","34,3277773256","R$ 7,60 (30,40%)","1,2992208485",5,"16,15","64,6","R$ 16,15 (64,60%)","R$ 16,15 (64,60%)","636,9733969697","636,9733969697","636,9733969697","636,9733969697",,,,,,,,,,,,,,
unQ7979-SIyxa4SrtfKGxw,gladiadorpizzaspizzas@gmail.com,Admin,pizza banana nevada 25cm,25,1,44,"144,32","33,8664516129","7,15","7,15","28,6","34,3277773256","R$ 7,15 (28,60%)","1,2992208485",5,"16,6","66,4","R$ 16,60 (66,40%)","R$ 16,60 (66,40%)","636,9733969697","636,9733969697","636,9733969697","636,9733969697",,,,,,,,,,,,,,
cPuYmq80T6yvQiyZImLlbQ,gladiadorpizzaspizzas@gmail.com,Admin,pizza banana doce de leite 25cm,25,1,44,"144,32","33,8664516129","4,6","4,6","18,4","34,3277773256","R$ 4,60 (18,40%)","1,2992208485",5,"19,15","76,6","R$ 19,15 (76,60%)","R$ 19,15 (76,60%)","636,9733969697","636,9733969697","636,9733969697","636,9733969697",,,,,,,,,,,,,,
wRZM5vOtQGu.QJLxRxpMpw,gladiadorpizzaspizzas@gmail.com,Admin,pizza beijinho 25cm,25,1,44,"144,32","33,8664516129","7,65","7,65","30,6","34,3277773256","R$ 7,65 (30,60%)","1,2992208485",5,"16,1","64,4","R$ 16,10 (64,40%)","R$ 16,10 (64,40%)","636,9733969697","636,9733969697","636,9733969697","636,9733969697",,,,,,,,,,,,,,
khkZgPgJS6ySnuwIYKFw-Q,gladiadorpizzaspizzas@gmail.com,Admin,pizza prestigio 25cm,25,1,44,"144,32","33,8664516129","10,9","10,9","43,6","34,3277773256","R$ 10,90 (43,60%)","1,2992208485",5,"12,85","51,4","R$ 12,85 (51,40%)","R$ 12,85 (51,40%)","636,9733969697","636,9733969697","636,9733969697","636,9733969697",,,,,,,,,,,,,,
DIjPN1QbScyrBLo3OCqBkA,gladiadorpizzaspizzas@gmail.com,Admin,pizza romeu julieta 25cm,25,1,44,"144,32","33,8664516129","7,9","7,9","31,6","34,3277773256","R$ 7,90 (31,60%)","1,2992208485",5,"15,85","63,4","R$ 15,85 (63,40%)","R$ 15,85 (63,40%)","636,9733969697","636,9733969697","636,9733969697","636,9733969697",,,,,,,,,,,,,,
9rUUlWXRTYeaaBL.BVicxQ,gladiadorpizzaspizzas@gmail.com,Admin,pizza confeti 25cm,25,1,44,"144,32","33,8664516129","11,15","11,15","44,6","34,3277773256","R$ 11,15 (44,60%)","1,2992208485",5,"12,6","50,4","R$ 12,60 (50,40%)","R$ 12,60 (50,40%)","636,9733969697","636,9733969697","636,9733969697","636,9733969697",,,,,,,,,,,,,,
AbS-Q70cQy672OZyyRAYgg,gladiadorpizzaspizzas@gmail.com,Admin,pizza delicia de abacaxi 25cm,25,1,44,"144,32","33,8664516129","12,7","12,7","50,8","34,3277773256","R$ 12,70 (50,80%)","1,2992208485",5,"11,05","44,2","R$ 11,05 (44,20%)","R$ 11,05 (44,20%)","636,9733969697","636,9733969697","636,9733969697","636,9733969697",,,,,,,,,,,,,,
UIeAROd.R7aZ1MU6oJQgjg,gladiadorpizzaspizzas@gmail.com,Admin,pizza barbie 25cm,25,1,44,"144,32","33,8664516129","10,45","10,45","41,8","34,3277773256","R$ 10,45 (41,80%)","1,2992208485",5,"13,3","53,2","R$ 13,30 (53,20%)","R$ 13,30 (53,20%)","636,9733969697","636,9733969697","636,9733969697","636,9733969697",,,,,,,,,,,,,,
3CDIhQsXQHCNRE2dFRacxQ,gladiadorpizzaspizzas@gmail.com,Admin,pizza chocolate preto e branco 25cm,25,1,44,"144,32","33,8664516129","11,2","11,2","44,8","34,3277773256","R$ 11,20 (44,80%)","1,2992208485",5,"12,55","50,2","R$ 12,55 (50,20%)","R$ 12,55 (50,20%)","636,9733969697","636,9733969697","636,9733969697","636,9733969697",,,,,,,,,,,,,,
03YJzaUtQjiUgNwiFmbTMA,gladiadorpizzaspizzas@gmail.com,Admin,pizza 4 queijos 25cm,28,1,44,"144,32","33,8664516129","12,35","12,35","44,1071428571","34,3277773256","R$ 12,35 (44,11%)","1,2992208485",5,"14,25","50,8928571429","R$ 14,25 (50,89%)","R$ 14,25 (50,89%)","636,9733969697","636,9733969697","636,9733969697","636,9733969697",,,,,,,,,,,,,,
WiRFOCqQQzu9Nzyi1JOVZg,gladiadorpizzaspizzas@gmail.com,Admin,pizza mexicana 25cm,28,1,44,"144,32","33,8664516129","11,232","11,232","40,1142857143","34,3277773256","R$ 11,23 (40,11%)","1,2992208485",5,"15,368","54,8857142857","R$ 15,37 (54,89%)","R$ 15,37 (54,89%)","636,9733969697","636,9733969697","636,9733969697","636,9733969697",,,,,,,,,,,,,,
nt0MXYZ9S86xxGHtLsC.hw,gladiadorpizzaspizzas@gmail.com,Admin,pizza tropical 25cm,28,1,44,"144,32","33,8664516129","11,15","11,15","39,8214285714","34,3277773256","R$ 11,15 (39,82%)","1,2992208485",5,"15,45","55,1785714286","R$ 15,45 (55,18%)","R$ 15,45 (55,18%)","636,9733969697","636,9733969697","636,9733969697","636,9733969697",,,,,,,,,,,,,,
w72hr6gLT5O2nbIqo9t9mg,gladiadorpizzaspizzas@gmail.com,Admin,pizza mista 25cm,28,1,44,"144,32","33,8664516129","10,5","10,5","37,5","34,3277773256","R$ 10,50 (37,50%)","1,2992208485",5,"16,1","57,5","R$ 16,10 (57,50%)","R$ 16,10 (57,50%)","636,9733969697","636,9733969697","636,9733969697","636,9733969697",,,,,,,,,,,,,,
e4YYe.uMS5CeLjmExy8HJQ,gladiadorpizzaspizzas@gmail.com,Admin,pizza calabresa com catupiry 25cm,28,1,44,"144,32","33,8664516129","10,35","10,35","36,9642857143","34,3277773256","R$ 10,35 (36,96%)","1,2992208485",5,"16,25","58,0357142857","R$ 16,25 (58,04%)","R$ 16,25 (58,04%)","636,9733969697","636,9733969697","636,9733969697","636,9733969697",,,,,,,,,,,,,,
QibYDFttTDW-Thm7kAIM1w,gladiadorpizzaspizzas@gmail.com,Admin,pizza carbonara 25cm,28,1,44,"144,32","33,8664516129","8,45","8,45","30,1785714286","34,3277773256","R$ 8,45 (30,18%)","1,2992208485",5,"18,15","64,8214285714","R$ 18,15 (64,82%)","R$ 18,15 (64,82%)","636,9733969697","636,9733969697","636,9733969697","636,9733969697",,,,,,,,,,,,,,
ThpQu1GDT-6kmeAmWpiu8g,gladiadorpizzaspizzas@gmail.com,Admin,pizza lombo canadense 25cm ,28,1,44,"144,32","33,8664516129","8,7","8,7","31,0714285714","34,3277773256","R$ 8,70 (31,07%)","1,2992208485",5,"17,9","63,9285714286","R$ 17,90 (63,93%)","R$ 17,90 (63,93%)","636,9733969697","636,9733969697","636,9733969697","636,9733969697",,,,,,,,,,,,,,
3Q6zFvNuToCdGyjPS7f-8A,gladiadorpizzaspizzas@gmail.com,Admin,pizza camarão 25cm,30,1,44,"144,32","33,8664516129","12,85","12,85","42,8333333333","34,3277773256","R$ 12,85 (42,83%)","1,2992208485",5,"15,65","52,1666666667","R$ 15,65 (52,17%)","R$ 15,65 (52,17%)","636,9733969697","636,9733969697","636,9733969697","636,9733969697",,,,,,,,,,,,,,
QlhQ5YSsSHukNlocfKTNvQ,gladiadorpizzaspizzas@gmail.com,Admin,pizza carne seca 25cm,30,1,44,"144,32","33,8664516129","11,91","11,91","39,7","34,3277773256","R$ 11,91 (39,70%)","1,2992208485",5,"16,59","55,3","R$ 16,59 (55,30%)","R$ 16,59 (55,30%)","636,9733969697","636,9733969697","636,9733969697","636,9733969697",,,,,,,,,,,,,,
70OUER2WT965U96LLb0k3Q,gladiadorpizzaspizzas@gmail.com,Admin,pizza gladiador 25cm,30,1,44,"144,32","33,8664516129","12,5","12,5","41,6666666667","34,3277773256","R$ 12,50 (41,67%)","1,2992208485",5,16,"53,3333333333","R$ 16,00 (53,33%)","R$ 16,00 (53,33%)","636,9733969697","636,9733969697","636,9733969697","636,9733969697",,,,,,,,,,,,,,
hvXh9tv1Q4OHVuwe9VIH7g,gladiadorpizzaspizzas@gmail.com,Admin,pizza batata turbinada 25cm,30,1,44,"144,32","33,8664516129","9,9","9,9",33,"34,3277773256","R$ 9,90 (33,00%)","1,2992208485",5,"18,6",62,"R$ 18,60 (62,00%)","R$ 18,60 (62,00%)","636,9733969697","636,9733969697","636,9733969697","636,9733969697",,,,,,,,,,,,,,
ntD716fAQOiJiXvWspQbCQ,gladiadorpizzaspizzas@gmail.com,Admin,pizza file mignon 25cm,30,1,44,"144,32","33,8664516129","14,65","14,65","48,8333333333","34,3277773256","R$ 14,65 (48,83%)","1,2992208485",5,"13,85","46,1666666667","R$ 13,85 (46,17%)","R$ 13,85 (46,17%)","636,9733969697","636,9733969697","636,9733969697","636,9733969697",,,,,,,,,,,,,,
mcBLXSKJSMmQwVvlblrGAw,gladiadorpizzaspizzas@gmail.com,Admin,pizza chocobanana 25cm,30,1,44,"144,32","33,8664516129","8,8","8,8","29,3333333333","34,3277773256","R$ 8,80 (29,33%)","1,2992208485",5,"19,7","65,6666666667","R$ 19,70 (65,67%)","R$ 19,70 (65,67%)","636,9733969697","636,9733969697","636,9733969697","636,9733969697",,,,,,,,,,,,,,
p-1Lg2j-ScC8ECLTaGVkRQ,gladiadorpizzaspizzas@gmail.com,Admin,broto muçarela,12,1,44,"144,32","33,8664516129","3,1","3,1","25,8333333333","34,3277773256","R$ 3,10 (25,83%)","1,2992208485",5,"8,3","69,1666666667","R$ 8,30 (69,17%)","R$ 8,30 (69,17%)","636,9733969697","636,9733969697","636,9733969697","636,9733969697",,,,,,,,,,,,,,
0TLIwNNOSwqOLM0IAmcjLg,gladiadorpizzaspizzas@gmail.com,Admin,broto calabresa ,12,1,44,"144,32","33,8664516129","4,1","4,1","34,1666666667","34,3277773256","R$ 4,10 (34,17%)","1,2992208485",5,"7,3","60,8333333333","R$ 7,30 (60,83%)","R$ 7,30 (60,83%)","636,9733969697","636,9733969697","636,9733969697","636,9733969697",,,,,,,,,,,,,,
GNpzNZgHTaacvTyMft5u.Q,gladiadorpizzaspizzas@gmail.com,Admin,broto marguerita,12,1,44,"144,32","33,8664516129","1,87","1,87","15,5833333333","34,3277773256","R$ 1,87 (15,58%)","1,2992208485",5,"9,53","79,4166666667","R$ 9,53 (79,42%)","R$ 9,53 (79,42%)","636,9733969697","636,9733969697","636,9733969697","636,9733969697",,,,,,,,,,,,,,
Vm6zl8VXR72YEgX42wcCdw,gladiadorpizzaspizzas@gmail.com,Admin,broto frango com catupiry,12,1,44,"144,32","33,8664516129","1,87","1,87","15,5833333333","34,3277773256","R$ 1,87 (15,58%)","1,2992208485",5,"9,53","79,4166666667","R$ 9,53 (79,42%)","R$ 9,53 (79,42%)","636,9733969697","636,9733969697","636,9733969697","636,9733969697",,,,,,,,,,,,,,
8a7fpZ7mQIu-M.OfM-UZYg,gladiadorpizzaspizzas@gmail.com,Admin,broto portuguesa,12,1,44,"144,32","33,8664516129","2,034","2,034","16,95","34,3277773256","R$ 2,03 (16,95%)","1,2992208485",5,"9,366","78,05","R$ 9,37 (78,05%)","R$ 9,37 (78,05%)","636,9733969697","636,9733969697","636,9733969697","636,9733969697",,,,,,,,,,,,,,
a.h-jdvMCRImPWWHiX3UenA,gladiadorpizzaspizzas@gmail.com,Admin,broto napolitana,12,1,44,"144,32","33,8664516129","1,36","1,36","11,3333333333","34,3277773256","R$ 1,36 (11,33%)","1,2992208485",5,"10,04","83,6666666667","R$ 10,04 (83,67%)","R$ 10,04 (83,67%)","636,9733969697","636,9733969697","636,9733969697","636,9733969697",,,,,,,,,,,,,,
a-2teQlP6RnWeXjdD4uHiQA,gladiadorpizzaspizzas@gmail.com,Admin,broto pão de alho,12,1,44,"144,32","33,8664516129","1,35","1,35","11,25","34,3277773256","R$ 1,35 (11,25%)","1,2992208485",5,"10,05","83,75","R$ 10,05 (83,75%)","R$ 10,05 (83,75%)","636,9733969697","636,9733969697","636,9733969697","636,9733969697",,,,,,,,,,,,,,
q.gAykzfQSyHDZwhsoajSA,gladiadorpizzaspizzas@gmail.com,Admin,broto banana canela,12,1,44,"144,32","33,8664516129","0,94","0,94","7,8333333333","34,3277773256","R$ 0,94 (7,83%)","1,2992208485",5,"10,46","87,1666666667","R$ 10,46 (87,17%)","R$ 10,46 (87,17%)","636,9733969697","636,9733969697","636,9733969697","636,9733969697",,,,,,,,,,,,,,
C9rS97T5R4avYhPTJ.kFfg,gladiadorpizzaspizzas@gmail.com,Admin,broto banana nutela,12,1,44,"144,32","33,8664516129","2,4","2,4",20,"34,3277773256","R$ 2,40 (20,00%)","1,2992208485",5,9,75,"R$ 9,00 (75,00%)","R$ 9,00 (75,00%)","636,9733969697","636,9733969697","636,9733969697","636,9733969697",,,,,,,,,,,,,,
E2RKhic0SnmQr.W76IgXvA,gladiadorpizzaspizzas@gmail.com,Admin,broto banana nevada,12,1,44,"144,32","33,8664516129","3,6","3,6",30,"34,3277773256","R$ 3,60 (30,00%)","1,2992208485",5,"7,8",65,"R$ 7,80 (65,00%)","R$ 7,80 (65,00%)","636,9733969697","636,9733969697","636,9733969697","636,9733969697",,,,,,,,,,,,,,
mU6VAPzvRfeEPAh17W6U3A,gladiadorpizzaspizzas@gmail.com,Admin,broto banana doce de leite,12,1,44,"144,32","33,8664516129","2,4","2,4",20,"34,3277773256","R$ 2,40 (20,00%)","1,2992208485",5,9,75,"R$ 9,00 (75,00%)","R$ 9,00 (75,00%)","636,9733969697","636,9733969697","636,9733969697","636,9733969697",,,,,,,,,,,,,,
a-pqz7MaZTEqTFhA4rWOI-w,gladiadorpizzaspizzas@gmail.com,Admin,broto beijinho ,12,1,44,"144,32","33,8664516129","3,1","3,1","25,8333333333","34,3277773256","R$ 3,10 (25,83%)","1,2992208485",5,"8,3","69,1666666667","R$ 8,30 (69,17%)","R$ 8,30 (69,17%)","636,9733969697","636,9733969697","636,9733969697","636,9733969697",,,,,,,,,,,,,,
a-8brl8hVTrKgjQCHYKE09A,gladiadorpizzaspizzas@gmail.com,Admin,broto prestigio,12,1,44,"144,32","33,8664516129","4,6","4,6","38,3333333333","34,3277773256","R$ 4,60 (38,33%)","1,2992208485",5,"6,8","56,6666666667","R$ 6,80 (56,67%)","R$ 6,80 (56,67%)","636,9733969697","636,9733969697","636,9733969697","636,9733969697",,,,,,,,,,,,,,
zY-LOk1sQmat3Lk.RKZcBg,gladiadorpizzaspizzas@gmail.com,Admin,broto romeu julieta,12,,44,"144,32","33,8664516129",3,,,"34,3277773256", (),"1,2992208485",5,"11,4",95,"R$ 11,40 (95,00%)","R$ 11,40 (95,00%)","636,9733969697","636,9733969697","636,9733969697","636,9733969697",,,,,,,,,,,,,,
4TrH8487QmeXoLvBJSShRA,gladiadorpizzaspizzas@gmail.com,Admin,broto confeti,12,1,44,"144,32","33,8664516129","3,85","3,85","32,0833333333","34,3277773256","R$ 3,85 (32,08%)","1,2992208485",5,"7,55","62,9166666667","R$ 7,55 (62,92%)","R$ 7,55 (62,92%)","636,9733969697","636,9733969697","636,9733969697","636,9733969697",,,,,,,,,,,,,,
eys9S3flSPWn7JpR0ssXeA,gladiadorpizzaspizzas@gmail.com,Admin,broto delicia de abacaxi,12,1,44,"144,32","33,8664516129","4,14","4,14","34,5","34,3277773256","R$ 4,14 (34,50%)","1,2992208485",5,"7,26","60,5","R$ 7,26 (60,50%)","R$ 7,26 (60,50%)","636,9733969697","636,9733969697","636,9733969697","636,9733969697",,,,,,,,,,,,,,
Vk7JGloyQjuNHA6jjxesfw,gladiadorpizzaspizzas@gmail.com,Admin,broto barbie,12,1,44,"144,32","33,8664516129","3,2","3,2","26,6666666667","34,3277773256","R$ 3,20 (26,67%)","1,2992208485",5,"8,2","68,3333333333","R$ 8,20 (68,33%)","R$ 8,20 (68,33%)","636,9733969697","636,9733969697","636,9733969697","636,9733969697",,,,,,,,,,,,,,
XOWgm03kSMOd0q0LVB7NZg,gladiadorpizzaspizzas@gmail.com,Admin,broto chocolate preto branco,12,1,44,"144,32","33,8664516129","3,45","3,45","28,75","34,3277773256","R$ 3,45 (28,75%)","1,2992208485",5,"7,95","66,25","R$ 7,95 (66,25%)","R$ 7,95 (66,25%)","636,9733969697","636,9733969697","636,9733969697","636,9733969697",,,,,,,,,,,,,,
Rt8mgADUR9uVFbg.sJWfkw,gladiadorpizzaspizzas@gmail.com,Admin,broto 4 queijos,15,1,44,"144,32","33,8664516129","2,77","2,77","18,4666666667","34,3277773256","R$ 2,77 (18,47%)","1,2992208485",5,"11,48","76,5333333333","R$ 11,48 (76,53%)","R$ 11,48 (76,53%)","636,9733969697","636,9733969697","636,9733969697","636,9733969697",,,,,,,,,,,,,,
oZOya9hNSCmBiE0ev2XKog,gladiadorpizzaspizzas@gmail.com,Admin,broto mexicana ,15,1,44,"144,32","33,8664516129","5,4","5,4",36,"34,3277773256","R$ 5,40 (36,00%)","1,2992208485",5,"8,85",59,"R$ 8,85 (59,00%)","R$ 8,85 (59,00%)","636,9733969697","636,9733969697","636,9733969697","636,9733969697",,,,,,,,,,,,,,
IYTINOWJQ5eZQrCXsLvwzQ,gladiadorpizzaspizzas@gmail.com,Admin,broto tropical,15,1,44,"144,32","33,8664516129","2,6","2,6","17,3333333333","34,3277773256","R$ 2,60 (17,33%)","1,2992208485",5,"11,65","77,6666666667","R$ 11,65 (77,67%)","R$ 11,65 (77,67%)","636,9733969697","636,9733969697","636,9733969697","636,9733969697",,,,,,,,,,,,,,
k4ftnP7CRE2XeWvnXbQ5aw,gladiadorpizzaspizzas@gmail.com,Admin,broto calabresa com catupiry,12,1,44,"144,32","33,8664516129","2,69","2,69","22,4166666667","34,3277773256","R$ 2,69 (22,42%)","1,2992208485",5,"8,71","72,5833333333","R$ 8,71 (72,58%)","R$ 8,71 (72,58%)","636,9733969697","636,9733969697","636,9733969697","636,9733969697",,,,,,,,,,,,,,
hcwDeaynTCaAAqdblQ4LTw,gladiadorpizzaspizzas@gmail.com,Admin,broto mista,15,1,44,"144,32","33,8664516129","2,7","2,7",18,"34,3277773256","R$ 2,70 (18,00%)","1,2992208485",5,"11,55",77,"R$ 11,55 (77,00%)","R$ 11,55 (77,00%)","636,9733969697","636,9733969697","636,9733969697","636,9733969697",,,,,,,,,,,,,,
76kxFgLZQ8O4QlmCG2SGkg,gladiadorpizzaspizzas@gmail.com,Admin,broto carbonara,12,1,44,"144,32","33,8664516129","2,7","2,7","22,5","34,3277773256","R$ 2,70 (22,50%)","1,2992208485",5,"8,7","72,5","R$ 8,70 (72,50%)","R$ 8,70 (72,50%)","636,9733969697","636,9733969697","636,9733969697","636,9733969697",,,,,,,,,,,,,,
usvXxWnuRMaM0wC4VNarOQ,gladiadorpizzaspizzas@gmail.com,Admin,broto carbonara,15,1,44,"144,32","33,8664516129","3,6","3,6",24,"34,3277773256","R$ 3,60 (24,00%)","1,2992208485",5,"10,65",71,"R$ 10,65 (71,00%)","R$ 10,65 (71,00%)","636,9733969697","636,9733969697","636,9733969697","636,9733969697",,,,,,,,,,,,,,
BxQXNLp1Q7aYauqWedRT1w,gladiadorpizzaspizzas@gmail.com,Admin,broto lombo canadense,15,1,44,"144,32","33,8664516129","4,75","4,75","31,6666666667","34,3277773256","R$ 4,75 (31,67%)","1,2992208485",5,"9,5","63,3333333333","R$ 9,50 (63,33%)","R$ 9,50 (63,33%)","636,9733969697","636,9733969697","636,9733969697","636,9733969697",,,,,,,,,,,,,,
rNyatMotS2OudjR0cObwJA,gladiadorpizzaspizzas@gmail.com,Admin,broto camarão,18,1,44,"144,32","33,8664516129","3,57","3,57","19,8333333333","34,3277773256","R$ 3,57 (19,83%)","1,2992208485",5,"13,53","75,1666666667","R$ 13,53 (75,17%)","R$ 13,53 (75,17%)","636,9733969697","636,9733969697","636,9733969697","636,9733969697",,,,,,,,,,,,,,
DKXr0veqRt6-Au7e1f.QcQ,gladiadorpizzaspizzas@gmail.com,Admin,broto gladiador,18,1,44,"144,32","33,8664516129","4,15","4,15","23,0555555556","34,3277773256","R$ 4,15 (23,06%)","1,2992208485",5,"12,95","71,9444444444","R$ 12,95 (71,94%)","R$ 12,95 (71,94%)","636,9733969697","636,9733969697","636,9733969697","636,9733969697",,,,,,,,,,,,,,
l0pCPl5xQ1-UM23By9mZXg,gladiadorpizzaspizzas@gmail.com,Admin,broto carne seca,18,1,44,"144,32","33,8664516129","4,07","4,07","22,6111111111","34,3277773256","R$ 4,07 (22,61%)","1,2992208485",5,"13,03","72,3888888889","R$ 13,03 (72,39%)","R$ 13,03 (72,39%)","636,9733969697","636,9733969697","636,9733969697","636,9733969697",,,,,,,,,,,,,,
v-lagypgSMamA3RZZzapLQ,gladiadorpizzaspizzas@gmail.com,Admin,broto batata turbinada,18,1,44,"144,32","33,8664516129","4,54","4,54","25,2222222222","34,3277773256","R$ 4,54 (25,22%)","1,2992208485",5,"12,56","69,7777777778","R$ 12,56 (69,78%)","R$ 12,56 (69,78%)","636,9733969697","636,9733969697","636,9733969697","636,9733969697",,,,,,,,,,,,,,
LnwQfzjfSdWNpn7wmwc0aQ,gladiadorpizzaspizzas@gmail.com,Admin,broto file mignon,18,1,44,"144,32","33,8664516129","4,15","4,15","23,0555555556","34,3277773256","R$ 4,15 (23,06%)","1,2992208485",5,"12,95","71,9444444444","R$ 12,95 (71,94%)","R$ 12,95 (71,94%)","636,9733969697","636,9733969697","636,9733969697","636,9733969697",,,,,,,,,,,,,,
cZ8lf-UPS7umMilouKaQWg,gladiadorpizzaspizzas@gmail.com,Admin,broto chocobanana,18,1,44,"144,32","33,8664516129","2,04","2,04","11,3333333333","34,3277773256","R$ 2,04 (11,33%)","1,2992208485",5,"15,06","83,6666666667","R$ 15,06 (83,67%)","R$ 15,06 (83,67%)","636,9733969697","636,9733969697","636,9733969697","636,9733969697",,,,,,,,,,,,,,
CXnAkyPmRq6V-cJOf0Q42Q,larissarodriguespiai@gmail.com,Admin,Monster 473 ml,21,1,44,"144,32","33,8664516129",7,7,"33,3333333333","34,3277773256","R$ 7,00 (33,33%)","1,2992208485",5,"12,95","61,6666666667","R$ 12,95 (61,67%)","R$ 12,95 (61,67%)","636,9733969697","636,9733969697","636,9733969697","636,9733969697",,,,,,,,,,,,,,
5NGOuURYStyy2AtcCbKYEA,larissarodriguespiai@gmail.com,Admin,Coca 2L,23,1,44,"144,32","33,8664516129","8,99","8,99","39,0869565217","34,3277773256","R$ 8,99 (39,09%)","1,2992208485",5,"12,86","55,9130434783","R$ 12,86 (55,91%)","R$ 12,86 (55,91%)","636,9733969697","636,9733969697","636,9733969697","636,9733969697",,,,,,,,,,,,,,
mwLUrdq7S9WxozwF3CDAiA,larissarodriguespiai@gmail.com,Admin,Bolo,"35,9",1,44,"144,32","33,8664516129","15,9","15,9","44,2896935933","34,3277773256","R$ 15,90 (44,29%)","1,2992208485",5,"18,205","50,7103064067","R$ 18,21 (50,71%)","R$ 18,21 (50,71%)","636,9733969697","636,9733969697","636,9733969697","636,9733969697",,,,,,,,,,,,,,
CIof-6VcRAW5ifkp7TH3Jw,larissarodriguespiai@gmail.com,Admin,Barca 1L,"54,9",1,44,"144,32","33,8664516129","21,7271875","21,7271875","39,5759335155","34,3277773256","R$ 21,73 (39,58%)","1,2992208485",5,"30,4278125","55,4240664845","R$ 30,43 (55,42%)","R$ 30,43 (55,42%)","636,9733969697","636,9733969697","636,9733969697","636,9733969697",,,,,,,,,,,,,,
YBav-89oSWm.Lws-xYt2Sw,larissarodriguespiai@gmail.com,Admin,Barca 500 ml,"39,9",1,44,"144,32","33,8664516129","15,4571875","15,4571875","38,7398182957","34,3277773256","R$ 15,46 (38,74%)","1,2992208485",5,"22,4478125","56,2601817043","R$ 22,45 (56,26%)","R$ 22,45 (56,26%)","636,9733969697","636,9733969697","636,9733969697","636,9733969697",,,,,,,,,,,,,,
F1Uy.CVeTHmk0mpW.omfjA,larissarodriguespiai@gmail.com,Admin,Roleta 1L,"59,9",1,44,"144,32","33,8664516129","24,6609375","24,6609375","41,1701794658","34,3277773256","R$ 24,66 (41,17%)","1,2992208485",5,"32,2440625","53,8298205342","R$ 32,24 (53,83%)","R$ 32,24 (53,83%)","636,9733969697","636,9733969697","636,9733969697","636,9733969697",,,,,,,,,,,,,,
svs8TkGDStG2D8ut3klf1A,larissarodriguespiai@gmail.com,Admin,Roleta 500 ml,"39,9",1,44,"144,32","33,8664516129","15,0840625","15,0840625","37,8046679198","34,3277773256","R$ 15,08 (37,80%)","1,2992208485",5,"22,8209375","57,1953320802","R$ 22,82 (57,20%)","R$ 22,82 (57,20%)","636,9733969697","636,9733969697","636,9733969697","636,9733969697",,,,,,,,,,,,,,
ghYKBGJuRJaNUR17tIqjOw,larissarodriguespiai@gmail.com,Admin,Copo 300 ml,"17,99",1,44,"144,32","33,8664516129","4,2","4,2","23,3463035019","34,3277773256","R$ 4,20 (23,35%)","1,2992208485",5,"12,8905","71,6536964981","R$ 12,89 (71,65%)","R$ 12,89 (71,65%)","636,9733969697","636,9733969697","636,9733969697","636,9733969697",,,,,,,,,,,,,,
Q5ArUo5PQZeMjbHPuFB2lQ,larissarodriguespiai@gmail.com,Admin,Copo Puro 400 ml,"21,99",1,44,"144,32","33,8664516129","6,62","6,62","30,1045929968","34,3277773256","R$ 6,62 (30,10%)","1,2992208485",5,"14,2705","64,8954070032","R$ 14,27 (64,90%)","R$ 14,27 (64,90%)","636,9733969697","636,9733969697","636,9733969697","636,9733969697",,,,,,,,,,,,,,
6Y8OoejbQreO2kE2zosLGg,larissarodriguespiai@gmail.com,Admin,Copo 700,"29,97",1,44,"144,32","33,8664516129","11,0848","11,0848","36,986319653","34,3277773256","R$ 11,08 (36,99%)","1,2992208485",5,"17,3867","58,013680347","R$ 17,39 (58,01%)","R$ 17,39 (58,01%)","636,9733969697","636,9733969697","636,9733969697","636,9733969697",,,,,,,,,,,,,,
cI.oqNzIQo2WQnXSygFNlw,larissarodriguespiai@gmail.com,Admin,Copo 1 L,"34,5",1,44,"144,32","33,8664516129","15,1","15,1","43,768115942","34,3277773256","R$ 15,10 (43,77%)","1,2992208485",5,"17,675","51,231884058","R$ 17,68 (51,23%)","R$ 17,68 (51,23%)","636,9733969697","636,9733969697","636,9733969697","636,9733969697",,,,,,,,,,,,,,
zozSs71HS2KC6MR2e1VNKg,larissarodriguespiai@gmail.com,Admin,Banana ,3,1,44,"144,32","33,8664516129","0,5","0,5","16,6666666667","34,3277773256","R$ 0,50 (16,67%)","1,2992208485",5,"2,35","78,3333333333","R$ 2,35 (78,33%)","R$ 2,35 (78,33%)","636,9733969697","636,9733969697","636,9733969697","636,9733969697",,,,,,,,,,,,,,
Ga1S8KZPT5OMUIj2yW4opQ,larissarodriguespiai@gmail.com,Admin,Uva,"3,5",1,44,"144,32","33,8664516129","0,6666666667","0,6666666667","19,0476190476","34,3277773256","R$ 0,67 (19,05%)","1,2992208485",5,"2,6583333333","75,9523809524","R$ 2,66 (75,95%)","R$ 2,66 (75,95%)","636,9733969697","636,9733969697","636,9733969697","636,9733969697",,,,,,,,,,,,,,
28ZQWV6mT6iXSPJnAvazlw,larissarodriguespiai@gmail.com,Admin,Morango,4,1,44,"144,32","33,8664516129","1,12","1,12",28,"34,3277773256","R$ 1,12 (28,00%)","1,2992208485",5,"2,68",67,"R$ 2,68 (67,00%)","R$ 2,68 (67,00%)","636,9733969697","636,9733969697","636,9733969697","636,9733969697",,,,,,,,,,,,,,
4HL5cB.ESOOR3SpIlqK-nA,larissarodriguespiai@gmail.com,Admin,Aveia,3,1,44,"144,32","33,8664516129","0,75","0,75",25,"34,3277773256","R$ 0,75 (25,00%)","1,2992208485",5,"2,1",70,"R$ 2,10 (70,00%)","R$ 2,10 (70,00%)","636,9733969697","636,9733969697","636,9733969697","636,9733969697",,,,,,,,,,,,,,
ndPRve29Sk-F2D9W3SnlmA,larissarodriguespiai@gmail.com,Admin,Granola,"3,5",1,44,"144,32","33,8664516129","1,1","1,1","31,4285714286","34,3277773256","R$ 1,10 (31,43%)","1,2992208485",5,"2,225","63,5714285714","R$ 2,22 (63,57%)","R$ 2,22 (63,57%)","636,9733969697","636,9733969697","636,9733969697","636,9733969697",,,,,,,,,,,,,,
FtEz0OxLTc25uYOfTbyfsQ,larissarodriguespiai@gmail.com,Admin,Paçoca,"3,5",1,44,"144,32","33,8664516129",1,1,"28,5714285714","34,3277773256","R$ 1,00 (28,57%)","1,2992208485",5,"2,325","66,4285714286","R$ 2,33 (66,43%)","R$ 2,33 (66,43%)","636,9733969697","636,9733969697","636,9733969697","636,9733969697",,,,,,,,,,,,,,
mHiWUjUmQ36vEilDKbdBqw,larissarodriguespiai@gmail.com,Admin,Leite em pó,"3,49",1,44,"144,32","33,8664516129","1,44","1,44","41,2607449857","34,3277773256","R$ 1,44 (41,26%)","1,2992208485",5,"1,8755","53,7392550143","R$ 1,88 (53,74%)","R$ 1,88 (53,74%)","636,9733969697","636,9733969697","636,9733969697","636,9733969697",,,,,,,,,,,,,,
CgTn.Hc6RdClzDKRyk1dJQ,larissarodriguespiai@gmail.com,Admin,Chocoball,"4,5",1,44,"144,32","33,8664516129","2,52","2,52",56,"34,3277773256","R$ 2,52 (56,00%)","1,2992208485",5,"1,755",39,"R$ 1,75 (39,00%)","R$ 1,75 (39,00%)","636,9733969697","636,9733969697","636,9733969697","636,9733969697",,,,,,,,,,,,,,
otJoiZEAR0SYvK6d9hS32Q,larissarodriguespiai@gmail.com,Admin,Confete,"3,5",1,44,"144,32","33,8664516129","2,08","2,08","59,4285714286","34,3277773256","R$ 2,08 (59,43%)","1,2992208485",5,"1,245","35,5714285714","R$ 1,24 (35,57%)","R$ 1,24 (35,57%)","636,9733969697","636,9733969697","636,9733969697","636,9733969697",,,,,,,,,,,,,,
wlFDRIO3QEOv1VVmL5iSrw,larissarodriguespiai@gmail.com,Admin,Nutella,"7,99",1,44,"144,32","33,8664516129","4,9875","4,9875","62,4217772215","34,3277773256","R$ 4,99 (62,42%)","1,2992208485",5,"2,603","32,5782227785","R$ 2,60 (32,58%)","R$ 2,60 (32,58%)","636,9733969697","636,9733969697","636,9733969697","636,9733969697",,,,,,,,,,,,,,
k4likCrQRRasEAPKwA3MSg,larissarodriguespiai@gmail.com,Admin,Leite Condensado,"3,49",1,44,"144,32","33,8664516129","1,04","1,04","29,7994269341","34,3277773256","R$ 1,04 (29,80%)","1,2992208485",5,"2,2755","65,2005730659","R$ 2,28 (65,20%)","R$ 2,28 (65,20%)","636,9733969697","636,9733969697","636,9733969697","636,9733969697",,,,,,,,,,,,,,
YYNAgaJkTRidEDsdYtlToQ,larissarodriguespiai@gmail.com,Admin,Cereja,"6,99",1,44,"144,32","33,8664516129",4,4,"57,2246065808","34,3277773256","R$ 4,00 (57,22%)","1,2992208485",5,"2,6405","37,7753934192","R$ 2,64 (37,78%)","R$ 2,64 (37,78%)","636,9733969697","636,9733969697","636,9733969697","636,9733969697",,,,,,,,,,,,,,
yi8C3W8OSXOYWryjWSR6RQ,larissarodriguespiai@gmail.com,Admin,Picolé simples,"3,5",1,44,"144,32","33,8664516129","1,1","1,1","31,4285714286","34,3277773256","R$ 1,10 (31,43%)","1,2992208485",5,"2,225","63,5714285714","R$ 2,22 (63,57%)","R$ 2,22 (63,57%)","636,9733969697","636,9733969697","636,9733969697","636,9733969697",,,,,,,,,,,,,,
I.7JcoEtTT22T0ndt67sng,larissarodriguespiai@gmail.com,Admin,Picolé Magg,"14,9",1,44,"144,32","33,8664516129","4,5","4,5","30,2013422819","34,3277773256","R$ 4,50 (30,20%)","1,2992208485",5,"9,655","64,7986577181","R$ 9,66 (64,80%)","R$ 9,66 (64,80%)","636,9733969697","636,9733969697","636,9733969697","636,9733969697",,,,,,,,,,,,,,
0XwG15HMRCqnh8pkCUVGRQ,larissarodriguespiai@gmail.com,Admin,Picolé Skimo,7,1,44,"144,32","33,8664516129","2,5","2,5","35,7142857143","34,3277773256","R$ 2,50 (35,71%)","1,2992208485",5,"4,15","59,2857142857","R$ 4,15 (59,29%)","R$ 4,15 (59,29%)","636,9733969697","636,9733969697","636,9733969697","636,9733969697",,,,,,,,,,,,,,
PMA5eIlGQ6SnbMyWu3l9yA,larissarodriguespiai@gmail.com,Admin,Brownie com Nutella,"22,9",12,44,"144,32","33,8664516129","67,625","5,6354166667","24,6088064047","34,3277773256","R$ 5,64 (24,61%)","1,2992208485",5,"16,1195833333","70,3911935953","R$ 16,12 (70,39%)","R$ 16,12 (70,39%)","636,9733969697","636,9733969697","636,9733969697","636,9733969697",,,,,,,,,,,,,,
U0gXVXtyRHS90D9cZxolIg,larissarodriguespiai@gmail.com,Admin,Donuts com Nutella,"32,9",1,44,"144,32","33,8664516129","8,7794791667","8,7794791667","26,6853470111","34,3277773256","R$ 8,78 (26,69%)","1,2992208485",5,"22,4755208333","68,3146529889","R$ 22,48 (68,31%)","R$ 22,48 (68,31%)","636,9733969697","636,9733969697","636,9733969697","636,9733969697",,,,,,,,,,,,,,
WZc-i3ikRNKyC7ydnnPuJg,larissarodriguespiai@gmail.com,Admin,Milk 300,"26,9",1,44,"144,32","33,8664516129","4,99","4,99","18,5501858736","34,3277773256","R$ 4,99 (18,55%)","1,2992208485",5,"20,565","76,4498141264","R$ 20,56 (76,45%)","R$ 20,56 (76,45%)","636,9733969697","636,9733969697","636,9733969697","636,9733969697",,,,,,,,,,,,,,
og84gWjeSZqjlJmA46N0FA,larissarodriguespiai@gmail.com,Admin,Milk 400,"28,97",1,44,"144,32","33,8664516129","6,2","6,2","21,4014497756","34,3277773256","R$ 6,20 (21,40%)","1,2992208485",5,"21,3215","73,5985502244","R$ 21,32 (73,60%)","R$ 21,32 (73,60%)","636,9733969697","636,9733969697","636,9733969697","636,9733969697",,,,,,,,,,,,,,
zUQUKdHKQyKdN1d1ElUBFQ,larissarodriguespiai@gmail.com,Admin,Milk 500,"32,9",1,44,"144,32","33,8664516129","7,425","7,425","22,5683890578","34,3277773256","R$ 7,43 (22,57%)","1,2992208485",5,"23,83","72,4316109422","R$ 23,83 (72,43%)","R$ 23,83 (72,43%)","636,9733969697","636,9733969697","636,9733969697","636,9733969697",,,,,,,,,,,,,,
YLPETn8CQZugUjH9VjLtgQ,larissarodriguespiai@gmail.com,Admin,Milk 700,"40,41",1,44,"144,32","33,8664516129","10,5348","10,5348","26,0697847068","34,3277773256","R$ 10,53 (26,07%)","1,2992208485",5,"27,8547","68,9302152932","R$ 27,85 (68,93%)","R$ 27,85 (68,93%)","636,9733969697","636,9733969697","636,9733969697","636,9733969697",,,,,,,,,,,,,,
rOSyKjH-TvyDzF87Y6ibIw,larissarodriguespiai@gmail.com,Admin,Milk 1L,"49,9",1,44,"144,32","33,8664516129","14,0598","14,0598","28,1759519038","34,3277773256","R$ 14,06 (28,18%)","1,2992208485",5,"33,3452","66,8240480962","R$ 33,35 (66,82%)","R$ 33,35 (66,82%)","636,9733969697","636,9733969697","636,9733969697","636,9733969697",,,,,,,,,,,,,,
IxVOpyqMS8qKwlHszRNSiQ,larissarodriguespiai@gmail.com,Admin,Bolo festa,"89,9",1,44,"144,32","33,8664516129",52,52,"57,8420467186","34,3277773256","R$ 52,00 (57,84%)","1,2992208485",5,"33,405","37,1579532814","R$ 33,41 (37,16%)","R$ 33,41 (37,16%)","636,9733969697","636,9733969697","636,9733969697","636,9733969697",,,,,,,,,,,,,,
t9w3EjQTRzK5IKtu70sk9A,alex.samira2308@gmail.com,Admin,homem de ferro ,"31,9",1,44,"144,32","33,8664516129","9,6638666667","9,6638666667","30,2942528736","34,3277773256","R$ 9,66 (30,29%)","1,2992208485",5,"20,6411333333","64,7057471264","R$ 20,64 (64,71%)","R$ 20,64 (64,71%)","636,9733969697","636,9733969697","636,9733969697","636,9733969697",,,,,,,,,,,,,,
M5k.OPcxQPaqBgytldMXPw,alex.samira2308@gmail.com,Admin,cyborg,"43,9",1,44,"144,32","33,8664516129","14,3805333333","14,3805333333","32,7574791192","34,3277773256","R$ 14,38 (32,76%)","1,2992208485",5,"27,3244666667","62,2425208808","R$ 27,32 (62,24%)","R$ 27,32 (62,24%)","636,9733969697","636,9733969697","636,9733969697","636,9733969697",,,,,,,,,,,,,,
ze96L4dvTverL8wF9Qguog,alex.samira2308@gmail.com,Admin,veggie ,"35,9",1,44,"144,32","33,8664516129","11,4430238095","11,4430238095","31,8747181324","34,3277773256","R$ 11,44 (31,87%)","1,2992208485",5,"22,6619761905","63,1252818676","R$ 22,66 (63,13%)","R$ 22,66 (63,13%)","636,9733969697","636,9733969697","636,9733969697","636,9733969697",,,,,,,,,,,,,,
Z..raRpYQf-y8ac-6sP71A,alex.samira2308@gmail.com,Admin,shake ovomaltine ,"24,9",1,44,"144,32","33,8664516129","8,9080333333","8,9080333333","35,7752342704","34,3277773256","R$ 8,91 (35,78%)","1,2992208485",5,"14,7469666667","59,2247657296","R$ 14,75 (59,22%)","R$ 14,75 (59,22%)","636,9733969697","636,9733969697","636,9733969697","636,9733969697",,,,,,,,,,,,,,
mXrZwK1tRQmvO-6awA2Kbg,alex.samira2308@gmail.com,Admin,shake oreo ,"24,9",1,44,"144,32","33,8664516129","8,2547","8,2547","33,1514056225","34,3277773256","R$ 8,25 (33,15%)","1,2992208485",5,"15,4003","61,8485943775","R$ 15,40 (61,85%)","R$ 15,40 (61,85%)","636,9733969697","636,9733969697","636,9733969697","636,9733969697",,,,,,,,,,,,,,
Oov8wwcuQ5qftOgZIVAQJw,alex.samira2308@gmail.com,Admin,shake nutella ,"27,9",1,44,"144,32","33,8664516129","9,8147","9,8147","35,1781362007","34,3277773256","R$ 9,81 (35,18%)","1,2992208485",5,"16,6903","59,8218637993","R$ 16,69 (59,82%)","R$ 16,69 (59,82%)","636,9733969697","636,9733969697","636,9733969697","636,9733969697",,,,,,,,,,,,,,
gLXVJAErR2esC2y2MKyCYA,alex.samira2308@gmail.com,Admin,batata silples ,"14,9",1,44,"144,32","33,8664516129","3,0588","3,0588","20,5288590604","34,3277773256","R$ 3,06 (20,53%)","1,2992208485",5,"11,0962","74,4711409396","R$ 11,10 (74,47%)","R$ 11,10 (74,47%)","636,9733969697","636,9733969697","636,9733969697","636,9733969697",,,,,,,,,,,,,,
eVSJTgy4TWKZiz.uahokmg,alex.samira2308@gmail.com,Admin,batata cheddar e bacon,"25,9",1,44,"144,32","33,8664516129","6,5181","6,5181","25,1664092664","34,3277773256","R$ 6,52 (25,17%)","1,2992208485",5,"18,0869","69,8335907336","R$ 18,09 (69,83%)","R$ 18,09 (69,83%)","636,9733969697","636,9733969697","636,9733969697","636,9733969697",,,,,,,,,,,,,,
jmfBgCCCT163rZsKBBDeVg,alex.samira2308@gmail.com,Admin,batata pulled pork ,"25,9",1,44,"144,32","33,8664516129","8,4838","8,4838","32,755984556","34,3277773256","R$ 8,48 (32,76%)","1,2992208485",5,"16,1212","62,244015444","R$ 16,12 (62,24%)","R$ 16,12 (62,24%)","636,9733969697","636,9733969697","636,9733969697","636,9733969697",,,,,,,,,,,,,,
LeMiSmElTkKgLDiF7ePdQQ,alex.samira2308@gmail.com,Admin,porcao anel de cebola ,"15,9",1,44,"144,32","33,8664516129","4,9745714286","4,9745714286","31,2866127583","34,3277773256","R$ 4,97 (31,29%)","1,2992208485",5,"10,1304285714","63,7133872417","R$ 10,13 (63,71%)","R$ 10,13 (63,71%)","636,9733969697","636,9733969697","636,9733969697","636,9733969697",,,,,,,,,,,,,,
AUHVcWrDRJWglYL7jBmKzg,alex.samira2308@gmail.com,Admin,porcao nugguets ,"18,9",1,44,"144,32","33,8664516129","12,9196914286","12,9196914286","68,3581557067","34,3277773256","R$ 12,92 (68,36%)","1,2992208485",5,"5,0353085714","26,6418442933","R$ 5,04 (26,64%)","R$ 5,04 (26,64%)","636,9733969697","636,9733969697","636,9733969697","636,9733969697",,,,,,,,,,,,,,
JMO-1rbuQNqlf.HvJLvbMA,guilherme.amaral85icloud@gmail.com,Admin,Parmegiana Filé Mignon Executiva,"55,9",1,44,"144,32","33,8664516129","20,3775","20,3775","36,4534883721","34,3277773256","R$ 20,38 (36,45%)","1,2992208485",5,"32,7275","58,5465116279","R$ 32,73 (58,55%)","R$ 32,73 (58,55%)","636,9733969697","636,9733969697","636,9733969697","636,9733969697","20,3775",,,,,,,,,,,,,
0.LCpgreRf2P3-HYg9WpsQ,guilherme.amaral85icloud@gmail.com,Admin,Parmegiana Filé de Frango Executiva,"39,9",1,44,"144,32","33,8664516129","12,375","12,375","31,015037594","34,3277773256","R$ 12,38 (31,02%)","1,2992208485",5,"25,53","63,984962406","R$ 25,53 (63,98%)","R$ 25,53 (63,98%)","636,9733969697","636,9733969697","636,9733969697","636,9733969697","12,375",,,,,,,,,,,,,
oYUNxcDnSlmwOgSqN643aQ,leomrs@gmail.com,Admin,Pote de açaí com sorvete de pistache e creme ninho,"35,9",1,44,"144,32","33,8664516129","16,31","16,31","45,4317548747","34,3277773256","R$ 16,31 (45,43%)","1,2992208485",5,"17,795","49,5682451253","R$ 17,79 (49,57%)","R$ 17,79 (49,57%)","636,9733969697","636,9733969697","636,9733969697","636,9733969697",,,,,,,,,,,,,,
ScAWAaKAQLmOIxWRqsUJOQ,leomrs@gmail.com,Admin,Pote de açaí com sorvete morango fruta e creme ninho,"35,9",1,44,"144,32","33,8664516129","16,79","16,79","46,7688022284","34,3277773256","R$ 16,79 (46,77%)","1,2992208485",5,"17,315","48,2311977716","R$ 17,31 (48,23%)","R$ 17,31 (48,23%)","636,9733969697","636,9733969697","636,9733969697","636,9733969697",,,,,,,,,,,,,,
UbrnX4BKSLCjLKnRMZvPHA,leomrs@gmail.com,Admin,Pote de açaí com sorvete de morango fruta e NUTELLA,"35,9",1,44,"144,32","33,8664516129","15,62","15,62","43,5097493036","34,3277773256","R$ 15,62 (43,51%)","1,2992208485",5,"18,485","51,4902506964","R$ 18,49 (51,49%)","R$ 18,49 (51,49%)","636,9733969697","636,9733969697","636,9733969697","636,9733969697",,,,,,,,,,,,,,
dpzQmPUhR8yerMqSqsbyVg,leomrs@gmail.com,Admin,Pote de açaí (creme ninho e leite em pó),"39,9",1,44,"144,32","33,8664516129","12,97","12,97","32,5062656642","34,3277773256","R$ 12,97 (32,51%)","1,2992208485",5,"24,935","62,4937343358","R$ 24,94 (62,49%)","R$ 24,94 (62,49%)","636,9733969697","636,9733969697","636,9733969697","636,9733969697",,,,,,,,,,,,,,
IWBd.JpkS-Kav6ApV6uJng,leomrs@gmail.com,Admin,"Pote de açaí (NUTELLA, leite condensado e leite em pó)","39,9",1,44,"144,32","33,8664516129","14,07","14,07","35,2631578947","34,3277773256","R$ 14,07 (35,26%)","1,2992208485",5,"23,835","59,7368421053","R$ 23,83 (59,74%)","R$ 23,83 (59,74%)","636,9733969697","636,9733969697","636,9733969697","636,9733969697",,,,,,,,,,,,,,
7SCYsUK2SQiOPK8bu2-FGw,joyacainogravata@gmail.com,Admin,Açaí no copo - 300ml,"25,9",1,44,"144,32","33,8664516129","5,2941176471","5,2941176471","20,4406086759","34,3277773256","R$ 5,29 (20,44%)","1,2992208485",5,"19,3108823529","74,5593913241","R$ 19,31 (74,56%)","R$ 19,31 (74,56%)","636,9733969697","636,9733969697","636,9733969697","636,9733969697",,,,,,,,,,,,,,
alPvNc0LSRe4uwtdaNlzCQ,joaopurificacao26@gmail.com,Admin,SMASH BURGER,"17,9",1,44,"144,32","33,8664516129","7,1714376086","7,1714376086","40,0638972545","34,3277773256","R$ 7,17 (40,06%)","1,2992208485",5,"9,8335623914","54,9361027455","R$ 9,83 (54,94%)","R$ 9,83 (54,94%)","636,9733969697","636,9733969697","636,9733969697","636,9733969697",,,,,,,,,,,,,,
RzUZoERvQgqOiaPlYk.S6w,joaopurificacao26@gmail.com,Admin,X- BURGUER,"22,9",1,44,"144,32","33,8664516129","7,2365257143","7,2365257143","31,6005489707","34,3277773256","R$ 7,24 (31,60%)","1,2992208485",5,"14,5184742857","63,3994510293","R$ 14,52 (63,40%)","R$ 14,52 (63,40%)","636,9733969697","636,9733969697","636,9733969697","636,9733969697",,,,,,,,,,,,,,
0wf035EDR6y0Iym4LaoUvQ,joaopurificacao26@gmail.com,Admin,CLÁSSICO,"24,9",1,44,"144,32","33,8664516129","8,378192381","8,378192381","33,6473589596","34,3277773256","R$ 8,38 (33,65%)","1,2992208485",5,"15,276807619","61,3526410404","R$ 15,28 (61,35%)","R$ 15,28 (61,35%)","636,9733969697","636,9733969697","636,9733969697","636,9733969697",,,,,,,,,,,,,,
Uhzt53uoS4Wr4d9GmnLOFQ,joaopurificacao26@gmail.com,Admin,DUPLO BACON,"27,9",1,44,"144,32","33,8664516129","11,2327415733","11,2327415733","40,260722485","34,3277773256","R$ 11,23 (40,26%)","1,2992208485",5,"15,2722584267","54,739277515","R$ 15,27 (54,74%)","R$ 15,27 (54,74%)","636,9733969697","636,9733969697","636,9733969697","636,9733969697",,,,,,,,,,,,,,
vphpzJ-ARXmaQhiiDCckkQ,joaopurificacao26@gmail.com,Admin,TRIPLO CHEDDAR,37,1,44,"144,32","33,8664516129","14,1125653619","14,1125653619","38,1420685456","34,3277773256","R$ 14,11 (38,14%)","1,2992208485",5,"21,0374346381","56,8579314544","R$ 21,04 (56,86%)","R$ 21,04 (56,86%)","636,9733969697","636,9733969697","636,9733969697","636,9733969697",,,,,,,,,,,,,,
cAfwAHMnTta0GBJu7tmICA,joaopurificacao26@gmail.com,Admin,ONIONS RINGS,"25,9",1,44,"144,32","33,8664516129","8,6142947514","8,6142947514","33,259825295","34,3277773256","R$ 8,61 (33,26%)","1,2992208485",5,"15,9907052486","61,740174705","R$ 15,99 (61,74%)","R$ 15,99 (61,74%)","636,9733969697","636,9733969697","636,9733969697","636,9733969697",,,,,,,,,,,,,,
GzgKCiWPRVO4c1YpX6kf9Q,acessosistemahunter@gmail.com,Admin,Rosquinha Doce,3,1,44,"144,32","33,8664516129",,,,"34,3277773256", (),"1,2992208485",5,"2,85",95,"R$ 2,85 (95,00%)",,"636,9733969697","636,9733969697","636,9733969697","636,9733969697",,,,,,,,,,,,,,
hSlyGjFGRoOgLXnc6T9Dfg,livingnaturalgastronomia@outlook.com,Admin,Yakimeshi,15,10,44,"144,32","33,8664516129","8,7022","0,87022","5,8014666667","34,3277773256","R$ 0,87 (5,80%)","1,2992208485",5,"13,37978","89,1985333333","R$ 13,38 (89,20%)","R$ 13,38 (89,20%)","636,9733969697","636,9733969697","636,9733969697","636,9733969697",,,,,,,,,,,,,,
X-1LcvkmRzWnhd8WuHTkVg,guilherme.amaral85icloud@gmail.com,Admin,File de Frango (Combo),"34,9",1,44,"144,32","33,8664516129","11,8784","11,8784","34,035530086","34,3277773256","R$ 11,88 (34,04%)","1,2992208485",5,"21,2766","60,964469914","R$ 21,28 (60,96%)","R$ 21,28 (60,96%)","636,9733969697","636,9733969697","636,9733969697","636,9733969697","11,8784",,,,,,,,,,,,,
1IPDjiPsQmygwHV6iUf0Gw,livingnaturalgastronomia@outlook.com,Admin,Yakisoba de Frango Individual 500g,"36,9",1,44,"144,32","33,8664516129","7,69459","7,69459","20,8525474255","34,3277773256","R$ 7,69 (20,85%)","1,2992208485",5,"27,36041","74,1474525745","R$ 27,36 (74,15%)","R$ 27,36 (74,15%)","636,9733969697","636,9733969697","636,9733969697","636,9733969697",,,,,,,,,,,,,,
JNwd0418SPOkfN-aQUU-gA,livingnaturalgastronomia@outlook.com,Admin,Molho Base,25,10,44,"144,32","33,8664516129","10,1775193548","1,0177519355","4,0710077419","34,3277773256","R$ 1,02 (4,07%)","1,2992208485",5,"22,7322480645","90,9289922581","R$ 22,73 (90,93%)","R$ 22,73 (90,93%)","636,9733969697","636,9733969697","636,9733969697","636,9733969697",,,,,,,,,,,,,,
OjLm1sVFSGKRmGORmbel5w,livingnaturalgastronomia@outlook.com,Admin,CAMARÃO CRISPY,"39,9",1,44,"144,32","33,8664516129","10,88597","10,88597","27,2831328321","34,3277773256","R$ 10,89 (27,28%)","1,2992208485",5,"27,01903","67,7168671679","R$ 27,02 (67,72%)","R$ 27,02 (67,72%)","636,9733969697","636,9733969697","636,9733969697","636,9733969697",,,,,,,,,,,,,,
zW3Up-vAQBKUyO1AT5h6RQ,livingnaturalgastronomia@outlook.com,Admin,Bife Acebolado,"32,9",1,44,"144,32","33,8664516129","7,0793039735","7,0793039735","21,5176412569","34,3277773256","R$ 7,08 (21,52%)","1,2992208485",5,"24,1756960265","73,4823587431","R$ 24,18 (73,48%)","R$ 24,18 (73,48%)","636,9733969697","636,9733969697","636,9733969697","636,9733969697",,,,,,,,,,,,,,
ZE6.oSe5TI-EJUVr9o6.Zg,livingnaturalgastronomia@outlook.com,Admin,Omelete,"23,9",1,44,"144,32","33,8664516129","87,7351","87,7351","367,0924686192","34,3277773256","R$ 87,74 (367,09%)","1,2992208485",5,"-65,0301","-272,0924686192","R$ -65,03 (-272,09%)","R$ -65,03 (-272,09%)","636,9733969697","636,9733969697","636,9733969697","636,9733969697",,,,,,,,,,,,,,
5Cx33Qm-SEieQ7BVi50jig,livingnaturalgastronomia@outlook.com,Admin,Filé de Tilápia Grelhado,"42,9",1,44,"144,32","33,8664516129","9,2694444444","9,2694444444","21,6070966071","34,3277773256","R$ 9,27 (21,61%)","1,2992208485",5,"31,4855555556","73,3929033929","R$ 31,49 (73,39%)","R$ 31,49 (73,39%)","636,9733969697","636,9733969697","636,9733969697","636,9733969697",,,,,,,,,,,,,,
Ydrv8sigR6aRTX6DEFmgGg,livingnaturalgastronomia@outlook.com,Admin,Dobradinha,"26,9",1,44,"144,32","33,8664516129","4,0436423841","4,0436423841","15,032127822","34,3277773256","R$ 4,04 (15,03%)","1,2992208485",5,"21,5113576159","79,967872178","R$ 21,51 (79,97%)","R$ 21,51 (79,97%)","636,9733969697","636,9733969697","636,9733969697","636,9733969697",,,,,,,,,,,,,,
evDDINbcTcyf9gL9OThy4g,,Admin,,,,44,"144,32","33,8664516129",,,,"34,3277773256", (),"1,2992208485",5,,, (),,"636,9733969697","636,9733969697","636,9733969697","636,9733969697",,,,,,,,,,,,,,
RmYDEK7KRtaUIJYP0PhGrQ,larissarodriguespiai@gmail.com,Admin,Pote 1.8l,"45,9",1,44,"144,32","33,8664516129","19,21","19,21","41,8518518519","34,3277773256","R$ 19,21 (41,85%)","1,2992208485",5,"24,395","53,1481481481","R$ 24,40 (53,15%)","R$ 24,40 (53,15%)","636,9733969697","636,9733969697","636,9733969697","636,9733969697",,,,,,,,,,,,,,
DfbN7P41SrGWSf2iORdTiw,larissarodriguespiai@gmail.com,Admin,Copo 500,"25,97",1,44,"144,32","33,8664516129","8,04","8,04","30,9587986138","34,3277773256","R$ 8,04 (30,96%)","1,2992208485",5,"16,6315","64,0412013862","R$ 16,63 (64,04%)","R$ 16,63 (64,04%)","636,9733969697","636,9733969697","636,9733969697","636,9733969697",,,,,,,,,,,,,,
a.C00gxj2SkmzFCF18ba3zg,larissarodriguespiai@gmail.com,Admin,Kiwi,4,1,44,"144,32","33,8664516129","1,5","1,5","37,5","34,3277773256","R$ 1,50 (37,50%)","1,2992208485",5,"2,3","57,5","R$ 2,30 (57,50%)","R$ 2,30 (57,50%)","636,9733969697","636,9733969697","636,9733969697","636,9733969697",,,,,,,,,,,,,,
d9Bra7l1SUayNOTmGJ99Kw,larissarodriguespiai@gmail.com,Admin,Ituzinho,"4,2",1,44,"144,32","33,8664516129","1,8","1,8","42,8571428571","34,3277773256","R$ 1,80 (42,86%)","1,2992208485",5,"2,19","52,1428571429","R$ 2,19 (52,14%)","R$ 2,19 (52,14%)","636,9733969697","636,9733969697","636,9733969697","636,9733969697",,,,,,,,,,,,,,
3rqAZ9tLTGG70M1ieTyySg,larissarodriguespiai@gmail.com,Admin,Brigadeiro,"7,99",1,44,"144,32","33,8664516129",1,1,"12,5156445557","34,3277773256","R$ 1,00 (12,52%)","1,2992208485",5,"6,5905","82,4843554443","R$ 6,59 (82,48%)","R$ 6,59 (82,48%)","636,9733969697","636,9733969697","636,9733969697","636,9733969697",,,,,,,,,,,,,,
Ec2FJf31SPeHxOW-0REorg,joaopurificacao26@gmail.com,Admin,DORITOS,27,1,44,"144,32","33,8664516129","10,3743828571","10,3743828571","38,4236402116","34,3277773256","R$ 10,37 (38,42%)","1,2992208485",5,"15,2756171429","56,5763597884","R$ 15,28 (56,58%)","R$ 15,28 (56,58%)","636,9733969697","636,9733969697","636,9733969697","636,9733969697",,,,,,,,,,,,,,
uZ.PLCRiQCuU-d289bYCgA,joaopurificacao26@gmail.com,Admin,HARMONY,32,1,44,"144,32","33,8664516129","13,5077757143","13,5077757143","42,2117991071","34,3277773256","R$ 13,51 (42,21%)","1,2992208485",5,"16,8922242857","52,7882008929","R$ 16,89 (52,79%)","R$ 16,89 (52,79%)","636,9733969697","636,9733969697","636,9733969697","636,9733969697",,,,,,,,,,,,,,
OltrIQXSRK2DD4FakBJH.A,joaopurificacao26@gmail.com,Admin,CHURRASCO,32,1,44,"144,32","33,8664516129","10,0615257143","10,0615257143","31,4422678571","34,3277773256","R$ 10,06 (31,44%)","1,2992208485",5,"20,3384742857","63,5577321429","R$ 20,34 (63,56%)","R$ 20,34 (63,56%)","636,9733969697","636,9733969697","636,9733969697","636,9733969697",,,,,,,,,,,,,,
BlblW2GZTB2vYfM.ybjHfw,joaopurificacao26@gmail.com,Admin,COSTELA ROYALE,32,1,44,"144,32","33,8664516129","12,0537479365","12,0537479365","37,6679623016","34,3277773256","R$ 12,05 (37,67%)","1,2992208485",5,"18,3462520635","57,3320376984","R$ 18,35 (57,33%)","R$ 18,35 (57,33%)","636,9733969697","636,9733969697","636,9733969697","636,9733969697",,,,,,,,,,,,,,
DNL6kVTEROKznQ09npvAwA,joaopurificacao26@gmail.com,Admin,MANDACARU,32,1,44,"144,32","33,8664516129","11,3415257143","11,3415257143","35,4422678571","34,3277773256","R$ 11,34 (35,44%)","1,2992208485",5,"19,0584742857","59,5577321429","R$ 19,06 (59,56%)","R$ 19,06 (59,56%)","636,9733969697","636,9733969697","636,9733969697","636,9733969697",,,,,,,,,,,,,,
k.eEXOIDTKOBatPmpzIxfQ,joaopurificacao26@gmail.com,Admin,BATATA DA CASA M,18,1,44,"144,32","33,8664516129","8,8433333333","8,8433333333","49,1296296296","34,3277773256","R$ 8,84 (49,13%)","1,2992208485",5,"8,2566666667","45,8703703704","R$ 8,26 (45,87%)","R$ 8,26 (45,87%)","636,9733969697","636,9733969697","636,9733969697","636,9733969697",,,,,,,,,,,,,,
qXyJY7SLSz-zF75SbL9xDA,joaopurificacao26@gmail.com,Admin,BATATA DA CASA G,"22,9",1,44,"144,32","33,8664516129","10,1933333333","10,1933333333","44,5123726346","34,3277773256","R$ 10,19 (44,51%)","1,2992208485",5,"11,5616666667","50,4876273654","R$ 11,56 (50,49%)","R$ 11,56 (50,49%)","636,9733969697","636,9733969697","636,9733969697","636,9733969697",,,,,,,,,,,,,,
T5XTLbfxRliOH7gP6ZqJgg,joaopurificacao26@gmail.com,Admin,EGGS BURGUER,16,1,44,"144,32","33,8664516129","7,4915733333","7,4915733333","46,8223333333","34,3277773256","R$ 7,49 (46,82%)","1,2992208485",5,"7,7084266667","48,1776666667","R$ 7,71 (48,18%)","R$ 7,71 (48,18%)","636,9733969697","636,9733969697","636,9733969697","636,9733969697",,,,,,,,,,,,,,
js3M7hTZQE2j-2vc20L8oA,joaopurificacao26@gmail.com,Admin,X-BACON,22,1,44,"144,32","33,8664516129","9,2649066667","9,2649066667","42,1132121212","34,3277773256","R$ 9,26 (42,11%)","1,2992208485",5,"11,6350933333","52,8867878788","R$ 11,64 (52,89%)","R$ 11,64 (52,89%)","636,9733969697","636,9733969697","636,9733969697","636,9733969697",,,,,,,,,,,,,,
ErY4b7bOQnegLvs7GwmDOw,joaopurificacao26@gmail.com,Admin,ESPECIAL DE CALABRESA ,24,1,44,"144,32","33,8664516129","10,2249066667","10,2249066667","42,6037777778","34,3277773256","R$ 10,22 (42,60%)","1,2992208485",5,"12,5750933333","52,3962222222","R$ 12,58 (52,40%)","R$ 12,58 (52,40%)","636,9733969697","636,9733969697","636,9733969697","636,9733969697",,,,,,,,,,,,,,
31E9duwoRhmv2S7sJHYc9Q,joaopurificacao26@gmail.com,Admin,X CORAÇÃO ,25,1,44,"144,32","33,8664516129","10,0049066667","10,0049066667","40,0196266667","34,3277773256","R$ 10,00 (40,02%)","1,2992208485",5,"13,7450933333","54,9803733333","R$ 13,75 (54,98%)","R$ 13,75 (54,98%)","636,9733969697","636,9733969697","636,9733969697","636,9733969697",,,,,,,,,,,,,,
qRNyv6yiSFG-A.kOnjLY9A,joaopurificacao26@gmail.com,Admin,ALASANHADO,25,1,44,"144,32","33,8664516129","10,1615733333","10,1615733333","40,6462933333","34,3277773256","R$ 10,16 (40,65%)","1,2992208485",5,"13,5884266667","54,3537066667","R$ 13,59 (54,35%)","R$ 13,59 (54,35%)","636,9733969697","636,9733969697","636,9733969697","636,9733969697",,,,,,,,,,,,,,
fcgowfzpS0GTxxOFJIZfLA,3broddsburguer@gmail.com,Admin,Brodão,"29,9",1,44,"144,32","33,8664516129","12,1855736495","12,1855736495","40,7544269215","34,3277773256","R$ 12,19 (40,75%)","1,2992208485",5,"16,2194263505","54,2455730785","R$ 16,22 (54,25%)","R$ 16,22 (54,25%)","636,9733969697","636,9733969697","636,9733969697","636,9733969697",,,,,,,,,,,,,,
ZQavhMDiQjSvWW-ZBU70qg,3broddsburguer@gmail.com,Admin,Raiz,"25,9",1,44,"144,32","33,8664516129","7,8673671278","7,8673671278","30,3759348564","34,3277773256","R$ 7,87 (30,38%)","1,2992208485",5,"16,7376328722","64,6240651436","R$ 16,74 (64,62%)","R$ 16,74 (64,62%)","636,9733969697","636,9733969697","636,9733969697","636,9733969697",,,,,,,,,,,,,,
VbdbvITkQ5edAS8TXm2XJA,alineandradeferreira01@gmail.com,Admin,Prato de Contra filé grelhado,"34,9",,44,"144,32","33,8664516129",,,,"34,3277773256", (),"1,2992208485",5,"33,155",95,"R$ 33,16 (95,00%)",,"636,9733969697","636,9733969697","636,9733969697","636,9733969697",,,,,,,,,,,,,,
TLx7CQrBS1e379Cw.8VMdw,alineandradeferreira01@gmail.com,Admin,Contra filé grelhado,"34,9",1,44,"144,32","33,8664516129",,,,"34,3277773256", (),"1,2992208485",5,"33,155",95,"R$ 33,16 (95,00%)",,"636,9733969697","636,9733969697","636,9733969697","636,9733969697",,,,,,,,,,,,,,
Lbyy996YQ8ip2YttwsqFow,alineandradeferreira01@gmail.com,Admin,Contra filé grelhado,"34,9",1,44,"144,32","33,8664516129",,,,"34,3277773256", (),"1,2992208485",5,"33,155",95,"R$ 33,16 (95,00%)",,"636,9733969697","636,9733969697","636,9733969697","636,9733969697",,,,,,,,,,,,,,
8d-jp0xLQD2UWokeLD41iQ,alineandradeferreira01@gmail.com,Admin,Contra filé grelhado,"34,9",1,44,"144,32","33,8664516129",,,,"34,3277773256", (),"1,2992208485",5,"33,155",95,"R$ 33,16 (95,00%)",,"636,9733969697","636,9733969697","636,9733969697","636,9733969697",,,,,,,,,,,,,,
Tyt0JygwRtuzJ5Wu9c5tCg,alineandradeferreira01@gmail.com,Admin,fdafdsa,25,1,44,"144,32","33,8664516129",,,,"34,3277773256", (),"1,2992208485",5,"23,75",95,"R$ 23,75 (95,00%)",,"636,9733969697","636,9733969697","636,9733969697","636,9733969697",,,,,,,,,,,,,,
AH5sJRzdTFqpch827wnM.A,leomrs@gmail.com,Admin,Pote Açai 1L,"79,9",1,44,"144,32","33,8664516129",29,29,"36,2953692115","34,3277773256","R$ 29,00 (36,30%)","1,2992208485",5,"46,905","58,7046307885","R$ 46,91 (58,70%)","R$ 46,91 (58,70%)","636,9733969697","636,9733969697","636,9733969697","636,9733969697",,,,,,,,,,,,,,
Qr4WZ0qjTpyv4-I21U5oXQ,3broddsburguer@gmail.com,Admin,sangue bom,"27,9",1,44,"144,32","33,8664516129","8,6081162187","8,6081162187","30,8534631495","34,3277773256","R$ 8,61 (30,85%)","1,2992208485",5,"17,8968837813","64,1465368505","R$ 17,90 (64,15%)","R$ 17,90 (64,15%)","636,9733969697","636,9733969697","636,9733969697","636,9733969697",,,,,,,,,,,,,,
kd69lmAhS7Kp9smARanofA,3broddsburguer@gmail.com,Admin,brabo,"34,9",1,44,"144,32","33,8664516129","13,3237627404","13,3237627404","38,176970603","34,3277773256","R$ 13,32 (38,18%)","1,2992208485",5,"19,8312372596","56,823029397","R$ 19,83 (56,82%)","R$ 19,83 (56,82%)","636,9733969697","636,9733969697","636,9733969697","636,9733969697",,,,,,,,,,,,,,
6cjflZMWS6GbtTKAxrwiew,nilvanelopes@hotmail.com,Admin,Pizza G + Coca 2 Litros,"74,9",1,44,"144,32","33,8664516129",57,57,"76,1014686248","34,3277773256","R$ 57,00 (76,10%)","1,2992208485",5,"14,155","18,8985313752","R$ 14,16 (18,90%)","R$ 14,16 (18,90%)","636,9733969697","636,9733969697","636,9733969697","636,9733969697",,,,,,,,,,,,,,
zCUYN1aMT0WYkr3I0ngJkA,larissarodriguespiai@gmail.com,Admin,Combo teste 2 copos,"39,9",1,44,"144,32","33,8664516129","9,09","9,09","22,7819548872","34,3277773256","R$ 9,09 (22,78%)","1,2992208485",5,"28,815","72,2180451128","R$ 28,81 (72,22%)","R$ 28,81 (72,22%)","636,9733969697","636,9733969697","636,9733969697","636,9733969697",,,,,,,,,,,,,,
E061XnNwTAOkEiTc-DbPrA,larissarodriguespiai@gmail.com,Admin,Pote 1l,"38,75",1,44,"144,32","33,8664516129","14,21","14,21","36,6709677419","34,3277773256","R$ 14,21 (36,67%)","1,2992208485",5,"22,6025","58,3290322581","R$ 22,60 (58,33%)","R$ 22,60 (58,33%)","636,9733969697","636,9733969697","636,9733969697","636,9733969697",,,,,,,,,,,,,,
X6aT4P1vT0iMm1017AEzIQ,larissarodriguespiai@gmail.com,Admin,Coca 200 ml,5,1,44,"144,32","33,8664516129","1,39","1,39","27,8","34,3277773256","R$ 1,39 (27,80%)","1,2992208485",5,"3,36","67,2","R$ 3,36 (67,20%)","R$ 3,36 (67,20%)","636,9733969697","636,9733969697","636,9733969697","636,9733969697",,,,,,,,,,,,,,
bnjJ65RJRkSDcrIS2CuruQ,larissarodriguespiai@gmail.com,Admin,Suco 1L,16,1,44,"144,32","33,8664516129",7,7,"43,75","34,3277773256","R$ 7,00 (43,75%)","1,2992208485",5,"8,2","51,25","R$ 8,20 (51,25%)","R$ 8,20 (51,25%)","636,9733969697","636,9733969697","636,9733969697","636,9733969697",,,,,,,,,,,,,,
vGx-0YfjRjSOnDGexSWNdA,paifilho78@gmail.com,Admin,Pizza Muçarela,"39,99",1,44,"144,32","33,8664516129","6,5836","6,5836","16,4631157789","34,3277773256","R$ 6,58 (16,46%)","1,2992208485",5,"31,4069","78,5368842211","R$ 31,41 (78,54%)","R$ 31,41 (78,54%)","636,9733969697","636,9733969697","636,9733969697","636,9733969697",,,,,,,,,,,,,,
Z0A5HqniQSW0bvXbFc.byg,paifilho78@gmail.com,Admin,Pizza Calabresa c/ Requeijão,"54,99",1,44,"144,32","33,8664516129","14,6624","14,6624","26,6637570467","34,3277773256","R$ 14,66 (26,66%)","1,2992208485",5,"37,5781","68,3362429533","R$ 37,58 (68,34%)","R$ 37,58 (68,34%)","636,9733969697","636,9733969697","636,9733969697","636,9733969697",,,,,,,,,,,,,,
YF1Wvr..Qr21G03E6dVs9w,paifilho78@gmail.com,Admin,Pizza Portuguesa Especial,"58,99",1,44,"144,32","33,8664516129","17,2439703704","17,2439703704","29,2320230045","34,3277773256","R$ 17,24 (29,23%)","1,2992208485",5,"38,7965296296","65,7679769955","R$ 38,80 (65,77%)","R$ 38,80 (65,77%)","636,9733969697","636,9733969697","636,9733969697","636,9733969697",,,,,,,,,,,,,,
u4mbQwvmQ-uBVD-DSQ2EVQ,paifilho78@gmail.com,Admin,Pizza Calabresa Paulista,"42,99",1,44,"144,32","33,8664516129","6,454","6,454","15,0127936729","34,3277773256","R$ 6,45 (15,01%)","1,2992208485",5,"34,3865","79,9872063271","R$ 34,39 (79,99%)","R$ 34,39 (79,99%)","636,9733969697","636,9733969697","636,9733969697","636,9733969697",,,,,,,,,,,,,,
kveChXuTTqWnvsB9Qk7smA,paifilho78@gmail.com,Admin,Pizza 4 queijos,"54,99",1,44,"144,32","33,8664516129","15,0244","15,0244","27,3220585561","34,3277773256","R$ 15,02 (27,32%)","1,2992208485",5,"37,2161","67,6779414439","R$ 37,22 (67,68%)","R$ 37,22 (67,68%)","636,9733969697","636,9733969697","636,9733969697","636,9733969697",,,,,,,,,,,,,,
cXTDa5mWSiOMEPaKNduabw,livingnaturalgastronomia@outlook.com,Admin,Maionese,"13,9",10,44,"144,32","33,8664516129","1,178807947","0,1178807947","0,8480632712","34,3277773256","R$ 0,12 (0,85%)","1,2992208485",5,"13,0871192053","94,1519367288","R$ 13,09 (94,15%)","R$ 13,09 (94,15%)","636,9733969697","636,9733969697","636,9733969697","636,9733969697",,,,,,,,,,,,,,
L6lD3mRzQYChN21WhQ1jMA,paifilho78@gmail.com,Admin,Pizza Bauru,"47,99",1,44,"144,32","33,8664516129","11,2352","11,2352","23,4115440717","34,3277773256","R$ 11,24 (23,41%)","1,2992208485",5,"34,3553","71,5884559283","R$ 34,36 (71,59%)","R$ 34,36 (71,59%)","636,9733969697","636,9733969697","636,9733969697","636,9733969697",,,,,,,,,,,,,,
rUwswlFFSEysIypeAPhzhg,paifilho78@gmail.com,Admin,Pizza Margherita,"46,99",1,44,"144,32","33,8664516129","8,8602","8,8602","18,8555011705","34,3277773256","R$ 8,86 (18,86%)","1,2992208485",5,"35,7803","76,1444988295","R$ 35,78 (76,14%)","R$ 35,78 (76,14%)","636,9733969697","636,9733969697","636,9733969697","636,9733969697",,,,,,,,,,,,,,
o3qm5958QKaGalErXlAW8w,paifilho78@gmail.com,Admin,Pizza Frango ,"48,5",1,44,"144,32","33,8664516129","13,7236","13,7236","28,2960824742","34,3277773256","R$ 13,72 (28,30%)","1,2992208485",5,"32,3514","66,7039175258","R$ 32,35 (66,70%)","R$ 32,35 (66,70%)","636,9733969697","636,9733969697","636,9733969697","636,9733969697",,,,,,,,,,,,,,
a.23MzkpfQbu.D64w714FmA,paifilho78@gmail.com,Admin,Pizza Calabresa,"48,5",1,44,"144,32","33,8664516129","12,6326","12,6326","26,0465979381","34,3277773256","R$ 12,63 (26,05%)","1,2992208485",5,"33,4424","68,9534020619","R$ 33,44 (68,95%)","R$ 33,44 (68,95%)","636,9733969697","636,9733969697","636,9733969697","636,9733969697",,,,,,,,,,,,,,
kwdVwRXHQ7Ksd6PuOQ29jg,paifilho78@gmail.com,Admin,Pizza Portuguesa,"49,99",1,44,"144,32","33,8664516129","14,6124222222","14,6124222222","29,2306905826","34,3277773256","R$ 14,61 (29,23%)","1,2992208485",5,"32,8780777778","65,7693094174","R$ 32,88 (65,77%)","R$ 32,88 (65,77%)","636,9733969697","636,9733969697","636,9733969697","636,9733969697",,,,,,,,,,,,,,
dpPKwxbDTei8CbDm1-zBwg,paifilho78@gmail.com,Admin,Pizza dueto ( Doce ),"54,99",1,44,"144,32","33,8664516129","10,397","10,397","18,9070740135","34,3277773256","R$ 10,40 (18,91%)","1,2992208485",5,"41,8435","76,0929259865","R$ 41,84 (76,09%)","R$ 41,84 (76,09%)","636,9733969697","636,9733969697","636,9733969697","636,9733969697",,,,,,,,,,,,,,
sqm5q2I9SNW1UtybX.HBNA,paifilho78@gmail.com,Admin,Pizza Milho c/ Requeijão,"54,99",1,44,"144,32","33,8664516129","14,7575703704","14,7575703704","26,8368255508","34,3277773256","R$ 14,76 (26,84%)","1,2992208485",5,"37,4829296296","68,1631744492","R$ 37,48 (68,16%)","R$ 37,48 (68,16%)","636,9733969697","636,9733969697","636,9733969697","636,9733969697",,,,,,,,,,,,,,
EiOtVn0KSXC2.1dNBx5utQ,paifilho78@gmail.com,Admin,Pizza Frango c/ catupiry,"58,99",1,44,"144,32","33,8664516129","16,8376","16,8376","28,5431429056","34,3277773256","R$ 16,84 (28,54%)","1,2992208485",5,"39,2029","66,4568570944","R$ 39,20 (66,46%)","R$ 39,20 (66,46%)","636,9733969697","636,9733969697","636,9733969697","636,9733969697",,,,,,,,,,,,,,
koaGlPpNQCmIRVWMjb03mA,paifilho78@gmail.com,Admin,Pizza Cartola Nevada,"54,99",1,44,"144,32","33,8664516129","11,2263","11,2263","20,4151663939","34,3277773256","R$ 11,23 (20,42%)","1,2992208485",5,"41,0142","74,5848336061","R$ 41,01 (74,58%)","R$ 41,01 (74,58%)","636,9733969697","636,9733969697","636,9733969697","636,9733969697",,,,,,,,,,,,,,
rRR-LhECTKGzuhIoTyo1EQ,paifilho78@gmail.com,Admin,Pizza CheeseCaker,"54,99",1,44,"144,32","33,8664516129","13,137","13,137","23,8897981451","34,3277773256","R$ 13,14 (23,89%)","1,2992208485",5,"39,1035","71,1102018549","R$ 39,10 (71,11%)","R$ 39,10 (71,11%)","636,9733969697","636,9733969697","636,9733969697","636,9733969697",,,,,,,,,,,,,,
7.eXTJBQRbGL7C-q9NjICA,paifilho78@gmail.com,Admin,Pizza Havaiana,"59,99",1,44,"144,32","33,8664516129","19,8736","19,8736","33,1281880313","34,3277773256","R$ 19,87 (33,13%)","1,2992208485",5,"37,1169","61,8718119687","R$ 37,12 (61,87%)","R$ 37,12 (61,87%)","636,9733969697","636,9733969697","636,9733969697","636,9733969697",,,,,,,,,,,,,,
Qc3SuUs3QOSmSMo2UG8hfQ,paifilho78@gmail.com,Admin,Pizza Macaparanese,"58,99",1,44,"144,32","33,8664516129","17,6473962963","17,6473962963","29,9159116737","34,3277773256","R$ 17,65 (29,92%)","1,2992208485",5,"38,3931037037","65,0840883263","R$ 38,39 (65,08%)","R$ 38,39 (65,08%)","636,9733969697","636,9733969697","636,9733969697","636,9733969697",,,,,,,,,,,,,,
maxZtNj9RmCVHY-dua92zg,paifilho78@gmail.com,Admin,Pizza Nordestina,"59,99",1,44,"144,32","33,8664516129","18,3152","18,3152","30,530421737","34,3277773256","R$ 18,32 (30,53%)","1,2992208485",5,"38,6753","64,469578263","R$ 38,68 (64,47%)","R$ 38,68 (64,47%)","636,9733969697","636,9733969697","636,9733969697","636,9733969697",,,,,,,,,,,,,,
Hcoq17hwSfaJ25Yjo.v.Zg,paifilho78@gmail.com,Admin,Pizza Frango Philadelphia,"60,5",1,44,"144,32","33,8664516129","18,4096","18,4096","30,4290909091","34,3277773256","R$ 18,41 (30,43%)","1,2992208485",5,"39,0654","64,5709090909","R$ 39,07 (64,57%)","R$ 39,07 (64,57%)","636,9733969697","636,9733969697","636,9733969697","636,9733969697",,,,,,,,,,,,,,
KPLiJewbQ4O71MkZeLtOqg,paifilho78@gmail.com,Admin,Pizza Frango ao 4 queijos,"64,99",1,44,"144,32","33,8664516129","20,2056","20,2056","31,0903215879","34,3277773256","R$ 20,21 (31,09%)","1,2992208485",5,"41,5349","63,9096784121","R$ 41,53 (63,91%)","R$ 41,53 (63,91%)","636,9733969697","636,9733969697","636,9733969697","636,9733969697",,,,,,,,,,,,,,
gRyJMjH7TX2PXFuB5O.7fg,paifilho78@gmail.com,Admin,Pizza de Costela,69,1,44,"144,32","33,8664516129","22,0726","22,0726","31,9892753623","34,3277773256","R$ 22,07 (31,99%)","1,2992208485",5,"43,4774","63,0107246377","R$ 43,48 (63,01%)","R$ 43,48 (63,01%)","636,9733969697","636,9733969697","636,9733969697","636,9733969697",,,,,,,,,,,,,,
JnjcjDDRS9651kzJQvb9Mg,paifilho78@gmail.com,Admin,Pizza camarão premium,85,1,44,"144,32","33,8664516129","27,2156","27,2156","32,0183529412","34,3277773256","R$ 27,22 (32,02%)","1,2992208485",5,"53,5344","62,9816470588","R$ 53,53 (62,98%)","R$ 53,53 (62,98%)","636,9733969697","636,9733969697","636,9733969697","636,9733969697",,,,,,,,,,,,,,
kL6pFDbpTkeszLpsSTONuw,paifilho78@gmail.com,Admin,Pizza Carne de sol ao 4 queijos,"78,99",1,44,"144,32","33,8664516129","23,7596","23,7596","30,079250538","34,3277773256","R$ 23,76 (30,08%)","1,2992208485",5,"51,2809","64,920749462","R$ 51,28 (64,92%)","R$ 51,28 (64,92%)","636,9733969697","636,9733969697","636,9733969697","636,9733969697",,,,,,,,,,,,,,
bljE0bBmQUKAME.cKlMmmQ,paifilho78@gmail.com,Admin,Pizza Delicia de Abacaxi,"54,99",1,44,"144,32","33,8664516129","14,6428","14,6428","26,6281142026","34,3277773256","R$ 14,64 (26,63%)","1,2992208485",5,"37,5977","68,3718857974","R$ 37,60 (68,37%)","R$ 37,60 (68,37%)","636,9733969697","636,9733969697","636,9733969697","636,9733969697",,,,,,,,,,,,,,
a-R2WJfBCStuqYtZ2cLQjgw,paifilho78@gmail.com,Admin,Beitute calabresa,"47,99",1,44,"144,32","33,8664516129","12,4860666667","12,4860666667","26,0180593179","34,3277773256","R$ 12,49 (26,02%)","1,2992208485",5,"33,1044333333","68,9819406821","R$ 33,10 (68,98%)","R$ 33,10 (68,98%)","636,9733969697","636,9733969697","636,9733969697","636,9733969697",,,,,,,,,,,,,,
R-5mce7lSGm5WA0D0cjmfA,paifilho78@gmail.com,Admin,Beirute Frango,"49,99",1,44,"144,32","33,8664516129","13,7038222222","13,7038222222","27,4131270699","34,3277773256","R$ 13,70 (27,41%)","1,2992208485",5,"33,7866777778","67,5868729301","R$ 33,79 (67,59%)","R$ 33,79 (67,59%)","636,9733969697","636,9733969697","636,9733969697","636,9733969697",,,,,,,,,,,,,,
soiCPPjKTWWdhA8W9r8YJA,paifilho78@gmail.com,Admin,Beirute Rosbife,"57,5",1,44,"144,32","33,8664516129","16,8675166667","16,8675166667","29,3348115942","34,3277773256","R$ 16,87 (29,33%)","1,2992208485",5,"37,7574833333","65,6651884058","R$ 37,76 (65,67%)","R$ 37,76 (65,67%)","636,9733969697","636,9733969697","636,9733969697","636,9733969697",,,,,,,,,,,,,,
Np8d8WHvREeNQ0aMiOR0hw,paifilho78@gmail.com,Admin,Esfiha Bruschetta,"5,99",1,44,"144,32","33,8664516129","0,67215","0,67215","11,2212020033","34,3277773256","R$ 0,67 (11,22%)","1,2992208485",5,"5,01835","83,7787979967","R$ 5,02 (83,78%)","R$ 5,02 (83,78%)","636,9733969697","636,9733969697","636,9733969697","636,9733969697",,,,,,,,,,,,,,
nz9EOyKQRC-aQ2sfrXeuhA,paifilho78@gmail.com,Admin,Esfiha chocolate,"5,99",1,44,"144,32","33,8664516129","1,32","1,32","22,0367278798","34,3277773256","R$ 1,32 (22,04%)","1,2992208485",5,"4,3705","72,9632721202","R$ 4,37 (72,96%)","R$ 4,37 (72,96%)","636,9733969697","636,9733969697","636,9733969697","636,9733969697",,,,,,,,,,,,,,
wh82cQdWSf6wVaFWI9hpYg,paifilho78@gmail.com,Admin,Esfiha Mix de Queijo,"6,5",1,44,"144,32","33,8664516129","1,5162","1,5162","23,3261538462","34,3277773256","R$ 1,52 (23,33%)","1,2992208485",5,"4,6588","71,6738461538","R$ 4,66 (71,67%)","R$ 4,66 (71,67%)","636,9733969697","636,9733969697","636,9733969697","636,9733969697",,,,,,,,,,,,,,
5N.3J9YmQwWkcQEn2YLyPg,paifilho78@gmail.com,Admin,Esfiha banana com chocolate ao leite,"6,5",1,44,"144,32","33,8664516129","1,587","1,587","24,4153846154","34,3277773256","R$ 1,59 (24,42%)","1,2992208485",5,"4,588","70,5846153846","R$ 4,59 (70,58%)","R$ 4,59 (70,58%)","636,9733969697","636,9733969697","636,9733969697","636,9733969697",,,,,,,,,,,,,,
VuVhauMtQcOnIyBcXwmQzg,paifilho78@gmail.com,Admin,Esfiha de Calabresa,"6,5",1,44,"144,32","33,8664516129","0,9327","0,9327","14,3492307692","34,3277773256","R$ 0,93 (14,35%)","1,2992208485",5,"5,2423","80,6507692308","R$ 5,24 (80,65%)","R$ 5,24 (80,65%)","636,9733969697","636,9733969697","636,9733969697","636,9733969697",,,,,,,,,,,,,,
dW1JjnyrTheajxR5bXEzRw,paifilho78@gmail.com,Admin,Esfiha de Frango,"6,5",1,44,"144,32","33,8664516129","1,0419","1,0419","16,0292307692","34,3277773256","R$ 1,04 (16,03%)","1,2992208485",5,"5,1331","78,9707692308","R$ 5,13 (78,97%)","R$ 5,13 (78,97%)","636,9733969697","636,9733969697","636,9733969697","636,9733969697",,,,,,,,,,,,,,
tmS-CSiHS-Czfg0UTwoTrw,paifilho78@gmail.com,Admin,Esfiha de creamcheeses,"6,5",1,44,"144,32","33,8664516129","1,7","1,7","26,1538461538","34,3277773256","R$ 1,70 (26,15%)","1,2992208485",5,"4,475","68,8461538462","R$ 4,48 (68,85%)","R$ 4,48 (68,85%)","636,9733969697","636,9733969697","636,9733969697","636,9733969697",,,,,,,,,,,,,,
wkuJRIBMTPGJFF-9rlYFsg,paifilho78@gmail.com,Admin,Esfiha provolone,"6,5",1,44,"144,32","33,8664516129","1,5012","1,5012","23,0953846154","34,3277773256","R$ 1,50 (23,10%)","1,2992208485",5,"4,6738","71,9046153846","R$ 4,67 (71,90%)","R$ 4,67 (71,90%)","636,9733969697","636,9733969697","636,9733969697","636,9733969697",,,,,,,,,,,,,,
wxtvk7FjTQeQLcD132-iXA,paifilho78@gmail.com,Admin,Esfiha de catupiry,"6,5",1,44,"144,32","33,8664516129","1,468","1,468","22,5846153846","34,3277773256","R$ 1,47 (22,58%)","1,2992208485",5,"4,707","72,4153846154","R$ 4,71 (72,42%)","R$ 4,71 (72,42%)","636,9733969697","636,9733969697","636,9733969697","636,9733969697",,,,,,,,,,,,,,
EEjqMo8uQ8u7XV8sJtCoiA,paifilho78@gmail.com,Admin,Esfiha churros,"6,5",1,44,"144,32","33,8664516129","1,5935","1,5935","24,5153846154","34,3277773256","R$ 1,59 (24,52%)","1,2992208485",5,"4,5815","70,4846153846","R$ 4,58 (70,48%)","R$ 4,58 (70,48%)","636,9733969697","636,9733969697","636,9733969697","636,9733969697",,,,,,,,,,,,,,
Bsa26xZtSqGYoPmHGuu2BA,paifilho78@gmail.com,Admin,Esfiha doce Leite,"6,5",1,44,"144,32","33,8664516129","1,58","1,58","24,3076923077","34,3277773256","R$ 1,58 (24,31%)","1,2992208485",5,"4,595","70,6923076923","R$ 4,60 (70,69%)","R$ 4,60 (70,69%)","636,9733969697","636,9733969697","636,9733969697","636,9733969697",,,,,,,,,,,,,,
EqLF4jRlQB-QXImnH4kINQ,paifilho78@gmail.com,Admin,Esfiha Abacaxi,"6,5",1,44,"144,32","33,8664516129","1,7804","1,7804","27,3907692308","34,3277773256","R$ 1,78 (27,39%)","1,2992208485",5,"4,3946","67,6092307692","R$ 4,39 (67,61%)","R$ 4,39 (67,61%)","636,9733969697","636,9733969697","636,9733969697","636,9733969697",,,,,,,,,,,,,,
DG-hDXIHR9WGgp-NwKL.6Q,paifilho78@gmail.com,Admin,Esfiha Romeu,"6,5",1,44,"144,32","33,8664516129","1,002","1,002","15,4153846154","34,3277773256","R$ 1,00 (15,42%)","1,2992208485",5,"5,173","79,5846153846","R$ 5,17 (79,58%)","R$ 5,17 (79,58%)","636,9733969697","636,9733969697","636,9733969697","636,9733969697",,,,,,,,,,,,,,
Nc.--GTSTPCzREVEj1BFRg,paifilho78@gmail.com,Admin,Esfiha gotas de chocolate,"6,5",1,44,"144,32","33,8664516129","1,2","1,2","18,4615384615","34,3277773256","R$ 1,20 (18,46%)","1,2992208485",5,"4,975","76,5384615385","R$ 4,98 (76,54%)","R$ 4,98 (76,54%)","636,9733969697","636,9733969697","636,9733969697","636,9733969697",,,,,,,,,,,,,,
5Uinj8cpSZGZBQjPrmjC4g,paifilho78@gmail.com,Admin,Esfiha cheescaker,"6,5",1,44,"144,32","33,8664516129","1,434","1,434","22,0615384615","34,3277773256","R$ 1,43 (22,06%)","1,2992208485",5,"4,741","72,9384615385","R$ 4,74 (72,94%)","R$ 4,74 (72,94%)","636,9733969697","636,9733969697","636,9733969697","636,9733969697",,,,,,,,,,,,,,
lB9.T0TdT32Y8s2u.Olgpg,paifilho78@gmail.com,Admin,Esfiha Frango catupiry,"6,99",1,44,"144,32","33,8664516129","1,6859","1,6859","24,1187410587","34,3277773256","R$ 1,69 (24,12%)","1,2992208485",5,"4,9546","70,8812589413","R$ 4,95 (70,88%)","R$ 4,95 (70,88%)","636,9733969697","636,9733969697","636,9733969697","636,9733969697",,,,,,,,,,,,,,
LZvDxEDTTB-rdJ9cE7yFIg,paifilho78@gmail.com,Admin,Esfiha bacon,"6,99",1,44,"144,32","33,8664516129","1,5964","1,5964","22,8383404864","34,3277773256","R$ 1,60 (22,84%)","1,2992208485",5,"5,0441","72,1616595136","R$ 5,04 (72,16%)","R$ 5,04 (72,16%)","636,9733969697","636,9733969697","636,9733969697","636,9733969697",,,,,,,,,,,,,,
Rl.unPAbSjy0WcsAYB0ufQ,paifilho78@gmail.com,Admin,Esfiha Milho catupiry,"6,99",1,44,"144,32","33,8664516129","1,606437037","1,606437037","22,9819318603","34,3277773256","R$ 1,61 (22,98%)","1,2992208485",5,"5,034062963","72,0180681397","R$ 5,03 (72,02%)","R$ 5,03 (72,02%)","636,9733969697","636,9733969697","636,9733969697","636,9733969697",,,,,,,,,,,,,,
HpnvyMsZTu21Xkj5NEOkAQ,paifilho78@gmail.com,Admin,Esfiha calabresa c/ queijo,"6,99",1,44,"144,32","33,8664516129","1,62615","1,62615","23,2639484979","34,3277773256","R$ 1,63 (23,26%)","1,2992208485",5,"5,01435","71,7360515021","R$ 5,01 (71,74%)","R$ 5,01 (71,74%)","636,9733969697","636,9733969697","636,9733969697","636,9733969697",,,,,,,,,,,,,,
4emLDBUPTUyH7PP.9d9LEQ,leomrs@gmail.com,Admin,Pote Sorvete 1L,"79,9",1,44,"144,32","33,8664516129",29,29,"36,2953692115","34,3277773256","R$ 29,00 (36,30%)","1,2992208485",5,"46,905","58,7046307885","R$ 46,91 (58,70%)","R$ 46,91 (58,70%)","636,9733969697","636,9733969697","636,9733969697","636,9733969697",,,,,,,,,,,,,,
v9mFosBzQYumLCIiujGnUw,paifilho78@gmail.com,Admin,Esfiha Bauru,"6,99",1,44,"144,32","33,8664516129","1,4664","1,4664","20,9785407725","34,3277773256","R$ 1,47 (20,98%)","1,2992208485",5,"5,1741","74,0214592275","R$ 5,17 (74,02%)","R$ 5,17 (74,02%)","636,9733969697","636,9733969697","636,9733969697","636,9733969697",,,,,,,,,,,,,,
enZlPsJ6TC22MeBYwGF6ww,paifilho78@gmail.com,Admin,Esfiha Lombo Canadense,"6,99",1,44,"144,32","33,8664516129","1,7464","1,7464","24,9842632332","34,3277773256","R$ 1,75 (24,98%)","1,2992208485",5,"4,8941","70,0157367668","R$ 4,89 (70,02%)","R$ 4,89 (70,02%)","636,9733969697","636,9733969697","636,9733969697","636,9733969697",,,,,,,,,,,,,,
tpIlo2Y3T7KGavmurJNztg,paifilho78@gmail.com,Admin,Esfiha Cartola Nevada,"6,99",1,44,"144,32","33,8664516129","1,7101","1,7101","24,4649499285","34,3277773256","R$ 1,71 (24,46%)","1,2992208485",5,"4,9304","70,5350500715","R$ 4,93 (70,54%)","R$ 4,93 (70,54%)","636,9733969697","636,9733969697","636,9733969697","636,9733969697",,,,,,,,,,,,,,
5UWIYmXlQyORS-Ch7fGZgA,paifilho78@gmail.com,Admin,Esfiha Banoffee,"7,5",1,44,"144,32","33,8664516129","1,8301","1,8301","24,4013333333","34,3277773256","R$ 1,83 (24,40%)","1,2992208485",5,"5,2949","70,5986666667","R$ 5,29 (70,60%)","R$ 5,29 (70,60%)","636,9733969697","636,9733969697","636,9733969697","636,9733969697",,,,,,,,,,,,,,
zD6Jw2wjRmaXr45NFIJ4lg,paifilho78@gmail.com,Admin,Esfiha duas paixão,"6,99",1,44,"144,32","33,8664516129","1,3345","1,3345","19,0915593705","34,3277773256","R$ 1,33 (19,09%)","1,2992208485",5,"5,306","75,9084406295","R$ 5,31 (75,91%)","R$ 5,31 (75,91%)","636,9733969697","636,9733969697","636,9733969697","636,9733969697",,,,,,,,,,,,,,
4hwu84hYR5-HuB0R44Q0WA,paifilho78@gmail.com,Admin,Esfiha nevaska,"7,5",1,44,"144,32","33,8664516129","1,9266","1,9266","25,688","34,3277773256","R$ 1,93 (25,69%)","1,2992208485",5,"5,1984","69,312","R$ 5,20 (69,31%)","R$ 5,20 (69,31%)","636,9733969697","636,9733969697","636,9733969697","636,9733969697",,,,,,,,,,,,,,
Y9coC53dTTmssA0JQwgm6g,paifilho78@gmail.com,Admin,Esfiha 4 queijos,"7,5",1,44,"144,32","33,8664516129","1,925","1,925","25,6666666667","34,3277773256","R$ 1,92 (25,67%)","1,2992208485",5,"5,2","69,3333333333","R$ 5,20 (69,33%)","R$ 5,20 (69,33%)","636,9733969697","636,9733969697","636,9733969697","636,9733969697",,,,,,,,,,,,,,
ZFqfhL1SQ4mPmGDTHRNoIQ,paifilho78@gmail.com,Admin,Esfiha Carne de Sol,"7,5",1,44,"144,32","33,8664516129","2,0982","2,0982","27,976","34,3277773256","R$ 2,10 (27,98%)","1,2992208485",5,"5,0268","67,024","R$ 5,03 (67,02%)","R$ 5,03 (67,02%)","636,9733969697","636,9733969697","636,9733969697","636,9733969697",,,,,,,,,,,,,,
czqigwWjQC2ZkVjv8ng1tA,paifilho78@gmail.com,Admin,Esfiha Camarão,"13,99",1,44,"144,32","33,8664516129","4,0366","4,0366","28,853466762","34,3277773256","R$ 4,04 (28,85%)","1,2992208485",5,"9,2539","66,146533238","R$ 9,25 (66,15%)","R$ 9,25 (66,15%)","636,9733969697","636,9733969697","636,9733969697","636,9733969697",,,,,,,,,,,,,,
16GRmYGeQsOjgepcjQ4o7g,paifilho78@gmail.com,Admin,Esfiha Churrasco,"9,99",1,44,"144,32","33,8664516129","3,515","3,515","35,1851851852","34,3277773256","R$ 3,52 (35,19%)","1,2992208485",5,"5,9755","59,8148148148","R$ 5,98 (59,81%)","R$ 5,98 (59,81%)","636,9733969697","636,9733969697","636,9733969697","636,9733969697",,,,,,,,,,,,,,
GT2tmDXbTciRriglo0ZA7g,paifilho78@gmail.com,Admin,Esfiha Rosbife,"8,99",1,44,"144,32","33,8664516129","2,79425","2,79425","31,0817575083","34,3277773256","R$ 2,79 (31,08%)","1,2992208485",5,"5,74625","63,9182424917","R$ 5,75 (63,92%)","R$ 5,75 (63,92%)","636,9733969697","636,9733969697","636,9733969697","636,9733969697",,,,,,,,,,,,,,
ywj5-ZBKRkiWidrDpB15Xg,paifilho78@gmail.com,Admin,Sanduiche Calabresa,"26,99",1,44,"144,32","33,8664516129","4,3624","4,3624","16,163023342","34,3277773256","R$ 4,36 (16,16%)","1,2992208485",5,"21,2781","78,836976658","R$ 21,28 (78,84%)","R$ 21,28 (78,84%)","636,9733969697","636,9733969697","636,9733969697","636,9733969697",,,,,,,,,,,,,,
a3t9dNjIQgKHbCGYzPkXqw,paifilho78@gmail.com,Admin,Sanduiche Costela,"29,99",1,44,"144,32","33,8664516129","7,7924","7,7924","25,9833277759","34,3277773256","R$ 7,79 (25,98%)","1,2992208485",5,"20,6981","69,0166722241","R$ 20,70 (69,02%)","R$ 20,70 (69,02%)","636,9733969697","636,9733969697","636,9733969697","636,9733969697",,,,,,,,,,,,,,
dIUUb9lzSRGsqL9TxPtiAg,paifilho78@gmail.com,Admin,Sanduiche Cupim Bovino,"29,99",1,44,"144,32","33,8664516129","7,9664","7,9664","26,5635211737","34,3277773256","R$ 7,97 (26,56%)","1,2992208485",5,"20,5241","68,4364788263","R$ 20,52 (68,44%)","R$ 20,52 (68,44%)","636,9733969697","636,9733969697","636,9733969697","636,9733969697",,,,,,,,,,,,,,
bIhvSjF4QeuPY-fxEHcZzw,paifilho78@gmail.com,Admin,Sanduiche Camarão,"29,99",1,44,"144,32","33,8664516129","6,2236","6,2236","20,7522507503","34,3277773256","R$ 6,22 (20,75%)","1,2992208485",5,"22,2669","74,2477492497","R$ 22,27 (74,25%)","R$ 22,27 (74,25%)","636,9733969697","636,9733969697","636,9733969697","636,9733969697",,,,,,,,,,,,,,
HghbjBjpTSW32NwYUm6AhA,bigpizzamagu2avare@gmail.com,Admin,Pizza de Bacon - Broto,40,1,44,"144,32","33,8664516129",,,,"34,3277773256", (),"1,2992208485",5,38,95,"R$ 38,00 (95,00%)",,"636,9733969697","636,9733969697","636,9733969697","636,9733969697",,,,,,,,,,,,,,
EDsTEiAaTr6Ju.jpOQghNA,maurodutra38@gmail.com,Admin,"Cachorro Quente Prensado
","22,9",1,44,"144,32","33,8664516129","7,0441071429","7,0441071429","30,7602932002","34,3277773256","R$ 7,04 (30,76%)","1,2992208485",5,"14,7108928571","64,2397067998","R$ 14,71 (64,24%)","R$ 14,71 (64,24%)","636,9733969697","636,9733969697","636,9733969697","636,9733969697",,,,,,,,,,,,,,
HLOTGCEFRuSTcd6amoWDBg,nilvanelopes@hotmail.com,Admin,PIZZAS DIMINAS MEDIA,48,1,44,"144,32","33,8664516129","8,7789411765","8,7789411765","18,2894607843","34,3277773256","R$ 8,78 (18,29%)","1,2992208485",5,"36,8210588235","76,7105392157","R$ 36,82 (76,71%)","R$ 36,82 (76,71%)","636,9733969697","636,9733969697","636,9733969697","636,9733969697",,,,,,,,,,,,,,
moZXf2zNQ9ipzU1QqkTIsw,tatiflor50@gmail.com,Admin,Arroz branco 5kg,20,75,44,"144,32","33,8664516129",,,,"34,3277773256", (),"1,2992208485",5,19,95,"R$ 19,00 (95,00%)",,"636,9733969697","636,9733969697","636,9733969697","636,9733969697",,,,,,,,,,,,,,
AVyv28bIQx2zLlVEPKFxjQ,tatiflor50@gmail.com,Admin,Feijão preto 1kg,6,25,44,"144,32","33,8664516129",,,,"34,3277773256", (),"1,2992208485",5,"5,7",95,"R$ 5,70 (95,00%)",,"636,9733969697","636,9733969697","636,9733969697","636,9733969697",,,,,,,,,,,,,,
10bNfRePQJiJbPnMXwkfvA,tatiflor50@gmail.com,Admin,Coxão mole 1kg,40,"5,56",44,"144,32","33,8664516129",,,,"34,3277773256", (),"1,2992208485",5,38,95,"R$ 38,00 (95,00%)",,"636,9733969697","636,9733969697","636,9733969697","636,9733969697",,,,,,,,,,,,,,
6ea9xDs7RTu3jhEkXbbSkQ,tatiflor50@gmail.com,Admin,Peito de frango 1kg,17,"5,56",44,"144,32","33,8664516129",,,,"34,3277773256", (),"1,2992208485",5,"16,15",95,"R$ 16,15 (95,00%)",,"636,9733969697","636,9733969697","636,9733969697","636,9733969697",,,,,,,,,,,,,,
EKnLkCZeSkCoOEouGrVIIQ,damiaodoces@gmail.com,Admin,Hot Dog Duplo,"16,9",1,44,"144,32","33,8664516129","5,04","5,04","29,8224852071","34,3277773256","R$ 5,04 (29,82%)","1,2992208485",5,"11,015","65,1775147929","R$ 11,01 (65,18%)","R$ 11,01 (65,18%)","636,9733969697","636,9733969697","636,9733969697","636,9733969697",,,,,,,,,,,,,,
PAh5fHRxTR6mTV5mHiYMiA,damiaodoces@gmail.com,Admin,Hot Dog Especial,"23,9",1,44,"144,32","33,8664516129","7,14","7,14","29,8744769874","34,3277773256","R$ 7,14 (29,87%)","1,2992208485",5,"15,565","65,1255230126","R$ 15,57 (65,13%)","R$ 15,57 (65,13%)","636,9733969697","636,9733969697","636,9733969697","636,9733969697",,,,,,,,,,,,,,
CbdFVx6QQESUeHJPzrplWw,damiaodoces@gmail.com,Admin,Hot Dog Super ,"22,9",1,44,"144,32","33,8664516129","7,37","7,37","32,1834061135","34,3277773256","R$ 7,37 (32,18%)","1,2992208485",5,"14,385","62,8165938865","R$ 14,39 (62,82%)","R$ 14,39 (62,82%)","636,9733969697","636,9733969697","636,9733969697","636,9733969697",,,,,,,,,,,,,,
ZaJKnuibQbiwCTDI.cuk-g,damiaodoces@gmail.com,Admin,Hot Dog Turbinado,"20,9",1,44,"144,32","33,8664516129","6,24","6,24","29,8564593301","34,3277773256","R$ 6,24 (29,86%)","1,2992208485",5,"13,615","65,1435406699","R$ 13,62 (65,14%)","R$ 13,62 (65,14%)","636,9733969697","636,9733969697","636,9733969697","636,9733969697",,,,,,,,,,,,,,
gUzNf.3sQtmtgkCPPHPJUQ,damiaodoces@gmail.com,Admin,Hot Dog Simples,"13,9",1,44,"144,32","33,8664516129","3,54","3,54","25,4676258993","34,3277773256","R$ 3,54 (25,47%)","1,2992208485",5,"9,665","69,5323741007","R$ 9,67 (69,53%)","R$ 9,67 (69,53%)","636,9733969697","636,9733969697","636,9733969697","636,9733969697",,,,,,,,,,,,,,
wzLj6Gs-TOKzB4RqPwUNFg,damiaodoces@gmail.com,Admin,Hot Dog Catupiry,"22,9",1,44,"144,32","33,8664516129","6,74","6,74","29,4323144105","34,3277773256","R$ 6,74 (29,43%)","1,2992208485",5,"15,015","65,5676855895","R$ 15,02 (65,57%)","R$ 15,02 (65,57%)","636,9733969697","636,9733969697","636,9733969697","636,9733969697",,,,,,,,,,,,,,
3L7XfU5.S2SpwBmo89rXoQ,damiaodoces@gmail.com,Admin,Hot Dog Queijo Minas,"19,9",1,44,"144,32","33,8664516129","5,74","5,74","28,8442211055","34,3277773256","R$ 5,74 (28,84%)","1,2992208485",5,"13,165","66,1557788945","R$ 13,17 (66,16%)","R$ 13,17 (66,16%)","636,9733969697","636,9733969697","636,9733969697","636,9733969697",,,,,,,,,,,,,,
98V3mge9TaGTnRtfzWkv4g,damiaodoces@gmail.com,Admin,Hot Dog Barbecue,"17,9",1,44,"144,32","33,8664516129","5,24","5,24","29,2737430168","34,3277773256","R$ 5,24 (29,27%)","1,2992208485",5,"11,765","65,7262569832","R$ 11,77 (65,73%)","R$ 11,77 (65,73%)","636,9733969697","636,9733969697","636,9733969697","636,9733969697",,,,,,,,,,,,,,
kiwer2xVRlaooqRWxJpcDg,maurodutra38@gmail.com,Admin,X tudo ,"39,9",1,44,"144,32","33,8664516129","15,8538","15,8538","39,7338345865","34,3277773256","R$ 15,85 (39,73%)","1,2992208485",5,"22,0512","55,2661654135","R$ 22,05 (55,27%)","R$ 22,05 (55,27%)","636,9733969697","636,9733969697","636,9733969697","636,9733969697",,,,,,,,,,,,,,
dvjQxz1YSgW1OlrcQt36ug,climassushi1@gmail.com,Admin,Yakisoba de Carne - Médio,"26,9",1,44,"144,32","33,8664516129",,,,"34,3277773256", (),"1,2992208485",5,"25,555",95,"R$ 25,56 (95,00%)",,"636,9733969697","636,9733969697","636,9733969697","636,9733969697",,,,,,,,,,,,,,
10pyI9wpTeuBWL5CeBj.Cw,erickcaiasantana@gmail.com,Admin,"Parmegiana Filé de Frango
","36,9",1,44,"144,32","33,8664516129","10,125","10,125","27,4390243902","34,3277773256","R$ 10,13 (27,44%)","1,2992208485",5,"24,93","67,5609756098","R$ 24,93 (67,56%)","R$ 24,93 (67,56%)","636,9733969697","636,9733969697","636,9733969697","636,9733969697",,,,,,,,,,,,,,
p4XqTnObTzStnKTxRKgmaw,novagestao2b@gmail.com,Admin,Almôndegas com Spaguetti ,"33,99",1,44,"144,32","33,8664516129","10,7038","10,7038","31,4910267726","34,3277773256","R$ 10,70 (31,49%)","1,2992208485",5,"21,5867","63,5089732274","R$ 21,59 (63,51%)","R$ 21,59 (63,51%)","636,9733969697","636,9733969697","636,9733969697","636,9733969697",,,,,,,,,,,,,,
9eb-wXCLSKGhOehcNWbecg,novagestao2b@gmail.com,Admin,Filé a Parmegiana de Frango,"45,99",1,44,"144,32","33,8664516129","13,5099333333","13,5099333333","29,3758063347","34,3277773256","R$ 13,51 (29,38%)","1,2992208485",5,"30,1805666667","65,6241936653","R$ 30,18 (65,62%)","R$ 30,18 (65,62%)","636,9733969697","636,9733969697","636,9733969697","636,9733969697","4,6539",,,,,,,,,,,,,
RFL-rUD0Q3K5.U8Nndu9SA,novagestao2b@gmail.com,Admin,Panqueca de Carne com Salada fresca,"33,99",1,44,"144,32","33,8664516129","14,12501","14,12501","41,5563695204","34,3277773256","R$ 14,13 (41,56%)","1,2992208485",5,"18,16549","53,4436304796","R$ 18,17 (53,44%)","R$ 18,17 (53,44%)","636,9733969697","636,9733969697","636,9733969697","636,9733969697",,,,,,,,,,,,,,
2EOM-g1mQbm1.xPEeUDNIA,novagestao2b@gmail.com,Admin,Pernil com salada de maionese,"34,99",1,44,"144,32","33,8664516129","11,021","11,021","31,4975707345","34,3277773256","R$ 11,02 (31,50%)","1,2992208485",5,"22,2195","63,5024292655","R$ 22,22 (63,50%)","R$ 22,22 (63,50%)","636,9733969697","636,9733969697","636,9733969697","636,9733969697",,,,,,,,,,,,,,
MJpoq5iVTWGbJ75b8Fg73w,novagestao2b@gmail.com,Admin,Brutinho,"34,99",1,44,"144,32","33,8664516129","13,5177583333","13,5177583333","38,6332047252","34,3277773256","R$ 13,52 (38,63%)","1,2992208485",5,"19,7227416667","56,3667952748","R$ 19,72 (56,37%)","R$ 19,72 (56,37%)","636,9733969697","636,9733969697","636,9733969697","636,9733969697",,,,,,,,,,,,,,
zoJUFnW5R0OPt81BzFY0cw,novagestao2b@gmail.com,Admin,Batata frita com cheddar e bacon,"69,99",1,44,"144,32","33,8664516129","25,1497","25,1497","35,9332761823","34,3277773256","R$ 25,15 (35,93%)","1,2992208485",5,"41,3408","59,0667238177","R$ 41,34 (59,07%)","R$ 41,34 (59,07%)","636,9733969697","636,9733969697","636,9733969697","636,9733969697",,,,,,,,,,,,,,
OTKUI653Th2HOI6ZPTOiug,novagestao2b@gmail.com,Admin,Gurjão de frango com fritas,"65,99",1,44,"144,32","33,8664516129","16,5682555556","16,5682555556","25,1072216329","34,3277773256","R$ 16,57 (25,11%)","1,2992208485",5,"46,1222444444","69,8927783671","R$ 46,12 (69,89%)","R$ 46,12 (69,89%)","636,9733969697","636,9733969697","636,9733969697","636,9733969697",,,,,,,,,,,,,,
KDF.XX74Tnir2Vt3xJ4zwA,novagestao2b@gmail.com,Admin,Frango a passarinho com fritas gratinadas,"59,99",1,44,"144,32","33,8664516129","17,7084777778","17,7084777778","29,5190494712","34,3277773256","R$ 17,71 (29,52%)","1,2992208485",5,"39,2820222222","65,4809505288","R$ 39,28 (65,48%)","R$ 39,28 (65,48%)","636,9733969697","636,9733969697","636,9733969697","636,9733969697",,,,,,,,,,,,,,
vkUQjs.gTeaKSJ1AXuOFcw,novagestao2b@gmail.com,Admin,Costela bovina desfiada com aipim frito,"78,99",1,44,"144,32","33,8664516129","21,6932941176","21,6932941176","27,4633423442","34,3277773256","R$ 21,69 (27,46%)","1,2992208485",5,"53,3472058824","67,5366576558","R$ 53,35 (67,54%)","R$ 53,35 (67,54%)","636,9733969697","636,9733969697","636,9733969697","636,9733969697",,,,,,,,,,,,,,
TFiZPPpdQKS8Bz74.0GJbw,novagestao2b@gmail.com,Admin,Pernil 2b,"55,99",1,44,"144,32","33,8664516129","12,6208","12,6208","22,5411680657","34,3277773256","R$ 12,62 (22,54%)","1,2992208485",5,"40,5697","72,4588319343","R$ 40,57 (72,46%)","R$ 40,57 (72,46%)","636,9733969697","636,9733969697","636,9733969697","636,9733969697",,,,,,,,,,,,,,
b0MYy9KMSQK2TrQPTBO4wA,novagestao2b@gmail.com,Admin,Tábua de picanha argentina (4 pessoas),"195,99",1,44,"144,32","33,8664516129","52,9666527778","52,9666527778","27,0251812734","34,3277773256","R$ 52,97 (27,03%)","1,2992208485",5,"133,2238472222","67,9748187266","R$ 133,22 (67,97%)","R$ 133,22 (67,97%)","636,9733969697","636,9733969697","636,9733969697","636,9733969697",,,,,,,,,,,,,,
WdSb1QUtQWuF2Q.RWpykUw,novagestao2b@gmail.com,Admin,tábua de filé mignon (4 pessoas),"125,99",1,44,"144,32","33,8664516129","31,9932777778","31,9932777778","25,3935056574","34,3277773256","R$ 31,99 (25,39%)","1,2992208485",5,"87,6972222222","69,6064943426","R$ 87,70 (69,61%)","R$ 87,70 (69,61%)","636,9733969697","636,9733969697","636,9733969697","636,9733969697",,,,,,,,,,,,,,
nl5QJiJSQ6Ggpvmig5Cxlg,novagestao2b@gmail.com,Admin,Super petisco 2b,"165,99",1,44,"144,32","33,8664516129","24,0789","24,0789","14,5062353154","34,3277773256","R$ 24,08 (14,51%)","1,2992208485",5,"133,6116","80,4937646846","R$ 133,61 (80,49%)","R$ 133,61 (80,49%)","636,9733969697","636,9733969697","636,9733969697","636,9733969697",,,,,,,,,,,,,,
6OMQIA1JRky0ZoreRMvcWg,novagestao2b@gmail.com,Admin,"Frango crocante,calabresa e fritas","84,99",1,44,"144,32","33,8664516129","21,3741111111","21,3741111111","25,1489717745","34,3277773256","R$ 21,37 (25,15%)","1,2992208485",5,"59,3663888889","69,8510282255","R$ 59,37 (69,85%)","R$ 59,37 (69,85%)","636,9733969697","636,9733969697","636,9733969697","636,9733969697",,,,,,,,,,,,,,
N-QqIxLsTzuYQJra9whv3g,novagestao2b@gmail.com,Admin,Carne seca com aipim,"78,99",1,44,"144,32","33,8664516129","15,102425","15,102425","19,1194138499","34,3277773256","R$ 15,10 (19,12%)","1,2992208485",5,"59,938075","75,8805861501","R$ 59,94 (75,88%)","R$ 59,94 (75,88%)","636,9733969697","636,9733969697","636,9733969697","636,9733969697",,,,,,,,,,,,,,
SKUB00vLQ3GPI-U42TgkBA,novagestao2b@gmail.com,Admin,Linguiça defumada com pão de alho,"58,99",1,44,"144,32","33,8664516129","13,93","13,93","23,6141718935","34,3277773256","R$ 13,93 (23,61%)","1,2992208485",5,"42,1105","71,3858281065","R$ 42,11 (71,39%)","R$ 42,11 (71,39%)","636,9733969697","636,9733969697","636,9733969697","636,9733969697",,,,,,,,,,,,,,
9uz3KhWeTlmlHiTQjLhWzg,novagestao2b@gmail.com,Admin,Costelinha barbecue com batata gratinada,"79,99",1,44,"144,32","33,8664516129","19,9359377778","19,9359377778","24,9230376019","34,3277773256","R$ 19,94 (24,92%)","1,2992208485",5,"56,0545622222","70,0769623981","R$ 56,05 (70,08%)","R$ 56,05 (70,08%)","636,9733969697","636,9733969697","636,9733969697","636,9733969697",,,,,,,,,,,,,,
JC2T15hNRveU-ktZleiHbQ,novagestao2b@gmail.com,Admin,Sanduiche de corte angus com abacaxi,"43,99",1,44,"144,32","33,8664516129","17,0897","17,0897","38,8490566038","34,3277773256","R$ 17,09 (38,85%)","1,2992208485",5,"24,7008","56,1509433962","R$ 24,70 (56,15%)","R$ 24,70 (56,15%)","636,9733969697","636,9733969697","636,9733969697","636,9733969697",,,,,,,,,,,,,,
tw3qeCi9Q.iZFS103760-Q,novagestao2b@gmail.com,Admin,Sanduiche de costela bovina,"43,99",1,44,"144,32","33,8664516129","16,2353705882","16,2353705882","36,9069574636","34,3277773256","R$ 16,24 (36,91%)","1,2992208485",5,"25,5551294118","58,0930425364","R$ 25,56 (58,09%)","R$ 25,56 (58,09%)","636,9733969697","636,9733969697","636,9733969697","636,9733969697",,,,,,,,,,,,,,
N4bjqwDkT.C.sAs1id9WtA,novagestao2b@gmail.com,Admin,Sanduiche orgânico com filé de frango,"34,99",1,44,"144,32","33,8664516129","13,8529","13,8529","39,5910260074","34,3277773256","R$ 13,85 (39,59%)","1,2992208485",5,"19,3876","55,4089739926","R$ 19,39 (55,41%)","R$ 19,39 (55,41%)","636,9733969697","636,9733969697","636,9733969697","636,9733969697",,,,,,,,,,,,,,
5GHJ7dSCSOyTEMkm1A9s3w,novagestao2b@gmail.com,Admin,Carne moída com ovo frito,"29,99",1,44,"144,32","33,8664516129","10,17551","10,17551","33,9296765589","34,3277773256","R$ 10,18 (33,93%)","1,2992208485",5,"18,31499","61,0703234411","R$ 18,31 (61,07%)","R$ 18,31 (61,07%)","636,9733969697","636,9733969697","636,9733969697","636,9733969697","4,77135",,,,,,,,,,,,,
lyDayYXOT7WbotOb-4M.hQ,novagestao2b@gmail.com,Admin,Gnocchi a bolonhesa,"43,99",1,44,"144,32","33,8664516129","12,56327","12,56327","28,5593771312","34,3277773256","R$ 12,56 (28,56%)","1,2992208485",5,"29,22723","66,4406228688","R$ 29,23 (66,44%)","R$ 29,23 (66,44%)","636,9733969697","636,9733969697","636,9733969697","636,9733969697",,,,,,,,,,,,,,
yxLWUV4NT-SK-EMenJx0UQ,novagestao2b@gmail.com,Admin,Strogonoff de frango com arroz e batata palha,"29,99",1,44,"144,32","33,8664516129","9,8552","9,8552","32,8616205402","34,3277773256","R$ 9,86 (32,86%)","1,2992208485",5,"18,6353","62,1383794598","R$ 18,64 (62,14%)","R$ 18,64 (62,14%)","636,9733969697","636,9733969697","636,9733969697","636,9733969697",,,,,,,,,,,,,,
qKkCC7JwTnCk8wph9pb44w,novagestao2b@gmail.com,Admin,Contra filé grill,"49,99",1,44,"144,32","33,8664516129","14,8531","14,8531","29,7121424285","34,3277773256","R$ 14,85 (29,71%)","1,2992208485",5,"32,6374","65,2878575715","R$ 32,64 (65,29%)","R$ 32,64 (65,29%)","636,9733969697","636,9733969697","636,9733969697","636,9733969697",,,,,,,,,,,,,,
Xbs5uBfMQomdQ4eD8uioTQ,novagestao2b@gmail.com,Admin,Filé de linguado,"49,99",1,44,"144,32","33,8664516129","14,6144","14,6144","29,2346469294","34,3277773256","R$ 14,61 (29,23%)","1,2992208485",5,"32,8761","65,7653530706","R$ 32,88 (65,77%)","R$ 32,88 (65,77%)","636,9733969697","636,9733969697","636,9733969697","636,9733969697",,,,,,,,,,,,,,
Xw04zwKrRA63VIdDc4.cQw,novagestao2b@gmail.com,Admin,Filé de frango grelhado,"39,99",1,44,"144,32","33,8664516129","9,7875","9,7875","24,4748687172","34,3277773256","R$ 9,79 (24,47%)","1,2992208485",5,"28,203","70,5251312828","R$ 28,20 (70,53%)","R$ 28,20 (70,53%)","636,9733969697","636,9733969697","636,9733969697","636,9733969697",,,,,,,,,,,,,,
eSK8Hou8SCOfr0k9UUiKQw,novagestao2b@gmail.com,Admin,Hamburguer vegano,"39,99",1,44,"144,32","33,8664516129","11,570675","11,570675","28,9339209802","34,3277773256","R$ 11,57 (28,93%)","1,2992208485",5,"26,419825","66,0660790198","R$ 26,42 (66,07%)","R$ 26,42 (66,07%)","636,9733969697","636,9733969697","636,9733969697","636,9733969697",,,,,,,,,,,,,,
P2NEKAGRRQiclGAlUyePJA,novagestao2b@gmail.com,Admin,Parmegiana de carne,"55,99",1,44,"144,32","33,8664516129","18,1927533333","18,1927533333","32,4928618206","34,3277773256","R$ 18,19 (32,49%)","1,2992208485",5,"34,9977466667","62,5071381794","R$ 35,00 (62,51%)","R$ 35,00 (62,51%)","636,9733969697","636,9733969697","636,9733969697","636,9733969697","10,6974",,,,,,,,,,,,,
iIJve5IyTiGDB3C-zONHLQ,novagestao2b@gmail.com,Admin,Parmegiana de frango,"46,99",1,44,"144,32","33,8664516129","12,1492533333","12,1492533333","25,8549762361","34,3277773256","R$ 12,15 (25,85%)","1,2992208485",5,"32,4912466667","69,1450237639","R$ 32,49 (69,15%)","R$ 32,49 (69,15%)","636,9733969697","636,9733969697","636,9733969697","636,9733969697","4,6539",,,,,,,,,,,,,
1BH2Vrd-SH-1z.NSrdLi8A,novagestao2b@gmail.com,Admin,Maminha assada com molho madeira,"45,99",1,44,"144,32","33,8664516129","15,4309","15,4309","33,5527288541","34,3277773256","R$ 15,43 (33,55%)","1,2992208485",5,"28,2596","61,4472711459","R$ 28,26 (61,45%)","R$ 28,26 (61,45%)","636,9733969697","636,9733969697","636,9733969697","636,9733969697",,,,,,,,,,,,,,
HwTjWpjvR3yEsc.GuAT6TQ,novagestao2b@gmail.com,Admin,Moqueca de peixe,"45,99",,44,"144,32","33,8664516129",,,,"34,3277773256", (),"1,2992208485",5,"43,6905",95,"R$ 43,69 (95,00%)",,"636,9733969697","636,9733969697","636,9733969697","636,9733969697",,,,,,,,,,,,,,
BL-IRFVvTASkXK3WIDJPeA,novagestao2b@gmail.com,Admin,Filé de linguado grelhado,"45,99",1,44,"144,32","33,8664516129","12,578","12,578","27,3494237878","34,3277773256","R$ 12,58 (27,35%)","1,2992208485",5,"31,1125","67,6505762122","R$ 31,11 (67,65%)","R$ 31,11 (67,65%)","636,9733969697","636,9733969697","636,9733969697","636,9733969697",,,,,,,,,,,,,,
a.6vUiABATBurkEaj.lmarA,novagestao2b@gmail.com,Admin,Filé de linguado a milanesa,"46,99",1,44,"144,32","33,8664516129","11,673","11,673","24,8414556289","34,3277773256","R$ 11,67 (24,84%)","1,2992208485",5,"32,9675","70,1585443711","R$ 32,97 (70,16%)","R$ 32,97 (70,16%)","636,9733969697","636,9733969697","636,9733969697","636,9733969697",,,,,,,,,,,,,,
3tYDIo4yRzu1Am3F8BlglA,novagestao2b@gmail.com,Admin,Pernil com salada de maionese,"34,99",1,44,"144,32","33,8664516129","8,121","8,121","23,2094884253","34,3277773256","R$ 8,12 (23,21%)","1,2992208485",5,"25,1195","71,7905115747","R$ 25,12 (71,79%)","R$ 25,12 (71,79%)","636,9733969697","636,9733969697","636,9733969697","636,9733969697",,,,,,,,,,,,,,
q-uPF4FASnCsUQKveRfNmg,novagestao2b@gmail.com,Admin,Mini feijoada,"39,99",1,44,"144,32","33,8664516129","11,5329","11,5329","28,839459865","34,3277773256","R$ 11,53 (28,84%)","1,2992208485",5,"26,4576","66,160540135","R$ 26,46 (66,16%)","R$ 26,46 (66,16%)","636,9733969697","636,9733969697","636,9733969697","636,9733969697",,,,,,,,,,,,,,
LLBJWJHQTKeqoHCclopmuQ,novagestao2b@gmail.com,Admin,Calabresa acebolada com ovo frito,"34,99",1,44,"144,32","33,8664516129","9,828","9,828","28,08802515","34,3277773256","R$ 9,83 (28,09%)","1,2992208485",5,"23,4125","66,91197485","R$ 23,41 (66,91%)","R$ 23,41 (66,91%)","636,9733969697","636,9733969697","636,9733969697","636,9733969697",,,,,,,,,,,,,,
bz2cW.QdQ4av.b3JaxXhcQ,novagestao2b@gmail.com,Admin,Isca de frango com salada de maionese,"34,99",1,44,"144,32","33,8664516129","9,91","9,91","28,3223778222","34,3277773256","R$ 9,91 (28,32%)","1,2992208485",5,"23,3305","66,6776221778","R$ 23,33 (66,68%)","R$ 23,33 (66,68%)","636,9733969697","636,9733969697","636,9733969697","636,9733969697",,,,,,,,,,,,,,
caMl66g.QaGyNZp2iwCZfA,novagestao2b@gmail.com,Admin,Mini churrasco,"39,99",1,44,"144,32","33,8664516129","11,701","11,701","29,2598149537","34,3277773256","R$ 11,70 (29,26%)","1,2992208485",5,"26,2895","65,7401850463","R$ 26,29 (65,74%)","R$ 26,29 (65,74%)","636,9733969697","636,9733969697","636,9733969697","636,9733969697",,,,,,,,,,,,,,
u1ffDnQKRc24FVFqJidZqQ,novagestao2b@gmail.com,Admin,Bife de contra filé grill acebolado,"49,99",1,44,"144,32","33,8664516129","14,1505","14,1505","28,3066613323","34,3277773256","R$ 14,15 (28,31%)","1,2992208485",5,"33,34","66,6933386677","R$ 33,34 (66,69%)","R$ 33,34 (66,69%)","636,9733969697","636,9733969697","636,9733969697","636,9733969697",,,,,,,,,,,,,,
gL6oLzy2QROhX6yIQ.6L-w,novagestao2b@gmail.com,Admin,Bife a milanesa,"45,99",1,44,"144,32","33,8664516129","16,0504","16,0504","34,8997608176","34,3277773256","R$ 16,05 (34,90%)","1,2992208485",5,"27,6401","60,1002391824","R$ 27,64 (60,10%)","R$ 27,64 (60,10%)","636,9733969697","636,9733969697","636,9733969697","636,9733969697","10,6974",,,,,,,,,,,,,
Vb8SSFRCT8icc3Tdq6Erug,novagestao2b@gmail.com,Admin,Bife de alcatra à parmegiana,"55,99",1,44,"144,32","33,8664516129","20,0182533333","20,0182533333","35,7532654641","34,3277773256","R$ 20,02 (35,75%)","1,2992208485",5,"33,1722466667","59,2467345359","R$ 33,17 (59,25%)","R$ 33,17 (59,25%)","636,9733969697","636,9733969697","636,9733969697","636,9733969697","10,6974",,,,,,,,,,,,,
c6WXKR1PRACCiozRGhO4Dg,novagestao2b@gmail.com,Admin,Bife de contra filé grill a cavalo,"49,99",1,44,"144,32","33,8664516129","14,653","14,653","29,3118623725","34,3277773256","R$ 14,65 (29,31%)","1,2992208485",5,"32,8375","65,6881376275","R$ 32,84 (65,69%)","R$ 32,84 (65,69%)","636,9733969697","636,9733969697","636,9733969697","636,9733969697",,,,,,,,,,,,,,
fWRIM78aRYu2pMbBAWsAVg,novagestao2b@gmail.com,Admin,Isca de alcatra ao molho madeira,"45,99",1,44,"144,32","33,8664516129","13,39688","13,39688","29,1299847793","34,3277773256","R$ 13,40 (29,13%)","1,2992208485",5,"30,29362","65,8700152207","R$ 30,29 (65,87%)","R$ 30,29 (65,87%)","636,9733969697","636,9733969697","636,9733969697","636,9733969697",,,,,,,,,,,,,,
lKNmoy78RXSCnFvs7Cl25w,novagestao2b@gmail.com,Admin,Strogonoff de carne,"45,99",1,44,"144,32","33,8664516129","13,1749","13,1749","28,6473146336","34,3277773256","R$ 13,17 (28,65%)","1,2992208485",5,"30,5156","66,3526853664","R$ 30,52 (66,35%)","R$ 30,52 (66,35%)","636,9733969697","636,9733969697","636,9733969697","636,9733969697",,,,,,,,,,,,,,
TnGIEpocQ2y-DLyzm3-bgA,novagestao2b@gmail.com,Admin,Filé de frango grelhado,"38,99",1,44,"144,32","33,8664516129","9,893","9,893","25,3731726084","34,3277773256","R$ 9,89 (25,37%)","1,2992208485",5,"27,1475","69,6268273916","R$ 27,15 (69,63%)","R$ 27,15 (69,63%)","636,9733969697","636,9733969697","636,9733969697","636,9733969697",,,,,,,,,,,,,,
a-jXb87mqToaKJq80urAW0g,novagestao2b@gmail.com,Admin,Filé a parmegiana de frango,"45,99",1,44,"144,32","33,8664516129","11,6009","11,6009","25,2248314851","34,3277773256","R$ 11,60 (25,22%)","1,2992208485",5,"32,0896","69,7751685149","R$ 32,09 (69,78%)","R$ 32,09 (69,78%)","636,9733969697","636,9733969697","636,9733969697","636,9733969697","4,6539",,,,,,,,,,,,,
LjPbP6C.TCKkBlvFnUxiRg,novagestao2b@gmail.com,Admin,Filé de frango a milanesa,"39,99",1,44,"144,32","33,8664516129","10,0069","10,0069","25,0235058765","34,3277773256","R$ 10,01 (25,02%)","1,2992208485",5,"27,9836","69,9764941235","R$ 27,98 (69,98%)","R$ 27,98 (69,98%)","636,9733969697","636,9733969697","636,9733969697","636,9733969697",,,,,,,,,,,,,,
waJBpaE4SY-pU.t-a7zrIA,novagestao2b@gmail.com,Admin,Strogonoff de frango,"34,99",1,44,"144,32","33,8664516129","9,8552","9,8552","28,1657616462","34,3277773256","R$ 9,86 (28,17%)","1,2992208485",5,"23,3853","66,8342383538","R$ 23,39 (66,83%)","R$ 23,39 (66,83%)","636,9733969697","636,9733969697","636,9733969697","636,9733969697",,,,,,,,,,,,,,
d7dmD5ZsS7m9nVGFsMKEXQ,novagestao2b@gmail.com,Admin,,,,44,"144,32","33,8664516129",,,,"34,3277773256", (),"1,2992208485",5,,, (),,"636,9733969697","636,9733969697","636,9733969697","636,9733969697",,,,,,,,,,,,,,
84T.VXDVRZKPGqyCrv57VA,novagestao2b@gmail.com,Admin,Super feijoada família,"105,99",1,44,"144,32","33,8664516129","26,1268","26,1268","24,6502500236","34,3277773256","R$ 26,13 (24,65%)","1,2992208485",5,"74,5637","70,3497499764","R$ 74,56 (70,35%)","R$ 74,56 (70,35%)","636,9733969697","636,9733969697","636,9733969697","636,9733969697",,,,,,,,,,,,,,
RNeQCPGYToCFHXgsswymow,novagestao2b@gmail.com,Admin,Feijoada dos Deuses,"59,99",1,44,"144,32","33,8664516129","19,2612","19,2612","32,1073512252","34,3277773256","R$ 19,26 (32,11%)","1,2992208485",5,"37,7293","62,8926487748","R$ 37,73 (62,89%)","R$ 37,73 (62,89%)","636,9733969697","636,9733969697","636,9733969697","636,9733969697",,,,,,,,,,,,,,
PuccIdcOQ4O-d.wDcKxlAw,novagestao2b@gmail.com,Admin,Bobó de camarão,"59,99",1,44,"144,32","33,8664516129","18,543","18,543","30,9101516919","34,3277773256","R$ 18,54 (30,91%)","1,2992208485",5,"38,4475","64,0898483081","R$ 38,45 (64,09%)","R$ 38,45 (64,09%)","636,9733969697","636,9733969697","636,9733969697","636,9733969697",,,,,,,,,,,,,,
x4GD5KZESW-l3Jigyc58sg,novagestao2b@gmail.com,Admin,Alcatra grill a piamontese,"67,99",1,44,"144,32","33,8664516129","16,4488333333","16,4488333333","24,1930185812","34,3277773256","R$ 16,45 (24,19%)","1,2992208485",5,"48,1416666667","70,8069814188","R$ 48,14 (70,81%)","R$ 48,14 (70,81%)","636,9733969697","636,9733969697","636,9733969697","636,9733969697",,,,,,,,,,,,,,
PwJ1tkL9QeO4q45iPI1Oyw,novagestao2b@gmail.com,Admin,Parmegiana de alcatra a piamontese,"72,99",1,44,"144,32","33,8664516129","18,6068333333","18,6068333333","25,4923048819","34,3277773256","R$ 18,61 (25,49%)","1,2992208485",5,"50,7336666667","69,5076951181","R$ 50,73 (69,51%)","R$ 50,73 (69,51%)","636,9733969697","636,9733969697","636,9733969697","636,9733969697",,,,,,,,,,,,,,
Ji5oP0iSTfmJrILD4h-biQ,novagestao2b@gmail.com,Admin,Spaguetti com molho de queijo e camarão,"58,99",,44,"144,32","33,8664516129",,,,"34,3277773256", (),"1,2992208485",5,"56,0405",95,"R$ 56,04 (95,00%)",,"636,9733969697","636,9733969697","636,9733969697","636,9733969697",,,,,,,,,,,,,,
bQBQwodYQoCuCVnSdIWiTg,novagestao2b@gmail.com,Admin,Spaguetti com molho de queijo com grelhado de frango,"44,99",,44,"144,32","33,8664516129",,,,"34,3277773256", (),"1,2992208485",5,"42,7405",95,"R$ 42,74 (95,00%)",,"636,9733969697","636,9733969697","636,9733969697","636,9733969697",,,,,,,,,,,,,,
BB.HbEx5RJKZ-qO5XDWLTw,novagestao2b@gmail.com,Admin,Spaguetti com molho vermelho e o blend do brutinho,"48,99",,44,"144,32","33,8664516129",,,,"34,3277773256", (),"1,2992208485",5,"46,5405",95,"R$ 46,54 (95,00%)",,"636,9733969697","636,9733969697","636,9733969697","636,9733969697",,,,,,,,,,,,,,
YOkTQZO8SXesq4.Erqb5PQ,novagestao2b@gmail.com,Admin,Risoto de costela bovina,"48,99",1,44,"144,32","33,8664516129","18,7848","18,7848","38,3441518677","34,3277773256","R$ 18,78 (38,34%)","1,2992208485",5,"27,7557","56,6558481323","R$ 27,76 (56,66%)","R$ 27,76 (56,66%)","636,9733969697","636,9733969697","636,9733969697","636,9733969697",,,,,,,,,,,,,,
3xdaJGnpQVSN7I0WdfEH.g,novagestao2b@gmail.com,Admin,Risoto de carne seca desfiada,"58,99",,44,"144,32","33,8664516129",,,,"34,3277773256", (),"1,2992208485",5,"56,0405",95,"R$ 56,04 (95,00%)",,"636,9733969697","636,9733969697","636,9733969697","636,9733969697",,,,,,,,,,,,,,
y05tSCxIQ.uP8XlzVJVQ4g,novagestao2b@gmail.com,Admin,Risoto de queijo com grelhado de frango,"48,99",,44,"144,32","33,8664516129",,,,"34,3277773256", (),"1,2992208485",5,"46,5405",95,"R$ 46,54 (95,00%)",,"636,9733969697","636,9733969697","636,9733969697","636,9733969697",,,,,,,,,,,,,,
vlEFc3Y7ROiVLUtxXRyN1A,novagestao2b@gmail.com,Admin,Risoto de camarão,"74,99",1,44,"144,32","33,8664516129","21,2181","21,2181","28,2945726097","34,3277773256","R$ 21,22 (28,29%)","1,2992208485",5,"50,0224","66,7054273903","R$ 50,02 (66,71%)","R$ 50,02 (66,71%)","636,9733969697","636,9733969697","636,9733969697","636,9733969697",,,,,,,,,,,,,,
JGwTuIdFSIqwTc1NBgYl1w,novagestao2b@gmail.com,Admin,Sanduiche Porto Alegre,"39,99",,44,"144,32","33,8664516129",,,,"34,3277773256", (),"1,2992208485",5,"37,9905",95,"R$ 37,99 (95,00%)",,"636,9733969697","636,9733969697","636,9733969697","636,9733969697",,,,,,,,,,,,,,
Xft-S8EvQ4ajZ7Uyfk7xsw,novagestao2b@gmail.com,Admin,Sanduiche Morumbi,"38,99",,44,"144,32","33,8664516129",,,,"34,3277773256", (),"1,2992208485",5,"37,0405",95,"R$ 37,04 (95,00%)",,"636,9733969697","636,9733969697","636,9733969697","636,9733969697",,,,,,,,,,,,,,
g8S9QRi5RqqtZW5Db71w9Q,novagestao2b@gmail.com,Admin,Sanduiche Bela Vista,"38,99",,44,"144,32","33,8664516129",,,,"34,3277773256", (),"1,2992208485",5,"37,0405",95,"R$ 37,04 (95,00%)",,"636,9733969697","636,9733969697","636,9733969697","636,9733969697",,,,,,,,,,,,,,
4LYZvDhMQMe4LAlQAeYigA,novagestao2b@gmail.com,Admin,Sanduiche Poço de Caldas,"32,99",,44,"144,32","33,8664516129",,,,"34,3277773256", (),"1,2992208485",5,"31,3405",95,"R$ 31,34 (95,00%)",,"636,9733969697","636,9733969697","636,9733969697","636,9733969697",,,,,,,,,,,,,,
sZF9f9zaQmq54B9u9Fzq-Q,novagestao2b@gmail.com,Admin,Sanduiche Lapa,"38,99",,44,"144,32","33,8664516129",,,,"34,3277773256", (),"1,2992208485",5,"37,0405",95,"R$ 37,04 (95,00%)",,"636,9733969697","636,9733969697","636,9733969697","636,9733969697",,,,,,,,,,,,,,
VwG0UXXcS4aw5G48WiDZBQ,novagestao2b@gmail.com,Admin,Brutinho kids,"23,99",1,44,"144,32","33,8664516129","9,95195","9,95195","41,4837432263","34,3277773256","R$ 9,95 (41,48%)","1,2992208485",5,"12,83855","53,5162567737","R$ 12,84 (53,52%)","R$ 12,84 (53,52%)","636,9733969697","636,9733969697","636,9733969697","636,9733969697",,,,,,,,,,,,,,
Gqtx30IKSJCBo0hcL.hstA,novagestao2b@gmail.com,Admin,Nervosinho Kids,"24,99",,44,"144,32","33,8664516129",,,,"34,3277773256", (),"1,2992208485",5,"23,7405",95,"R$ 23,74 (95,00%)",,"636,9733969697","636,9733969697","636,9733969697","636,9733969697",,,,,,,,,,,,,,
BXOInZMSSQ6HxuaBS8oYWA,novagestao2b@gmail.com,Admin,Galo nervoso kids,"22,99",1,44,"144,32","33,8664516129","7,4835","7,4835","32,5511091779","34,3277773256","R$ 7,48 (32,55%)","1,2992208485",5,"14,357","62,4488908221","R$ 14,36 (62,45%)","R$ 14,36 (62,45%)","636,9733969697","636,9733969697","636,9733969697","636,9733969697",,,,,,,,,,,,,,
SW3oAQbQTXSrf4XotMiQzQ,novagestao2b@gmail.com,Admin,Super dog kids,"20,99",1,44,"144,32","33,8664516129","7,41","7,41","35,3025250119","34,3277773256","R$ 7,41 (35,30%)","1,2992208485",5,"12,5305","59,6974749881","R$ 12,53 (59,70%)","R$ 12,53 (59,70%)","636,9733969697","636,9733969697","636,9733969697","636,9733969697",,,,,,,,,,,,,,
t.P4N3q2TrGMDBW4XbhMBg,novagestao2b@gmail.com,Admin,Pão de alho com picanha,"54,99",1,44,"144,32","33,8664516129","28,9732","28,9732","52,6881251137","34,3277773256","R$ 28,97 (52,69%)","1,2992208485",5,"23,2673","42,3118748863","R$ 23,27 (42,31%)","R$ 23,27 (42,31%)","636,9733969697","636,9733969697","636,9733969697","636,9733969697",,,,,,,,,,,,,,
HeVn092OTni27sHCj8Ei7A,novagestao2b@gmail.com,Admin,Pão de alho com Costelinha suína,"54,99",1,44,"144,32","33,8664516129","16,68766","16,68766","30,346717585","34,3277773256","R$ 16,69 (30,35%)","1,2992208485",5,"35,55284","64,653282415","R$ 35,55 (64,65%)","R$ 35,55 (64,65%)","636,9733969697","636,9733969697","636,9733969697","636,9733969697",,,,,,,,,,,,,,
h-vvdeSsRMqsgduPHchs6w,novagestao2b@gmail.com,Admin,Pão de alho com calabresa defumada,"52,99",1,44,"144,32","33,8664516129","14,5147","14,5147","27,3913946028","34,3277773256","R$ 14,51 (27,39%)","1,2992208485",5,"35,8258","67,6086053972","R$ 35,83 (67,61%)","R$ 35,83 (67,61%)","636,9733969697","636,9733969697","636,9733969697","636,9733969697",,,,,,,,,,,,,,
bPOGMVZAQ0GhcrZoxX2r2Q,novagestao2b@gmail.com,Admin,Pão de alho com costela bovina,"62,99",1,44,"144,32","33,8664516129","23,6269588235","23,6269588235","37,5090630632","34,3277773256","R$ 23,63 (37,51%)","1,2992208485",5,"36,2135411765","57,4909369368","R$ 36,21 (57,49%)","R$ 36,21 (57,49%)","636,9733969697","636,9733969697","636,9733969697","636,9733969697",,,,,,,,,,,,,,
wHMJY0K4T6ehWJYfM1L4gQ,novagestao2b@gmail.com,Admin,Pão de alho com costela suína,"62,99",1,44,"144,32","33,8664516129","16,68766","16,68766","26,4925543737","34,3277773256","R$ 16,69 (26,49%)","1,2992208485",5,"43,15284","68,5074456263","R$ 43,15 (68,51%)","R$ 43,15 (68,51%)","636,9733969697","636,9733969697","636,9733969697","636,9733969697",,,,,,,,,,,,,,
7BPxHjNCQSmmc14k31DD7Q,novagestao2b@gmail.com,Admin,Pão de alho com filé mignon,"69,99",1,44,"144,32","33,8664516129","18,5332","18,5332","26,4797828261","34,3277773256","R$ 18,53 (26,48%)","1,2992208485",5,"47,9573","68,5202171739","R$ 47,96 (68,52%)","R$ 47,96 (68,52%)","636,9733969697","636,9733969697","636,9733969697","636,9733969697",,,,,,,,,,,,,,
Ju2yCMRrS7SMSVDQCBg-Ig,novagestao2b@gmail.com,Admin,Pão de alho com picanha,"74,99",1,44,"144,32","33,8664516129","28,9732","28,9732","38,6360848113","34,3277773256","R$ 28,97 (38,64%)","1,2992208485",5,"42,2673","56,3639151887","R$ 42,27 (56,36%)","R$ 42,27 (56,36%)","636,9733969697","636,9733969697","636,9733969697","636,9733969697",,,,,,,,,,,,,,
OgeZircQT7GYllIGmdv1-Q,novagestao2b@gmail.com,Admin,Galo nervoso,"28,99",1,44,"144,32","33,8664516129","9,566575","9,566575","32,9995688168","34,3277773256","R$ 9,57 (33,00%)","1,2992208485",5,"17,973925","62,0004311832","R$ 17,97 (62,00%)","R$ 17,97 (62,00%)","636,9733969697","636,9733969697","636,9733969697","636,9733969697",,,,,,,,,,,,,,
8UeYWMDqSc2vVVYaS3d-bA,novagestao2b@gmail.com,Admin,Super dog,"28,99",1,44,"144,32","33,8664516129","9,87216","9,87216","34,0536736806","34,3277773256","R$ 9,87 (34,05%)","1,2992208485",5,"17,66834","60,9463263194","R$ 17,67 (60,95%)","R$ 17,67 (60,95%)","636,9733969697","636,9733969697","636,9733969697","636,9733969697",,,,,,,,,,,,,,
bG7GAW6tQ7WoKCunn6kIYA,novagestao2b@gmail.com,Admin,Choripan,"39,99",1,44,"144,32","33,8664516129","10,2505","10,2505","25,6326581645","34,3277773256","R$ 10,25 (25,63%)","1,2992208485",5,"27,74","69,3673418355","R$ 27,74 (69,37%)","R$ 27,74 (69,37%)","636,9733969697","636,9733969697","636,9733969697","636,9733969697",,,,,,,,,,,,,,
NQD9vGLCROSmX8XKx30q2Q,novagestao2b@gmail.com,Admin,Pastel gourmet costela (6 und),"59,99",1,44,"144,32","33,8664516129","18,1634705882","18,1634705882","30,2774972299","34,3277773256","R$ 18,16 (30,28%)","1,2992208485",5,"38,8270294118","64,7225027701","R$ 38,83 (64,72%)","R$ 38,83 (64,72%)","636,9733969697","636,9733969697","636,9733969697","636,9733969697",,,,,,,,,,,,,,
a-vJUSMctQsmWZWfbORHd6w,novagestao2b@gmail.com,Admin,,,,44,"144,32","33,8664516129",,,,"34,3277773256", (),"1,2992208485",5,,, (),,"636,9733969697","636,9733969697","636,9733969697","636,9733969697",,,,,,,,,,,,,,
odA6NkHkS7SzoKc8e6oLtw,novagestao2b@gmail.com,Admin,Pastel gourmet camarão (6 und),"59,99",1,44,"144,32","33,8664516129","16,2367","16,2367","27,0656776129","34,3277773256","R$ 16,24 (27,07%)","1,2992208485",5,"40,7538","67,9343223871","R$ 40,75 (67,93%)","R$ 40,75 (67,93%)","636,9733969697","636,9733969697","636,9733969697","636,9733969697",,,,,,,,,,,,,,
2oIbDL1kR3KoXpFlc3jF8Q,novagestao2b@gmail.com,Admin,Croquete (8 und),"69,99",,44,"144,32","33,8664516129",,,,"34,3277773256", (),"1,2992208485",5,"66,4905",95,"R$ 66,49 (95,00%)",,"636,9733969697","636,9733969697","636,9733969697","636,9733969697",,,,,,,,,,,,,,
h3.ywa2.SqKF2AfHH1uk1g,novagestao2b@gmail.com,Admin,Panceta a pururuca com abacaxi,"68,99",1,44,"144,32","33,8664516129","16,706","16,706","24,2151036382","34,3277773256","R$ 16,71 (24,22%)","1,2992208485",5,"48,8345","70,7848963618","R$ 48,83 (70,78%)","R$ 48,83 (70,78%)","636,9733969697","636,9733969697","636,9733969697","636,9733969697",,,,,,,,,,,,,,
DrU9aQr4T4mBF.OkC7uSzw,novagestao2b@gmail.com,Admin,Meia porção de aipim frito gratinado,"39,99",1,44,"144,32","33,8664516129","10,1486","10,1486","25,3778444611","34,3277773256","R$ 10,15 (25,38%)","1,2992208485",5,"27,8419","69,6221555389","R$ 27,84 (69,62%)","R$ 27,84 (69,62%)","636,9733969697","636,9733969697","636,9733969697","636,9733969697",,,,,,,,,,,,,,
FFI2KdTnRTO3RCzRKn9gdQ,novagestao2b@gmail.com,Admin,Dadinho de tapioca (12 und),"38,99",,44,"144,32","33,8664516129",,,,"34,3277773256", (),"1,2992208485",5,"37,0405",95,"R$ 37,04 (95,00%)",,"636,9733969697","636,9733969697","636,9733969697","636,9733969697",,,,,,,,,,,,,,
AGx8evMASwe9lGSUORPn5Q,novagestao2b@gmail.com,Admin,Palitinho de provolone,"38,99",1,44,"144,32","33,8664516129","11,2468785714","11,2468785714","28,8455464771","34,3277773256","R$ 11,25 (28,85%)","1,2992208485",5,"25,7936214286","66,1544535229","R$ 25,79 (66,15%)","R$ 25,79 (66,15%)","636,9733969697","636,9733969697","636,9733969697","636,9733969697",,,,,,,,,,,,,,
VeHaC2GkR92YBMohrfnCkA,novagestao2b@gmail.com,Admin,Porção de sardinha a portuguesa empanada,"57,99",,44,"144,32","33,8664516129",,,,"34,3277773256", (),"1,2992208485",5,"55,0905",95,"R$ 55,09 (95,00%)",,"636,9733969697","636,9733969697","636,9733969697","636,9733969697",,,,,,,,,,,,,,
m06oDLDSTd-WXsjfUA2yKQ,novagestao2b@gmail.com,Admin,Coração acebolado com batata frita,"69,99",,44,"144,32","33,8664516129",,,,"34,3277773256", (),"1,2992208485",5,"66,4905",95,"R$ 66,49 (95,00%)",,"636,9733969697","636,9733969697","636,9733969697","636,9733969697",,,,,,,,,,,,,,
JZAJfPnuRJ6rmzkLsI4mwQ,novagestao2b@gmail.com,Admin,Fraango a passarinho com batata frita,"69,99",1,44,"144,32","33,8664516129","16,9724144444","16,9724144444","24,2497706021","34,3277773256","R$ 16,97 (24,25%)","1,2992208485",5,"49,5180855556","70,7502293979","R$ 49,52 (70,75%)","R$ 49,52 (70,75%)","636,9733969697","636,9733969697","636,9733969697","636,9733969697",,,,,,,,,,,,,,
9.aRkNVUQmaM-F0qhTlXBg,novagestao2b@gmail.com,Admin,Brutamonte,"83,99",1,44,"144,32","33,8664516129","28,1221083333","28,1221083333","33,4826864309","34,3277773256","R$ 28,12 (33,48%)","1,2992208485",5,"51,6683916667","61,5173135691","R$ 51,67 (61,52%)","R$ 51,67 (61,52%)","636,9733969697","636,9733969697","636,9733969697","636,9733969697",,,,,,,,,,,,,,
8TZF28cyQD2a1NdUqiDJEA,novagestao2b@gmail.com,Admin,Chivito,"83,99",1,44,"144,32","33,8664516129","32,041875","32,041875","38,1496309084","34,3277773256","R$ 32,04 (38,15%)","1,2992208485",5,"47,748625","56,8503690916","R$ 47,75 (56,85%)","R$ 47,75 (56,85%)","636,9733969697","636,9733969697","636,9733969697","636,9733969697",,,,,,,,,,,,,,
xJWpxLsGSSue619r0YZ4RA,novagestao2b@gmail.com,Admin,Galo nervoso,"48,99",1,44,"144,32","33,8664516129","13,1859083333","13,1859083333","26,915509968","34,3277773256","R$ 13,19 (26,92%)","1,2992208485",5,"33,3545916667","68,084490032","R$ 33,35 (68,08%)","R$ 33,35 (68,08%)","636,9733969697","636,9733969697","636,9733969697","636,9733969697",,,,,,,,,,,,,,
GgIQKloXTaKyKpL.uWG57g,novagestao2b@gmail.com,Admin,Bruto,"72,99",1,44,"144,32","33,8664516129","18,8130333333","18,8130333333","25,7748093346","34,3277773256","R$ 18,81 (25,77%)","1,2992208485",5,"50,5274666667","69,2251906654","R$ 50,53 (69,23%)","R$ 50,53 (69,23%)","636,9733969697","636,9733969697","636,9733969697","636,9733969697","5,13695",,,,,,,,,,,,,
LBU02KKVQ9-FHtOz62NScw,novagestao2b@gmail.com,Admin,Super dog,"41,99",1,44,"144,32","33,8664516129","11,5914933333","11,5914933333","27,6053663571","34,3277773256","R$ 11,59 (27,61%)","1,2992208485",5,"28,2990066667","67,3946336429","R$ 28,30 (67,39%)","R$ 28,30 (67,39%)","636,9733969697","636,9733969697","636,9733969697","636,9733969697",,,,,,,,,,,,,,
4T.WYgjmRaunQ.LKsItsDg,novagestao2b@gmail.com,Admin,Vegano,"45,99",1,44,"144,32","33,8664516129","13,2900083333","13,2900083333","28,8976045517","34,3277773256","R$ 13,29 (28,90%)","1,2992208485",5,"30,4004916667","66,1023954483","R$ 30,40 (66,10%)","R$ 30,40 (66,10%)","636,9733969697","636,9733969697","636,9733969697","636,9733969697",,,,,,,,,,,,,,
WqNtq8j2ToW1.Qz3AOZmXA,uaibraunie@gmail.com,Admin,Pão de Queijo + Recheio,"15,9",1,44,"144,32","33,8664516129","4,42","4,42","27,7987421384","34,3277773256","R$ 4,42 (27,80%)","1,2992208485",5,"10,685","67,2012578616","R$ 10,69 (67,20%)","R$ 10,69 (67,20%)","636,9733969697","636,9733969697","636,9733969697","636,9733969697",,,,,,,,,,,,,,
yQUb5sPzROW.MhqbjQW9-w,uaibraunie@gmail.com,Admin,Croissant + Recheio,"36,9",1,44,"144,32","33,8664516129","11,37","11,37","30,8130081301","34,3277773256","R$ 11,37 (30,81%)","1,2992208485",5,"23,685","64,1869918699","R$ 23,69 (64,19%)","R$ 23,69 (64,19%)","636,9733969697","636,9733969697","636,9733969697","636,9733969697",,,,,,,,,,,,,,
jplpsqnQSEqEgbktKbaXAg,uaibraunie@gmail.com,Admin,Coxinha + Recheio,"20,9",1,44,"144,32","33,8664516129","5,87","5,87","28,0861244019","34,3277773256","R$ 5,87 (28,09%)","1,2992208485",5,"13,985","66,9138755981","R$ 13,99 (66,91%)","R$ 13,99 (66,91%)","636,9733969697","636,9733969697","636,9733969697","636,9733969697",,,,,,,,,,,,,,
zlJjhQlnRyeYqRHCELJh3w,uaibraunie@gmail.com,Admin,Fatia Torta Matilda,"24,9",1,44,"144,32","33,8664516129","3,57","3,57","14,3373493976","34,3277773256","R$ 3,57 (14,34%)","1,2992208485",5,"20,085","80,6626506024","R$ 20,09 (80,66%)","R$ 20,09 (80,66%)","636,9733969697","636,9733969697","636,9733969697","636,9733969697",,,,,,,,,,,,,,
RMffXlyQS6GL2N.EBmKvvQ,uaibraunie@gmail.com,Admin,Fatia Torta Banoffe,"24,9",1,44,"144,32","33,8664516129","4,5","4,5","18,0722891566","34,3277773256","R$ 4,50 (18,07%)","1,2992208485",5,"19,155","76,9277108434","R$ 19,15 (76,93%)","R$ 19,15 (76,93%)","636,9733969697","636,9733969697","636,9733969697","636,9733969697",,,,,,,,,,,,,,
xSq7CRflQ8CPbe-ydjnzYA,uaibraunie@gmail.com,Admin,Cookie Recheio Kinder Bueno,"19,9",1,44,"144,32","33,8664516129","4,74","4,74","23,8190954774","34,3277773256","R$ 4,74 (23,82%)","1,2992208485",5,"14,165","71,1809045226","R$ 14,17 (71,18%)","R$ 14,17 (71,18%)","636,9733969697","636,9733969697","636,9733969697","636,9733969697",,,,,,,,,,,,,,
n3Z4HKLxS3KXAW0gfHjihQ,uaibraunie@gmail.com,Admin,Cookie Recheio Pistache,"19,9",1,44,"144,32","33,8664516129","4,65","4,65","23,3668341709","34,3277773256","R$ 4,65 (23,37%)","1,2992208485",5,"14,255","71,6331658291","R$ 14,25 (71,63%)","R$ 14,25 (71,63%)","636,9733969697","636,9733969697","636,9733969697","636,9733969697",,,,,,,,,,,,,,
G420MPILQL2JhBobML-CrQ,uaibraunie@gmail.com,Admin,Cookie Recheio Nutella,"19,9",1,44,"144,32","33,8664516129","4,42","4,42","22,2110552764","34,3277773256","R$ 4,42 (22,21%)","1,2992208485",5,"14,485","72,7889447236","R$ 14,49 (72,79%)","R$ 14,49 (72,79%)","636,9733969697","636,9733969697","636,9733969697","636,9733969697",,,,,,,,,,,,,,
MDWmrm0fSr-GK.EG4rZa.Q,uaibraunie@gmail.com,Admin,Cookie Recheio Leite Ninho,"15,9",1,44,"144,32","33,8664516129","3,55","3,55","22,3270440252","34,3277773256","R$ 3,55 (22,33%)","1,2992208485",5,"11,555","72,6729559748","R$ 11,56 (72,67%)","R$ 11,56 (72,67%)","636,9733969697","636,9733969697","636,9733969697","636,9733969697",,,,,,,,,,,,,,
A8NP5VcSSVO2ZKUnFeL18g,joaopurificacao26@gmail.com,Admin,BURGUER BANANA DA TERRA,32,1,44,"144,32","33,8664516129","12,26324","12,26324","38,322625","34,3277773256","R$ 12,26 (38,32%)","1,2992208485",5,"18,13676","56,677375","R$ 18,14 (56,68%)","R$ 18,14 (56,68%)","636,9733969697","636,9733969697","636,9733969697","636,9733969697",,,,,,,,,,,,,,
9B5IwrDoSyqysUlSNLDrPA,Maroccacau@gmail.com,Admin,Bolinha de Queijo.,"0,75",800,44,"144,32","33,8664516129","155,2861002925","0,1941076254","25,8810167154","34,3277773256","R$ 0,19 (25,88%)","1,2992208485",5,"0,5183923746","69,1189832846","R$ 0,52 (69,12%)","R$ 0,52 (69,12%)","636,9733969697","636,9733969697","636,9733969697","636,9733969697","48,0127236258",,,,,,,,,,,,,
H.Rm7zZOSwun7XqQoYMvWw,Maroccacau@gmail.com,Admin,Travesseiro de Presunto/Queijo.,"0,65",800,44,"144,32","33,8664516129","93,0127236258","0,1162659045","17,8870622357","34,3277773256","R$ 0,12 (17,89%)","1,2992208485",5,"0,5012340955","77,1129377643","R$ 0,50 (77,11%)","R$ 0,50 (77,11%)","636,9733969697","636,9733969697","636,9733969697","636,9733969697","48,0127236258",,,,,,,,,,,,,
eZ8MXzmmSXCoYIVxKiKIag,Maroccacau@gmail.com,Admin,Coxinha de Frango.,"0,65",800,44,"144,32","33,8664516129","176,3606396654","0,2204507996","33,915507628","34,3277773256","R$ 0,22 (33,92%)","1,2992208485",5,"0,3970492004","61,084492372","R$ 0,40 (61,08%)","R$ 0,40 (61,08%)","636,9733969697","636,9733969697","636,9733969697","636,9733969697","128,3479160396",,,,,,,,,,,,,
ZoH7hnU6RvysofLBjaH9Vg,Maroccacau@gmail.com,Admin,Tubinho de Calabresa.,"0,65",800,44,"144,32","33,8664516129","107,2243902925","0,1340304879","20,6200750562","34,3277773256","R$ 0,13 (20,62%)","1,2992208485",5,"0,4834695121","74,3799249438","R$ 0,48 (74,38%)","R$ 0,48 (74,38%)","636,9733969697","636,9733969697","636,9733969697","636,9733969697","59,2116666667",,,,,,,,,,,,,
4cei2FypRDSPmypY5iD.JA,Maroccacau@gmail.com,Admin,Medalhão de Salsicha,"0,65",1000,44,"144,32","33,8664516129","152,0127236258","0,1520127236","23,3865728655","34,3277773256","R$ 0,15 (23,39%)","1,2992208485",5,"0,4654872764","71,6134271345","R$ 0,47 (71,61%)","R$ 0,47 (71,61%)","636,9733969697","636,9733969697","636,9733969697","636,9733969697","48,0127236258",,,,,,,,,,,,,
YEUEgBYoTCuG7ToZTuNjcg,Maroccacau@gmail.com,Admin,Balão de Cheddar.,"0,65",800,44,"144,32","33,8664516129","104,2627236258","0,1303284045","20,0505237742","34,3277773256","R$ 0,13 (20,05%)","1,2992208485",5,"0,4871715955","74,9494762258","R$ 0,49 (74,95%)","R$ 0,49 (74,95%)","636,9733969697","636,9733969697","636,9733969697","636,9733969697","48,0127236258",,,,,,,,,,,,,
H1Eb4bJhQLSj1UaGMmK.Lg,Maroccacau@gmail.com,Admin,Churros Doce de Leite.,"0,65",800,44,"144,32","33,8664516129","117,2217264368","0,146527158","22,5426396994","34,3277773256","R$ 0,15 (22,54%)","1,2992208485",5,"0,470972842","72,4573603006","R$ 0,47 (72,46%)","R$ 0,47 (72,46%)","636,9733969697","636,9733969697","636,9733969697","636,9733969697","44,3050597701",,,,,,,,,,,,,
mwUgFuhVQlK4lUfgoQ.y3g,Maroccacau@gmail.com,Admin,Carne c/ Requeijão.,"0,65",800,44,"144,32","33,8664516129","104,2627236258","0,1303284045","20,0505237742","34,3277773256","R$ 0,13 (20,05%)","1,2992208485",5,"0,4871715955","74,9494762258","R$ 0,49 (74,95%)","R$ 0,49 (74,95%)","636,9733969697","636,9733969697","636,9733969697","636,9733969697","48,0127236258",,,,,,,,,,,,,
KMIDSJHtTiaweNcNJ2bSLg,maurodutra38@gmail.com,Admin,X salada,"22,9",1,44,"144,32","33,8664516129","6,246","6,246","27,2751091703","34,3277773256","R$ 6,25 (27,28%)","1,2992208485",5,"15,509","67,7248908297","R$ 15,51 (67,72%)","R$ 15,51 (67,72%)","636,9733969697","636,9733969697","636,9733969697","636,9733969697",,,,,,,,,,,,,,
7688PCnKR6GaIcxHThiYNg,lm.luizinho@gmail.com,Admin,Costela,"89,9",30,44,"144,32","33,8664516129",,,,"34,3277773256", (),"1,2992208485",5,"85,405",95,"R$ 85,41 (95,00%)",,"636,9733969697","636,9733969697","636,9733969697","636,9733969697",,,,,,,,,,,,,,
ZaFuGlI0RBetw-9J7Ua6jg,lm.luizinho@gmail.com,Admin,Feijão Tropeiro,"29,9",1,44,"144,32","33,8664516129","8,75","8,75","29,2642140468","34,3277773256","R$ 8,75 (29,26%)","1,2992208485",5,"19,655","65,7357859532","R$ 19,66 (65,74%)","R$ 19,66 (65,74%)","636,9733969697","636,9733969697","636,9733969697","636,9733969697",,,,,,,,,,,,,,
P3dQ3G1cSpOBVv7MdEyAww,lm.luizinho@gmail.com,Admin,Arroz,"15,9",30,44,"144,32","33,8664516129",,,,"34,3277773256", (),"1,2992208485",5,"15,105",95,"R$ 15,11 (95,00%)",,"636,9733969697","636,9733969697","636,9733969697","636,9733969697",,,,,,,,,,,,,,
hJbVvzB6QteKAp0-oH301g,lm.luizinho@gmail.com,Admin,Farofa ,"14,9",30,44,"144,32","33,8664516129",,,,"34,3277773256", (),"1,2992208485",5,"14,155",95,"R$ 14,16 (95,00%)",,"636,9733969697","636,9733969697","636,9733969697","636,9733969697",,,,,,,,,,,,,,
GOd.8d.AR7SPnR8eBrSIOQ,lm.luizinho@gmail.com,Admin,Vinagrete,"15,9",30,44,"144,32","33,8664516129",,,,"34,3277773256", (),"1,2992208485",5,"15,105",95,"R$ 15,11 (95,00%)",,"636,9733969697","636,9733969697","636,9733969697","636,9733969697",,,,,,,,,,,,,,
TZQ5.pveRD6eRNluETE3cg,lm.luizinho@gmail.com,Admin,Costelinha suína ao molho barbecue,"129,9",30,44,"144,32","33,8664516129",,,,"34,3277773256", (),"1,2992208485",5,"123,405",95,"R$ 123,41 (95,00%)",,"636,9733969697","636,9733969697","636,9733969697","636,9733969697",,,,,,,,,,,,,,
g2HGLf-GQWGnKkJmrN7a3g,lm.luizinho@gmail.com,Admin,Ponte de peito,"129,9",30,44,"144,32","33,8664516129",,,,"34,3277773256", (),"1,2992208485",5,"123,405",95,"R$ 123,41 (95,00%)",,"636,9733969697","636,9733969697","636,9733969697","636,9733969697",,,,,,,,,,,,,,
HIrKRi0qRRmscem7IiSWNA,lm.luizinho@gmail.com,Admin,Cupim,"139,9",30,44,"144,32","33,8664516129",,,,"34,3277773256", (),"1,2992208485",5,"132,905",95,"R$ 132,91 (95,00%)",,"636,9733969697","636,9733969697","636,9733969697","636,9733969697",,,,,,,,,,,,,,
w4Kug-dWT1i3pjbFdUU1uA,lm.luizinho@gmail.com,Admin,Combo Costela | Serve até 4 pessoas,"214,9",1,44,"144,32","33,8664516129","61,6513328776","61,6513328776","28,6883819812","34,3277773256","R$ 61,65 (28,69%)","1,2992208485",5,"142,5036671224","66,3116180188","R$ 142,50 (66,31%)","R$ 142,50 (66,31%)","636,9733969697","636,9733969697","636,9733969697","636,9733969697",,,,,,,,,,,,,,
v2rlXKlqTNauFx2aKvTQaQ,lm.luizinho@gmail.com,Admin,Combo simples,"149,9",,44,"144,32","33,8664516129",,,,"34,3277773256", (),"1,2992208485",5,"142,405",95,"R$ 142,41 (95,00%)",,"636,9733969697","636,9733969697","636,9733969697","636,9733969697",,,,,,,,,,,,,,
fmD3KzuLRw662a-6-zSBzw,lm.luizinho@gmail.com,Admin,Combo mini,"119,9",,44,"144,32","33,8664516129",,,,"34,3277773256", (),"1,2992208485",5,"113,905",95,"R$ 113,91 (95,00%)",,"636,9733969697","636,9733969697","636,9733969697","636,9733969697",,,,,,,,,,,,,,
9OM00nDaTC6aEQVUOP-VFA,lm.luizinho@gmail.com,Admin,Combo de Ponta de Peito,"189,9",,44,"144,32","33,8664516129",,,,"34,3277773256", (),"1,2992208485",5,"180,405",95,"R$ 180,41 (95,00%)",,"636,9733969697","636,9733969697","636,9733969697","636,9733969697",,,,,,,,,,,,,,
K0jd6XtFRGSWF.u8LHyM9A,lm.luizinho@gmail.com,Admin,Combo  de Cupim,"189,9",,44,"144,32","33,8664516129",,,,"34,3277773256", (),"1,2992208485",5,"180,405",95,"R$ 180,41 (95,00%)",,"636,9733969697","636,9733969697","636,9733969697","636,9733969697",,,,,,,,,,,,,,
HlyQvaVrTv-uoyKFXSsdSw,Maroccacau@gmail.com,Admin,100 und salgados,"84,9",1,44,"144,32","33,8664516129","28,2951724138","28,2951724138","33,3276471305","34,3277773256","R$ 28,30 (33,33%)","1,2992208485",5,"52,3598275862","61,6723528695","R$ 52,36 (61,67%)","R$ 52,36 (61,67%)","636,9733969697","636,9733969697","636,9733969697","636,9733969697",,,,,,,,,,,,,,
YM9AqScSS8-9qBhVRjHxUA,Maroccacau@gmail.com,Admin,50 Unid. salgados,"44,9",1,44,"144,32","33,8664516129","14,6151724138","14,6151724138","32,5504953537","34,3277773256","R$ 14,62 (32,55%)","1,2992208485",5,"28,0398275862","62,4495046463","R$ 28,04 (62,45%)","R$ 28,04 (62,45%)","636,9733969697","636,9733969697","636,9733969697","636,9733969697",,,,,,,,,,,,,,
WZ4N00z4SSys6b6F1oIlOw,,Admin,,,,44,"144,32","33,8664516129",,,,"34,3277773256", (),"1,2992208485",5,,, (),,"636,9733969697","636,9733969697","636,9733969697","636,9733969697",,,,,,,,,,,,,,
x0xDVi04TcSNyYpGo9vrPg,Maroccacau@gmail.com,Admin,25 und. salgados,"24,9",1,44,"144,32","33,8664516129","7,7901724138","7,7901724138","31,2858329871","34,3277773256","R$ 7,79 (31,29%)","1,2992208485",5,"15,8648275862","63,7141670129","R$ 15,86 (63,71%)","R$ 15,86 (63,71%)","636,9733969697","636,9733969697","636,9733969697","636,9733969697",,,,,,,,,,,,,,
aQMD91JMRiax04015vC6Iw,Maroccacau@gmail.com,Admin,200und. salgados,"154,9",1,44,"144,32","33,8664516129","55,3351724138","55,3351724138","35,7231584337","34,3277773256","R$ 55,34 (35,72%)","1,2992208485",5,"91,8198275862","59,2768415663","R$ 91,82 (59,28%)","R$ 91,82 (59,28%)","636,9733969697","636,9733969697","636,9733969697","636,9733969697",,,,,,,,,,,,,,
vKONkU8pSy6AQ7naSjVuKA,Maroccacau@gmail.com,Admin,50und. churros,"54,9",1,44,"144,32","33,8664516129","16,7951724138","16,7951724138","30,5922994787","34,3277773256","R$ 16,80 (30,59%)","1,2992208485",5,"35,3598275862","64,4077005213","R$ 35,36 (64,41%)","R$ 35,36 (64,41%)","636,9733969697","636,9733969697","636,9733969697","636,9733969697",,,,,,,,,,,,,,
n2ZCZmz1Rk2lnvrvTnExVQ,Maroccacau@gmail.com,Admin,25und. churros,"24,9",1,44,"144,32","33,8664516129","6,7901724138","6,7901724138","27,2697687301","34,3277773256","R$ 6,79 (27,27%)","1,2992208485",5,"16,8648275862","67,7302312699","R$ 16,86 (67,73%)","R$ 16,86 (67,73%)","636,9733969697","636,9733969697","636,9733969697","636,9733969697",,,,,,,,,,,,,,
Vm9uWv-oQcqcJrD5lV7XjQ,Maroccacau@gmail.com,Admin,Combo 100 salgados + 50 churros ,"99,9",1,44,"144,32","33,8664516129","39,6551724138","39,6551724138","39,6948672811","34,3277773256","R$ 39,66 (39,69%)","1,2992208485",5,"55,2498275862","55,3051327189","R$ 55,25 (55,31%)","R$ 55,25 (55,31%)","636,9733969697","636,9733969697","636,9733969697","636,9733969697",,,,,,,,,,,,,,
1ku9jxJtRSm6QptGWKIkSA,Maroccacau@gmail.com,Admin,Combo 50 salgados + 25 churos,"59,9",1,44,"144,32","33,8664516129","20,1501724138","20,1501724138","33,6396868344","34,3277773256","R$ 20,15 (33,64%)","1,2992208485",5,"36,7548275862","61,3603131656","R$ 36,75 (61,36%)","R$ 36,75 (61,36%)","636,9733969697","636,9733969697","636,9733969697","636,9733969697",,,,,,,,,,,,,,
tYc3X8DTROCN6XTmUgldrw,Maroccacau@gmail.com,Admin,combo 200un salgados + 50un churros,"169,9",1,44,"144,32","33,8664516129","66,6951724138","66,6951724138","39,2555458586","34,3277773256","R$ 66,70 (39,26%)","1,2992208485",5,"94,7098275862","55,7444541414","R$ 94,71 (55,74%)","R$ 94,71 (55,74%)","636,9733969697","636,9733969697","636,9733969697","636,9733969697",,,,,,,,,,,,,,
d7BqctaxRoWqIOWRJfvEZg,Maroccacau@gmail.com,Admin,Combo 25un + coca cola lata,"29,9",1,44,"144,32","33,8664516129","10,8401724138","10,8401724138","36,2547572368","34,3277773256","R$ 10,84 (36,25%)","1,2992208485",5,"17,5648275862","58,7452427632","R$ 17,56 (58,75%)","R$ 17,56 (58,75%)","636,9733969697","636,9733969697","636,9733969697","636,9733969697",,,,,,,,,,,,,,
Isp6p3F5TVOiDAq8TkYSdw,Fabinho122039@gmail.com,Admin,Empadão de frango com Catupiry 1k,"52,99",1,44,"144,32","33,8664516129","14,9221","14,9221","28,1602189092","34,3277773256","R$ 14,92 (28,16%)","1,2992208485",5,"35,4184","66,8397810908","R$ 35,42 (66,84%)","R$ 35,42 (66,84%)","636,9733969697","636,9733969697","636,9733969697","636,9733969697","14,7645",,,,,,,,,,,,,
IJfQWDgtSWi7J73QV4EaoQ,Maroccacau@gmail.com,Admin,20un salgados sortidos,"19,9",1,44,"144,32","33,8664516129","6,8401724138","6,8401724138","34,3727256975","34,3277773256","R$ 6,84 (34,37%)","1,2992208485",5,"12,0648275862","60,6272743025","R$ 12,06 (60,63%)","R$ 12,06 (60,63%)","636,9733969697","636,9733969697","636,9733969697","636,9733969697",,,,,,,,,,,,,,
mFpotMJyTiibbXoPlBGpPg,paifilho78@gmail.com,Admin,Pizza Frango com requeijão,"49,99",1,44,"144,32","33,8664516129","14,8876","14,8876","29,7811562312","34,3277773256","R$ 14,89 (29,78%)","1,2992208485",5,"32,6029","65,2188437688","R$ 32,60 (65,22%)","R$ 32,60 (65,22%)","636,9733969697","636,9733969697","636,9733969697","636,9733969697",,,,,,,,,,,,,,
HCV5.OYpRIqDJ7GQ4fkxjQ,maurodutra38@gmail.com,Admin,Salada especial,"24,9",1,44,"144,32","33,8664516129","9,6835","9,6835","38,8895582329","34,3277773256","R$ 9,68 (38,89%)","1,2992208485",5,"13,9715","56,1104417671","R$ 13,97 (56,11%)","R$ 13,97 (56,11%)","636,9733969697","636,9733969697","636,9733969697","636,9733969697",,,,,,,,,,,,,,
Myu7inXXRxacf.SVXhqCPQ,Maroccacau@gmail.com,Admin,100 und de churros,"74,9",1,44,"144,32","33,8664516129","24,2951724138","24,2951724138","32,4368123015","34,3277773256","R$ 24,30 (32,44%)","1,2992208485",5,"46,8598275862","62,5631876985","R$ 46,86 (62,56%)","R$ 46,86 (62,56%)","636,9733969697","636,9733969697","636,9733969697","636,9733969697",,,,,,,,,,,,,,
0XU7UkjuQ5Cf0-CJ8avMiQ,maurodutra38@gmail.com,Admin,X burguer ,17,1,44,"144,32","33,8664516129","7,468","7,468","43,9294117647","34,3277773256","R$ 7,47 (43,93%)","1,2992208485",5,"8,682","51,0705882353","R$ 8,68 (51,07%)","R$ 8,68 (51,07%)","636,9733969697","636,9733969697","636,9733969697","636,9733969697",,,,,,,,,,,,,,
YMIR40D-QTGI95nuuTnSPQ,maurodutra38@gmail.com,Admin,Cachorro quente especial ,20,1,44,"144,32","33,8664516129","6,5773035714","6,5773035714","32,8865178571","34,3277773256","R$ 6,58 (32,89%)","1,2992208485",5,"12,4226964286","62,1134821429","R$ 12,42 (62,11%)","R$ 12,42 (62,11%)","636,9733969697","636,9733969697","636,9733969697","636,9733969697",,,,,,,,,,,,,,
vmrCfsgaQ-eg-DXt-PwEcQ,maurodutra38@gmail.com,Admin,Chara,29,1,44,"144,32","33,8664516129","9,693","9,693","33,424137931","34,3277773256","R$ 9,69 (33,42%)","1,2992208485",5,"17,857","61,575862069","R$ 17,86 (61,58%)","R$ 17,86 (61,58%)","636,9733969697","636,9733969697","636,9733969697","636,9733969697",,,,,,,,,,,,,,
V8rjPVe9Rle6Or8HT.behg,maurodutra38@gmail.com,Admin,X burguer duplo ,"24,9",1,44,"144,32","33,8664516129","11,698","11,698","46,9799196787","34,3277773256","R$ 11,70 (46,98%)","1,2992208485",5,"11,957","48,0200803213","R$ 11,96 (48,02%)","R$ 11,96 (48,02%)","636,9733969697","636,9733969697","636,9733969697","636,9733969697",,,,,,,,,,,,,,
jVH4eBEsQZikOh0-iWwUig,paifilho78@gmail.com,Admin,Pizza Milho com bacon,"47,99",1,44,"144,32","33,8664516129","12,5055703704","12,5055703704","26,0587005009","34,3277773256","R$ 12,51 (26,06%)","1,2992208485",5,"33,0849296296","68,9412994991","R$ 33,08 (68,94%)","R$ 33,08 (68,94%)","636,9733969697","636,9733969697","636,9733969697","636,9733969697",,,,,,,,,,,,,,
SS3SpPHIQB6ISrUarqR3mg,uaibraunie@gmail.com,Admin,Lanche Felix,"34,9",1,44,"144,32","33,8664516129","10,7","10,7","30,659025788","34,3277773256","R$ 10,70 (30,66%)","1,2992208485",5,"22,455","64,340974212","R$ 22,46 (64,34%)","R$ 22,46 (64,34%)","636,9733969697","636,9733969697","636,9733969697","636,9733969697",,,,,,,,,,,,,,
kuDEAfyVQLCmkxtU3.B4Eg,uaibraunie@gmail.com,Admin,Pão de Queijo + Brownie+ Coca Cola,"29,9",1,44,"144,32","33,8664516129","8,44","8,44","28,2274247492","34,3277773256","R$ 8,44 (28,23%)","1,2992208485",5,"19,965","66,7725752508","R$ 19,96 (66,77%)","R$ 19,96 (66,77%)","636,9733969697","636,9733969697","636,9733969697","636,9733969697",,,,,,,,,,,,,,
7hbOPg9USaqyst7W4sqDKQ,Maroccacau@gmail.com,Admin,combo casal - 30 salgados + 2 coca cola lata,"44,9",1,44,"144,32","33,8664516129","16,1001724138","16,1001724138","35,8578450196","34,3277773256","R$ 16,10 (35,86%)","1,2992208485",5,"26,5548275862","59,1421549804","R$ 26,55 (59,14%)","R$ 26,55 (59,14%)","636,9733969697","636,9733969697","636,9733969697","636,9733969697",,,,,,,,,,,,,,
yZNvJ1vHSC63bB-vaWcChA,larissarodriguespiai@gmail.com,Admin,Combo 1.8l,"69,9",1,44,"144,32","33,8664516129","29,46","29,46","42,1459227468","34,3277773256","R$ 29,46 (42,15%)","1,2992208485",5,"36,945","52,8540772532","R$ 36,95 (52,85%)","R$ 36,95 (52,85%)","636,9733969697","636,9733969697","636,9733969697","636,9733969697",,,,,,,,,,,,,,
TGAS2PfZQaSRighmF-wiPg,Fabinho122039@gmail.com,Admin,empadao de frango/ catupiry 500g,"34,99",500,44,"144,32","33,8664516129","13,1684","0,0263368","0,0752695056","34,3277773256","R$ 0,03 (0,08%)","1,2992208485",5,"33,2141632","94,9247304944","R$ 33,21 (94,92%)","R$ 33,21 (94,92%)","636,9733969697","636,9733969697","636,9733969697","636,9733969697","6,9684",,,,,,,,,,,,,
HCzHFkH2SpOPoBNaxynShQ,Fabinho122039@gmail.com,Admin,empadao 750g,"38,99",750,44,"144,32","33,8664516129","19,575","0,0261","0,0669402411","34,3277773256","R$ 0,03 (0,07%)","1,2992208485",5,"37,0144","94,9330597589","R$ 37,01 (94,93%)","R$ 37,01 (94,93%)","636,9733969697","636,9733969697","636,9733969697","636,9733969697","9,785",,,,,,,,,,,,,
MfMnTdWKQn6hIHDrGVOFyA,Fabinho122039@gmail.com,Admin,empadao de camarao 1k,"64,99",1000,44,"144,32","33,8664516129","59,4234","0,0594234","0,0914346823","34,3277773256","R$ 0,06 (0,09%)","1,2992208485",5,"61,6810766","94,9085653177","R$ 61,68 (94,91%)","R$ 61,68 (94,91%)","636,9733969697","636,9733969697","636,9733969697","636,9733969697","19,8018",,,,,,,,,,,,,
DkzVLhbUToiVCla.RhwSmA,Fabinho122039@gmail.com,Admin,empadinha 24 unIDADES,"34,99",24,44,"144,32","33,8664516129","4,7699933333","0,1987497222","0,5680186402","34,3277773256","R$ 0,20 (0,57%)","1,2992208485",5,"33,0417502778","94,4319813598","R$ 33,04 (94,43%)","R$ 33,04 (94,43%)","636,9733969697","636,9733969697","636,9733969697","636,9733969697","4,57916",,,,,,,,,,,,,
qfHOJgllReaKuQNEZUijyQ,Fabinho122039@gmail.com,Admin,mini pastel,"34,99",24,44,"144,32","33,8664516129","3,9232529592","0,1634688733","0,4671874058","34,3277773256","R$ 0,16 (0,47%)","1,2992208485",5,"33,0770311267","94,5328125942","R$ 33,08 (94,53%)","R$ 33,08 (94,53%)","636,9733969697","636,9733969697","636,9733969697","636,9733969697","3,9071624242",,,,,,,,,,,,,
mHv.O48iQvu-vTk93DfDvg,Fabinho122039@gmail.com,Admin,escondidinho de frango 1k,"57,99",1,44,"144,32","33,8664516129","13,28127","13,28127","22,902690119","34,3277773256","R$ 13,28 (22,90%)","1,2992208485",5,"41,80923","72,097309881","R$ 41,81 (72,10%)","R$ 41,81 (72,10%)","636,9733969697","636,9733969697","636,9733969697","636,9733969697","13,268",,,,,,,,,,,,,
fo813dYQQxeSO1us73to7g,Fabinho122039@gmail.com,Admin,escondidinho de camarao 1k,"64,99",1,44,"144,32","33,8664516129","21,0797","21,0797","32,4352977381","34,3277773256","R$ 21,08 (32,44%)","1,2992208485",5,"40,6608","62,5647022619","R$ 40,66 (62,56%)","R$ 40,66 (62,56%)","636,9733969697","636,9733969697","636,9733969697","636,9733969697","20,871",,,,,,,,,,,,,
nFBADf1MQwWn1tJvFGiROA,Fabinho122039@gmail.com,Admin,quiche de alho poro,"54,99",1,44,"144,32","33,8664516129","14,05064","14,05064","25,5512638662","34,3277773256","R$ 14,05 (25,55%)","1,2992208485",5,"38,18986","69,4487361338","R$ 38,19 (69,45%)","R$ 38,19 (69,45%)","636,9733969697","636,9733969697","636,9733969697","636,9733969697","14,0366",,,,,,,,,,,,,
qJlHooWvQQqdxZcuGyi68A,Fabinho122039@gmail.com,Admin,combo fricasse 600 g,"39,99",600,44,"144,32","33,8664516129","19,5829166667","0,0326381944","0,0816158901","34,3277773256","R$ 0,03 (0,08%)","1,2992208485",5,"37,9578618056","94,9183841099","R$ 37,96 (94,92%)","R$ 37,96 (94,92%)","636,9733969697","636,9733969697","636,9733969697","636,9733969697","19,5503333333",,,,,,,,,,,,,
YVCGDs06RHyuLuSwReolPA,cayo.casa@gmail.com,,Pastel de Presunto Grande,"10,99",1,44,"144,32","33,8664516129","32,8266666667","32,8266666667","298,6957840461","34,3277773256","R$ 32,83 (298,70%)","1,2992208485",5,"-22,3861666667","-203,6957840461","R$ -22,39 (-203,70%)","R$ -22,39 (-203,70%)","636,9733969697","636,9733969697","636,9733969697","636,9733969697",,,,,,,,,,,,,,
rUsXPX4oSuu7aAZTVzikyA,maurodutra38@gmail.com,Admin,Jatobá especial ,27,1,44,"144,32","33,8664516129","7,0154","7,0154","25,982962963","34,3277773256","R$ 7,02 (25,98%)","1,2992208485",5,"18,6346","69,017037037","R$ 18,63 (69,02%)","R$ 18,63 (69,02%)","636,9733969697","636,9733969697","636,9733969697","636,9733969697",,,,,,,,,,,,,,
Es8uBfeASQabpxmN6FvF3w,joaopurificacao26@gmail.com,Admin,CAMARÃO BURGUER,32,1,44,"144,32","33,8664516129","13,9159701587","13,9159701587","43,487406746","34,3277773256","R$ 13,92 (43,49%)","1,2992208485",5,"16,4840298413","51,512593254","R$ 16,48 (51,51%)","R$ 16,48 (51,51%)","636,9733969697","636,9733969697","636,9733969697","636,9733969697",,,,,,,,,,,,,,
aCzcvbgTQeufBSx05ffZHg,joaopurificacao26@gmail.com,Admin,BATATA 120G,"13,9",1,44,"144,32","33,8664516129","6,88324","6,88324","49,5197122302","34,3277773256","R$ 6,88 (49,52%)","1,2992208485",5,"6,32176","45,4802877698","R$ 6,32 (45,48%)","R$ 6,32 (45,48%)","636,9733969697","636,9733969697","636,9733969697","636,9733969697",,,,,,,,,,,,,,
DvAw-SS4RSOamipIb1U61A,joaopurificacao26@gmail.com,Admin,COMBO KIDS,34,1,44,"144,32","33,8664516129","11,8063971219","11,8063971219","34,7246974173","34,3277773256","R$ 11,81 (34,72%)","1,2992208485",5,"20,4936028781","60,2753025827","R$ 20,49 (60,28%)","R$ 20,49 (60,28%)","636,9733969697","636,9733969697","636,9733969697","636,9733969697",,,,,,,,,,,,,,
bOhJ7Az7RoCo0D6.ccyDNg,joaopurificacao26@gmail.com,Admin,CHURROS COM SORVETE,22,1,44,"144,32","33,8664516129","10,625","10,625","48,2954545455","34,3277773256","R$ 10,63 (48,30%)","1,2992208485",5,"10,275","46,7045454545","R$ 10,28 (46,70%)","R$ 10,28 (46,70%)","636,9733969697","636,9733969697","636,9733969697","636,9733969697",,,,,,,,,,,,,,
qN66HgGRSliTSVnP.P255Q,joaopurificacao26@gmail.com,Admin,BOLINHO DE CHARQUE,16,1,44,"144,32","33,8664516129","13,8083333333","13,8083333333","86,3020833333","34,3277773256","R$ 13,81 (86,30%)","1,2992208485",5,"1,3916666667","8,6979166667","R$ 1,39 (8,70%)","R$ 1,39 (8,70%)","636,9733969697","636,9733969697","636,9733969697","636,9733969697",,,,,,,,,,,,,,
oZFyd8fiT7qHgDzLPpToAA,joaopurificacao26@gmail.com,Admin,BOLINHO DE CAMARÃO,17,1,44,"144,32","33,8664516129","12,825","12,825","75,4411764706","34,3277773256","R$ 12,83 (75,44%)","1,2992208485",5,"3,325","19,5588235294","R$ 3,32 (19,56%)","R$ 3,32 (19,56%)","636,9733969697","636,9733969697","636,9733969697","636,9733969697",,,,,,,,,,,,,,
WGrMAE9bRN28eESya9Q4bA,joaopurificacao26@gmail.com,Admin,BOLINHO KBES,15,1,44,"144,32","33,8664516129","14,8142857143","14,8142857143","98,7619047619","34,3277773256","R$ 14,81 (98,76%)","1,2992208485",5,"-0,5642857143","-3,7619047619","R$ -0,56 (-3,76%)","R$ -0,56 (-3,76%)","636,9733969697","636,9733969697","636,9733969697","636,9733969697",,,,,,,,,,,,,,
Sy2MMkBtQXegK2RrDy6OFQ,joaopurificacao26@gmail.com,Admin,PORÇÃO DE ONIONS RINGS,16,1,44,"144,32","33,8664516129","7,6737161905","7,6737161905","47,9607261905","34,3277773256","R$ 7,67 (47,96%)","1,2992208485",5,"7,5262838095","47,0392738095","R$ 7,53 (47,04%)","R$ 7,53 (47,04%)","636,9733969697","636,9733969697","636,9733969697","636,9733969697",,,,,,,,,,,,,,
tMYhrPPrTqakCvdmD7p.qA,joaopurificacao26@gmail.com,Admin,COCA LATA 350ML,8,1,44,"144,32","33,8664516129","3,0833333333","3,0833333333","38,5416666667","34,3277773256","R$ 3,08 (38,54%)","1,2992208485",5,"4,5166666667","56,4583333333","R$ 4,52 (56,46%)","R$ 4,52 (56,46%)","636,9733969697","636,9733969697","636,9733969697","636,9733969697",,,,,,,,,,,,,,
QAwh9awxQsefUjurD0qgsw,joaopurificacao26@gmail.com,Admin,COCA LATA ZERO 350ML,8,1,44,"144,32","33,8664516129","3,0833333333","3,0833333333","38,5416666667","34,3277773256","R$ 3,08 (38,54%)","1,2992208485",5,"4,5166666667","56,4583333333","R$ 4,52 (56,46%)","R$ 4,52 (56,46%)","636,9733969697","636,9733969697","636,9733969697","636,9733969697",,,,,,,,,,,,,,
dgIR5EkDTkuW6O6eRcc0mg,joaopurificacao26@gmail.com,Admin,COCA COLA 1L,11,1,44,"144,32","33,8664516129","6,1666666667","6,1666666667","56,0606060606","34,3277773256","R$ 6,17 (56,06%)","1,2992208485",5,"4,2833333333","38,9393939394","R$ 4,28 (38,94%)","R$ 4,28 (38,94%)","636,9733969697","636,9733969697","636,9733969697","636,9733969697",,,,,,,,,,,,,,
lpnQyvhDTeSH7JuKkZuNAw,joaopurificacao26@gmail.com,Admin,COCA COLA 1L ZERO,11,1,44,"144,32","33,8664516129","6,1666666667","6,1666666667","56,0606060606","34,3277773256","R$ 6,17 (56,06%)","1,2992208485",5,"4,2833333333","38,9393939394","R$ 4,28 (38,94%)","R$ 4,28 (38,94%)","636,9733969697","636,9733969697","636,9733969697","636,9733969697",,,,,,,,,,,,,,
0SdwT5bPSFmNylEvSI8ewg,joaopurificacao26@gmail.com,Admin,GUARANÁ 350ML,8,1,44,"144,32","33,8664516129","2,5","2,5","31,25","34,3277773256","R$ 2,50 (31,25%)","1,2992208485",5,"5,1","63,75","R$ 5,10 (63,75%)","R$ 5,10 (63,75%)","636,9733969697","636,9733969697","636,9733969697","636,9733969697",,,,,,,,,,,,,,
Ti6hX2HAQ7Oo3dNb6QpFWQ,joaopurificacao26@gmail.com,Admin,GUARANÁ 1L,10,1,44,"144,32","33,8664516129","4,3333333333","4,3333333333","43,3333333333","34,3277773256","R$ 4,33 (43,33%)","1,2992208485",5,"5,1666666667","51,6666666667","R$ 5,17 (51,67%)","R$ 5,17 (51,67%)","636,9733969697","636,9733969697","636,9733969697","636,9733969697",,,,,,,,,,,,,,
gzdG5uDsTmCVZtlZ3vsNpg,michelechelle9@gmail.com,,Afogado G,29,12,44,"144,32","33,8664516129",,,,"34,3277773256", (),"1,2992208485",5,"27,55",95,"R$ 27,55 (95,00%)",,"636,9733969697","636,9733969697","636,9733969697","636,9733969697",,,,,,,,,,,,,,
XAa8tShsSiK1QkxvKpt09Q,michelechelle9@gmail.com,,afogado,29,1,44,"144,32","33,8664516129",,,,"34,3277773256", (),"1,2992208485",5,"27,55",95,"R$ 27,55 (95,00%)",,"636,9733969697","636,9733969697","636,9733969697","636,9733969697",,,,,,,,,,,,,,
YepRDnJZTi2krQh7XgVCLg,michelechelle9@gmail.com,,Executivo,20,1,44,"144,32","33,8664516129",,,,"34,3277773256", (),"1,2992208485",5,19,95,"R$ 19,00 (95,00%)",,"636,9733969697","636,9733969697","636,9733969697","636,9733969697",,,,,,,,,,,,,,
a-V4gm9ojSqGNk45otOtTnw,michelechelle9@gmail.com,,italiano G,"19,5",1,44,"144,32","33,8664516129",,,,"34,3277773256", (),"1,2992208485",5,"18,525",95,"R$ 18,53 (95,00%)",,"636,9733969697","636,9733969697","636,9733969697","636,9733969697",,,,,,,,,,,,,,
oP9zzEMXRaWrB2I06SWYdw,michelechelle9@gmail.com,,Portuguesa,17,1,44,"144,32","33,8664516129",,,,"34,3277773256", (),"1,2992208485",5,"16,15",95,"R$ 16,15 (95,00%)",,"636,9733969697","636,9733969697","636,9733969697","636,9733969697",,,,,,,,,,,,,,
2i273iEdT2CMachGlqgcMA,janetenorio78@gmail.com,,PARME FRANGO,"29,9",1,44,"144,32","33,8664516129","10,675","10,675","35,7023411371","34,3277773256","R$ 10,67 (35,70%)","1,2992208485",5,"17,73","59,2976588629","R$ 17,73 (59,30%)","R$ 17,73 (59,30%)","636,9733969697","636,9733969697","636,9733969697","636,9733969697",,,,,,,,,,,,,,
eFynud8SRVqjeH0HjdQRmQ,joaopurificacao26@gmail.com,Admin,COCA CASCO 1L,11,1,44,"144,32","33,8664516129","4,1666666667","4,1666666667","37,8787878788","34,3277773256","R$ 4,17 (37,88%)","1,2992208485",5,"6,2833333333","57,1212121212","R$ 6,28 (57,12%)","R$ 6,28 (57,12%)","636,9733969697","636,9733969697","636,9733969697","636,9733969697",,,,,,,,,,,,,,
mZzGMXT3SrqStFtILi-uGA,joaopurificacao26@gmail.com,Admin,ÁGUA C/GÁS,"3,5",1,44,"144,32","33,8664516129","1,3333333333","1,3333333333","38,0952380952","34,3277773256","R$ 1,33 (38,10%)","1,2992208485",5,"1,9916666667","56,9047619048","R$ 1,99 (56,90%)","R$ 1,99 (56,90%)","636,9733969697","636,9733969697","636,9733969697","636,9733969697",,,,,,,,,,,,,,
axC-8iI7R-KjLOWL4-B76g,joaopurificacao26@gmail.com,Admin,ÁGUA/S GÁS,3,1,44,"144,32","33,8664516129","0,8333333333","0,8333333333","27,7777777778","34,3277773256","R$ 0,83 (27,78%)","1,2992208485",5,"2,0166666667","67,2222222222","R$ 2,02 (67,22%)","R$ 2,02 (67,22%)","636,9733969697","636,9733969697","636,9733969697","636,9733969697",,,,,,,,,,,,,,
a.2By6RwgTdefjW1iTjdggw,joaopurificacao26@gmail.com,Admin,GUARANÁ LATA ZERO,8,1,44,"144,32","33,8664516129","2,6666666667","2,6666666667","33,3333333333","34,3277773256","R$ 2,67 (33,33%)","1,2992208485",5,"4,9333333333","61,6666666667","R$ 4,93 (61,67%)","R$ 4,93 (61,67%)","636,9733969697","636,9733969697","636,9733969697","636,9733969697",,,,,,,,,,,,,,
R3r6DIVURBSbnN7xtnsaKA,joaopurificacao26@gmail.com,Admin,FANTA LATA 350ML,8,1,44,"144,32","33,8664516129","2,8333333333","2,8333333333","35,4166666667","34,3277773256","R$ 2,83 (35,42%)","1,2992208485",5,"4,7666666667","59,5833333333","R$ 4,77 (59,58%)","R$ 4,77 (59,58%)","636,9733969697","636,9733969697","636,9733969697","636,9733969697",,,,,,,,,,,,,,
utym6FNhTLyQx4CAuST2AQ,joaopurificacao26@gmail.com,Admin,H2O LIMONETO,"8,5",1,44,"144,32","33,8664516129","4,1666666667","4,1666666667","49,0196078431","34,3277773256","R$ 4,17 (49,02%)","1,2992208485",5,"3,9083333333","45,9803921569","R$ 3,91 (45,98%)","R$ 3,91 (45,98%)","636,9733969697","636,9733969697","636,9733969697","636,9733969697",,,,,,,,,,,,,,
UDRrqq9-SIKhFEAstOCLAQ,joaopurificacao26@gmail.com,Admin,H2O LIMÃO,"8,5",1,44,"144,32","33,8664516129","4,1666666667","4,1666666667","49,0196078431","34,3277773256","R$ 4,17 (49,02%)","1,2992208485",5,"3,9083333333","45,9803921569","R$ 3,91 (45,98%)","R$ 3,91 (45,98%)","636,9733969697","636,9733969697","636,9733969697","636,9733969697",,,,,,,,,,,,,,
m-Wv2vtsQmurTjHZgW1M7A,PIZZALIRAPINDA@GMAIL.COM,,Pizza Grande Calabresa,49,1,44,"144,32","33,8664516129","12,9608888889","12,9608888889","26,4507936508","34,3277773256","R$ 12,96 (26,45%)","1,2992208485",5,"33,5891111111","68,5492063492","R$ 33,59 (68,55%)","R$ 33,59 (68,55%)","636,9733969697","636,9733969697","636,9733969697","636,9733969697",,,,,,,,,,,,,,
RMy3Ln1XRq2QGRe1zIUZfA,adrianorissi10@gmail.com,,Marmita Tradicional de Frango à Milanesa,"26,9",1,44,"144,32","33,8664516129","4,9865","4,9865","18,5371747212","34,3277773256","R$ 4,99 (18,54%)","1,2992208485",5,"20,5685","76,4628252788","R$ 20,57 (76,46%)","R$ 20,57 (76,46%)","636,9733969697","636,9733969697","636,9733969697","636,9733969697",,,,,,,,,,,,,,
8-LH1CNHR22zLUKZAmye2g,livingnaturalgastronomia@outlook.com,Admin,Frango á Passarinho,"28,9",1,44,"144,32","33,8664516129","18,9545","18,9545","65,5865051903","34,3277773256","R$ 18,95 (65,59%)","1,2992208485",5,"8,5005","29,4134948097","R$ 8,50 (29,41%)","R$ 8,50 (29,41%)","636,9733969697","636,9733969697","636,9733969697","636,9733969697",,,,,,,,,,,,,,
FCwZ9-3iRd-IW1.r696gig,jowbad3la@gmail.com,,Filé de Frango a Milanesa P (Sem Salada),"27,99",1,44,"144,32","33,8664516129","6,2","6,2","22,1507681315","34,3277773256","R$ 6,20 (22,15%)","1,2992208485",5,"20,3905","72,8492318685","R$ 20,39 (72,85%)","R$ 20,39 (72,85%)","636,9733969697","636,9733969697","636,9733969697","636,9733969697",,,,,,,,,,,,,,
wgkROkKARAOVFyZYWZ1HZg,frutosdegoiasinga@gmail.com,,Picolé Tradicional,"13,5",1,44,"144,32","33,8664516129",4,4,"29,6296296296","34,3277773256","R$ 4,00 (29,63%)","1,2992208485",5,"8,825","65,3703703704","R$ 8,83 (65,37%)","R$ 8,83 (65,37%)","636,9733969697","636,9733969697","636,9733969697","636,9733969697",,,,,,,,,,,,,,
WemYoUITTpWw8ZBf1YJ3VA,frutosdegoiasinga@gmail.com,,Picolé Especial,"17,42",1,44,"144,32","33,8664516129","5,5","5,5","31,5729047072","34,3277773256","R$ 5,50 (31,57%)","1,2992208485",5,"11,049","63,4270952928","R$ 11,05 (63,43%)","R$ 11,05 (63,43%)","636,9733969697","636,9733969697","636,9733969697","636,9733969697",,,,,,,,,,,,,,
ELlMT8BbQbKVi09wuaghpQ,frutosdegoiasinga@gmail.com,,PALETA,"25,7",1,44,"144,32","33,8664516129","10,9","10,9","42,4124513619","34,3277773256","R$ 10,90 (42,41%)","1,2992208485",5,"13,515","52,5875486381","R$ 13,51 (52,59%)","R$ 13,51 (52,59%)","636,9733969697","636,9733969697","636,9733969697","636,9733969697",,,,,,,,,,,,,,
s1BFZBjcQ-WuSm98srlVow,frutosdegoiasinga@gmail.com,,PICOLÉ KID,"7,11",1,44,"144,32","33,8664516129",2,2,"28,129395218","34,3277773256","R$ 2,00 (28,13%)","1,2992208485",5,"4,7545","66,870604782","R$ 4,75 (66,87%)","R$ 4,75 (66,87%)","636,9733969697","636,9733969697","636,9733969697","636,9733969697",,,,,,,,,,,,,,
zj23iGBuSCmkmGF4-AzjVQ,frutosdegoiasinga@gmail.com,,PICOLÉ ZERO AÇUCAR,"17,12",1,44,"144,32","33,8664516129","5,5","5,5","32,1261682243","34,3277773256","R$ 5,50 (32,13%)","1,2992208485",5,"10,764","62,8738317757","R$ 10,76 (62,87%)","R$ 10,76 (62,87%)","636,9733969697","636,9733969697","636,9733969697","636,9733969697",,,,,,,,,,,,,,
P9f2FTSTRe2wAXBs4baEUg,frutosdegoiasinga@gmail.com,,SORV POTE TRADICIONAL,"79,99",1,44,"144,32","33,8664516129","23,6666666667","23,6666666667","29,5870317123","34,3277773256","R$ 23,67 (29,59%)","1,2992208485",5,"52,3238333333","65,4129682877","R$ 52,32 (65,41%)","R$ 52,32 (65,41%)","636,9733969697","636,9733969697","636,9733969697","636,9733969697",,,,,,,,,,,,,,
VEZARV5bR-aFeOm7waKj6Q,frutosdegoiasinga@gmail.com,,SORV POTE PREMIUM,"94,28",1,44,"144,32","33,8664516129","27,3333333333","27,3333333333","28,99165606","34,3277773256","R$ 27,33 (28,99%)","1,2992208485",5,"62,2326666667","66,00834394","R$ 62,23 (66,01%)","R$ 62,23 (66,01%)","636,9733969697","636,9733969697","636,9733969697","636,9733969697",,,,,,,,,,,,,,
2ZcTRnO8T4iNnProPviQig,frutosdegoiasinga@gmail.com,,SORV TRADICIONAL/PESO,114,1,44,"144,32","33,8664516129","24,89","24,89","21,8333333333","34,3277773256","R$ 24,89 (21,83%)","1,2992208485",5,"83,41","73,1666666667","R$ 83,41 (73,17%)","R$ 83,41 (73,17%)","636,9733969697","636,9733969697","636,9733969697","636,9733969697",,,,,,,,,,,,,,
MmFduoPNTPC47NY.IVB4Sw,frutosdegoiasinga@gmail.com,,SORV PREMIUM/PESO,"120,33",1,44,"144,32","33,8664516129","29,11","29,11","24,1918058672","34,3277773256","R$ 29,11 (24,19%)","1,2992208485",5,"85,2035","70,8081941328","R$ 85,20 (70,81%)","R$ 85,20 (70,81%)","636,9733969697","636,9733969697","636,9733969697","636,9733969697",,,,,,,,,,,,,,
69KJDAzRSduTraPU.hfdww,frutosdegoiasinga@gmail.com,,AÇAÍ ZERO LACTOSE,"120,33",1,44,"144,32","33,8664516129","32,55","32,55","27,0506108202","34,3277773256","R$ 32,55 (27,05%)","1,2992208485",5,"81,7635","67,9493891798","R$ 81,76 (67,95%)","R$ 81,76 (67,95%)","636,9733969697","636,9733969697","636,9733969697","636,9733969697",,,,,,,,,,,,,,
RSdLq02nT2KCZtmifN6QqA,frutosdegoiasinga@gmail.com,,"AÇAÍ 1,5L ZERO LACTOSE/POTE ","128,55",1,44,"144,32","33,8664516129",52,52,"40,4511863088","34,3277773256","R$ 52,00 (40,45%)","1,2992208485",5,"70,1225","54,5488136912","R$ 70,12 (54,55%)","R$ 70,12 (54,55%)","636,9733969697","636,9733969697","636,9733969697","636,9733969697",,,,,,,,,,,,,,
lwKrIJByRKm91w1xRSbaag,frutosdegoiasinga@gmail.com,,AÇAÍ 250ML ZERO LACTOSE/POTE,"27,9",1,44,"144,32","33,8664516129","9,3","9,3","33,3333333333","34,3277773256","R$ 9,30 (33,33%)","1,2992208485",5,"17,205","61,6666666667","R$ 17,21 (61,67%)","R$ 17,21 (61,67%)","636,9733969697","636,9733969697","636,9733969697","636,9733969697",,,,,,,,,,,,,,
kKjDawGPTHGpAtY1u41G8g,frutosdegoiasinga@gmail.com,,AÇAÍ ZERO AÇUCAR/PESO,"113,99",1,44,"144,32","33,8664516129",58,58,"50,8816562856","34,3277773256","R$ 58,00 (50,88%)","1,2992208485",5,"50,2905","44,1183437144","R$ 50,29 (44,12%)","R$ 50,29 (44,12%)","636,9733969697","636,9733969697","636,9733969697","636,9733969697",,,,,,,,,,,,,,
2C7EDlDWSlWJaDS0MoIQrg,frutosdegoiasinga@gmail.com,,AÇAÍ 1L ZERO AÇUCAR/POTE,"120,33",1,44,"144,32","33,8664516129",58,58,"48,2007811851","34,3277773256","R$ 58,00 (48,20%)","1,2992208485",5,"56,3135","46,7992188149","R$ 56,31 (46,80%)","R$ 56,31 (46,80%)","636,9733969697","636,9733969697","636,9733969697","636,9733969697",,,,,,,,,,,,,,
I8DabcQjT0W3kLqVisU2Xg,frutosdegoiasinga@gmail.com,,AÇAÍ PREMIUM/PESO,"120,33",1,44,"144,32","33,8664516129","36,77","36,77","30,5576331754","34,3277773256","R$ 36,77 (30,56%)","1,2992208485",5,"77,5435","64,4423668246","R$ 77,54 (64,44%)","R$ 77,54 (64,44%)","636,9733969697","636,9733969697","636,9733969697","636,9733969697",,,,,,,,,,,,,,
A8vfQ7UZRHS81uguJyF9MQ,frutosdegoiasinga@gmail.com,,"AÇAÍ PREMIUM 1,5L/POTE","142,84",1,44,"144,32","33,8664516129",58,58,"40,6048725847","34,3277773256","R$ 58,00 (40,60%)","1,2992208485",5,"77,698","54,3951274153","R$ 77,70 (54,40%)","R$ 77,70 (54,40%)","636,9733969697","636,9733969697","636,9733969697","636,9733969697",,,,,,,,,,,,,,
I3rpyMeKTyGCWHrBE5ZGmw,frutosdegoiasinga@gmail.com,,AÇAÍ PREMIUM 250ML,"33,92",1,44,"144,32","33,8664516129","11,2","11,2","33,0188679245","34,3277773256","R$ 11,20 (33,02%)","1,2992208485",5,"21,024","61,9811320755","R$ 21,02 (61,98%)","R$ 21,02 (61,98%)","636,9733969697","636,9733969697","636,9733969697","636,9733969697",,,,,,,,,,,,,,
uIxc.RxERPaUXih4B.yzHA,frutosdegoiasinga@gmail.com,,MilkShake 300ml,"35,99",1,44,"144,32","33,8664516129","8,55","8,55","23,7565990553","34,3277773256","R$ 8,55 (23,76%)","1,2992208485",5,"25,6405","71,2434009447","R$ 25,64 (71,24%)","R$ 25,64 (71,24%)","636,9733969697","636,9733969697","636,9733969697","636,9733969697",,,,,,,,,,,,,,
f3zlpzpgSmykaPg19Vk0wQ,frutosdegoiasinga@gmail.com,,MilkShake 400ml,"47,99",1,44,"144,32","33,8664516129",12,12,"25,0052094186","34,3277773256","R$ 12,00 (25,01%)","1,2992208485",5,"33,5905","69,9947905814","R$ 33,59 (69,99%)","R$ 33,59 (69,99%)","636,9733969697","636,9733969697","636,9733969697","636,9733969697",,,,,,,,,,,,,,
FXgtSXrkRdyVMjwQZYd5QQ,frutosdegoiasinga@gmail.com,,MilkShake 500ml,"59,99",1,44,"144,32","33,8664516129","14,5","14,5","24,1706951159","34,3277773256","R$ 14,50 (24,17%)","1,2992208485",5,"42,4905","70,8293048841","R$ 42,49 (70,83%)","R$ 42,49 (70,83%)","636,9733969697","636,9733969697","636,9733969697","636,9733969697",,,,,,,,,,,,,,
ZOfZeN9fQJGxGK7KFOfJLA,fabriciogguedes@hotmail.com,,Pizza Grande Calabresa,"55,9",1,44,"144,32","33,8664516129","13,922","13,922","24,9051878354","34,3277773256","R$ 13,92 (24,91%)","1,2992208485",5,"39,183","70,0948121646","R$ 39,18 (70,09%)","R$ 39,18 (70,09%)","636,9733969697","636,9733969697","636,9733969697","636,9733969697",,,,,,,,,,,,,,
LKPcZK2OQZ2kfFzK-3ICAQ,fabriciogguedes@hotmail.com,,Pizza em Dobro de Calabresa,"89,9",1,44,"144,32","33,8664516129","8,14","8,14","9,0545050056","34,3277773256","R$ 8,14 (9,05%)","1,2992208485",5,"77,265","85,9454949944","R$ 77,27 (85,95%)","R$ 77,27 (85,95%)","636,9733969697","636,9733969697","636,9733969697","636,9733969697",,,,,,,,,,,,,,
VvHdGxdUQgKTauWMzgXoQQ,livingnaturalgastronomia@outlook.com,Admin,Coca Cola lata 350 ml,"8,9",1,44,"144,32","33,8664516129",0,0,0,"34,3277773256","R$ 0,00 (0,00%)","1,2992208485",5,"8,455",95,"R$ 8,46 (95,00%)","R$ 8,46 (95,00%)","636,9733969697","636,9733969697","636,9733969697","636,9733969697",,,,,,,,,,,,,,
6we3At-tRvWOQ8FggAHegQ,livingnaturalgastronomia@outlook.com,Admin,Fanta,"7,9",1,44,"144,32","33,8664516129",0,0,0,"34,3277773256","R$ 0,00 (0,00%)","1,2992208485",5,"7,505",95,"R$ 7,51 (95,00%)","R$ 7,51 (95,00%)","636,9733969697","636,9733969697","636,9733969697","636,9733969697",,,,,,,,,,,,,,
qMhRE.d1Q2Ki9q0TG4MrmQ,livingnaturalgastronomia@outlook.com,Admin,Nhoque ao Sugo,"29,9",1,44,"144,32","33,8664516129","73,8446451613","73,8446451613","246,9720573956","34,3277773256","R$ 73,84 (246,97%)","1,2992208485",5,"-45,4396451613","-151,9720573956","R$ -45,44 (-151,97%)","R$ -45,44 (-151,97%)","636,9733969697","636,9733969697","636,9733969697","636,9733969697",,,,,,,,,,,,,,
9rVpuRHASFSGcBzDCF.dGQ,livingnaturalgastronomia@outlook.com,Admin,Nhoque a Bolonhesa,"32,9",1,44,"144,32","33,8664516129","73,962525956","73,962525956","224,8101092887","34,3277773256","R$ 73,96 (224,81%)","1,2992208485",5,"-42,707525956","-129,8101092887","R$ -42,71 (-129,81%)","R$ -42,71 (-129,81%)","636,9733969697","636,9733969697","636,9733969697","636,9733969697",,,,,,,,,,,,,,
SwUx70.uQVioTWahQX1fLA,livingnaturalgastronomia@outlook.com,Admin,Bisteca Acebolada com Ovo Frito,"32,9",1,44,"144,32","33,8664516129","57,4889039735","57,4889039735","174,7383099499","34,3277773256","R$ 57,49 (174,74%)","1,2992208485",5,"-26,2339039735","-79,7383099499","R$ -26,23 (-79,74%)","R$ -26,23 (-79,74%)","636,9733969697","636,9733969697","636,9733969697","636,9733969697",,,,,,,,,,,,,,
9ORrEuGGRaq7ZXtDms1jHA,livingnaturalgastronomia@outlook.com,Admin,Coca Cola,"8,9",1,44,"144,32","33,8664516129",0,0,0,"34,3277773256","R$ 0,00 (0,00%)","1,2992208485",5,"8,455",95,"R$ 8,46 (95,00%)","R$ 8,46 (95,00%)","636,9733969697","636,9733969697","636,9733969697","636,9733969697",,,,,,,,,,,,,,
ywIy1NBESdCeLBQst-OPmA,docitob@gmail.com,,BOLO DE CENOURA ,22,10,44,"144,32","33,8664516129",,,,"34,3277773256", (),"1,2992208485",5,"20,9",95,"R$ 20,90 (95,00%)",,"636,9733969697","636,9733969697","636,9733969697","636,9733969697",,,,,,,,,,,,,,
DIY0AfiFTrGzh9ThEQm4ww,Kilsilene@gmail.com,,Batata Suiça 4 Queijos 500gr,"64,9",1,44,"144,32","33,8664516129","8,4357","8,4357","12,9979969183","34,3277773256","R$ 8,44 (13,00%)","1,2992208485",5,"53,2193","82,0020030817","R$ 53,22 (82,00%)","R$ 53,22 (82,00%)","636,9733969697","636,9733969697","636,9733969697","636,9733969697",,,,,,,,,,,,,,
9zZqrC9gTPqSATggcbpHBQ,Kilsilene@gmail.com,,Batata Suiça 4 Queijos 700gr,"59,9",1,44,"144,32","33,8664516129","13,4915","13,4915","22,5233722871","34,3277773256","R$ 13,49 (22,52%)","1,2992208485",5,"43,4135","72,4766277129","R$ 43,41 (72,48%)","R$ 43,41 (72,48%)","636,9733969697","636,9733969697","636,9733969697","636,9733969697",,,,,,,,,,,,,,
MovJjyJ3T-2EldsE3SB0CA,uaibraunie@gmail.com,Admin,Brownie Ganache de Nutella,,,44,"144,32","33,8664516129","2,7616666667",,,"34,3277773256", (),"1,2992208485",5,,, (), (),"636,9733969697","636,9733969697","636,9733969697","636,9733969697",,,,,,,,,,,,,,
nUXZDGYlRhW0APDTEQAAWQ,uaibraunie@gmail.com,Admin,Combo Amor À Primeira Vista,"34,9",1,44,"144,32","33,8664516129","11,34","11,34","32,4928366762","34,3277773256","R$ 11,34 (32,49%)","1,2992208485",5,"21,815","62,5071633238","R$ 21,81 (62,51%)","R$ 21,81 (62,51%)","636,9733969697","636,9733969697","636,9733969697","636,9733969697",,,,,,,,,,,,,,
1PFXVe9oR1S5CM0BkiZ2ng,uaibraunie@gmail.com,Admin,Combo 2 Marmitinhas,,1,44,"144,32","33,8664516129","11,96","11,96",,"34,3277773256","R$ 11,96 ()","1,2992208485",5,,, (), (),"636,9733969697","636,9733969697","636,9733969697","636,9733969697",,,,,,,,,,,,,,
poNS5y07RVGwh-ESwqZVbQ,uaibraunie@gmail.com,Admin,Combo 4 Brownies,,1,44,"144,32","33,8664516129","11,04","11,04",,"34,3277773256","R$ 11,04 ()","1,2992208485",5,,, (), (),"636,9733969697","636,9733969697","636,9733969697","636,9733969697",,,,,,,,,,,,,,
hAXRxVAiReG6nh15mMRFJw,uaibraunie@gmail.com,Admin,Combo Perfeito,,1,44,"144,32","33,8664516129","14,56","14,56",,"34,3277773256","R$ 14,56 ()","1,2992208485",5,,, (), (),"636,9733969697","636,9733969697","636,9733969697","636,9733969697",,,,,,,,,,,,,,
w9KGBMZaQoGLvk7inF3bkA,uaibraunie@gmail.com,Admin,1 Matilda + 1 Brownie,,1,44,"144,32","33,8664516129","4,51","4,51",,"34,3277773256","R$ 4,51 ()","1,2992208485",5,,, (), (),"636,9733969697","636,9733969697","636,9733969697","636,9733969697",,,,,,,,,,,,,,
OvS.Y.fYS1aPCE2R0XTojQ,uaibraunie@gmail.com,Admin,2 Copos Brownie,"54,9",1,44,"144,32","33,8664516129","17,16","17,16","31,2568306011","34,3277773256","R$ 17,16 (31,26%)","1,2992208485",5,"34,995","63,7431693989","R$ 35,00 (63,74%)","R$ 35,00 (63,74%)","636,9733969697","636,9733969697","636,9733969697","636,9733969697",,,,,,,,,,,,,,
iUy.dZR7SK-AZ1XPn40RDw,uaibraunie@gmail.com,Admin,3 Copos Brownie,"82,9",1,44,"144,32","33,8664516129","25,74","25,74","31,0494571773","34,3277773256","R$ 25,74 (31,05%)","1,2992208485",5,"53,015","63,9505428227","R$ 53,02 (63,95%)","R$ 53,02 (63,95%)","636,9733969697","636,9733969697","636,9733969697","636,9733969697",,,,,,,,,,,,,,
jI2VaZS9QqmCpXliVn6Gqg,bielrodr_@hotmail.com,,Combo Kit Socorro,"29,9",1,44,"144,32","33,8664516129","13,26","13,26","44,347826087","34,3277773256","R$ 13,26 (44,35%)","1,2992208485",5,"15,145","50,652173913","R$ 15,14 (50,65%)","R$ 15,14 (50,65%)","636,9733969697","636,9733969697","636,9733969697","636,9733969697",,,,,,,,,,,,,,
7jYtNbrqS9OKRUAP5gLRRQ,bielrodr_@hotmail.com,,Lanche Feliz,"25,9",1,44,"144,32","33,8664516129","10,7","10,7","41,3127413127","34,3277773256","R$ 10,70 (41,31%)","1,2992208485",5,"13,905","53,6872586873","R$ 13,90 (53,69%)","R$ 13,90 (53,69%)","636,9733969697","636,9733969697","636,9733969697","636,9733969697",,,,,,,,,,,,,,
9B0DCgC2ReOfVy.O67MzTw,bielrodr_@hotmail.com,,Combo Amor A Primeira Vista,"39,9",1,44,"144,32","33,8664516129","11,34","11,34","28,4210526316","34,3277773256","R$ 11,34 (28,42%)","1,2992208485",5,"26,565","66,5789473684","R$ 26,56 (66,58%)","R$ 26,56 (66,58%)","636,9733969697","636,9733969697","636,9733969697","636,9733969697",,,,,,,,,,,,,,
GblPwxtUQdytbDLu3RwfnQ,bielrodr_@hotmail.com,,Combo 2 Marmitinhas,"35,9",1,44,"144,32","33,8664516129","11,96","11,96","33,3147632312","34,3277773256","R$ 11,96 (33,31%)","1,2992208485",5,"22,145","61,6852367688","R$ 22,14 (61,69%)","R$ 22,14 (61,69%)","636,9733969697","636,9733969697","636,9733969697","636,9733969697",,,,,,,,,,,,,,
CbxCu-qvTtmNR7lmtsDl0w,bielrodr_@hotmail.com,,Combo 4 Brownie,"29,9",1,44,"144,32","33,8664516129","11,04","11,04","36,9230769231","34,3277773256","R$ 11,04 (36,92%)","1,2992208485",5,"17,365","58,0769230769","R$ 17,37 (58,08%)","R$ 17,37 (58,08%)","636,9733969697","636,9733969697","636,9733969697","636,9733969697",,,,,,,,,,,,,,
LaIN5lRnSl-F9kCxaDBnBg,bielrodr_@hotmail.com,,Combo Perfeito,"39,9",1,44,"144,32","33,8664516129","14,56","14,56","36,4912280702","34,3277773256","R$ 14,56 (36,49%)","1,2992208485",5,"23,345","58,5087719298","R$ 23,35 (58,51%)","R$ 23,35 (58,51%)","636,9733969697","636,9733969697","636,9733969697","636,9733969697",,,,,,,,,,,,,,
5fP4i8MHSRSFCgGb3G8Idw,bielrodr_@hotmail.com,,Promoção Leve 1 Matilda e Leve 1 Brownie,"19,9",1,44,"144,32","33,8664516129","6,33","6,33","31,8090452261","34,3277773256","R$ 6,33 (31,81%)","1,2992208485",5,"12,575","63,1909547739","R$ 12,58 (63,19%)","R$ 12,58 (63,19%)","636,9733969697","636,9733969697","636,9733969697","636,9733969697",,,,,,,,,,,,,,
G0jX1Mi6QFaMsaYkAeEYyA,bielrodr_@hotmail.com,,Combo 1 Croissant + 1 Brownie + 1 Coca,"44,9",1,44,"144,32","33,8664516129","12,86","12,86","28,6414253898","34,3277773256","R$ 12,86 (28,64%)","1,2992208485",5,"29,795","66,3585746102","R$ 29,79 (66,36%)","R$ 29,79 (66,36%)","636,9733969697","636,9733969697","636,9733969697","636,9733969697",,,,,,,,,,,,,,
piEqdADtQ6GquHKmPQzfsw,bielrodr_@hotmail.com,,Leve 2 Tortas/Bolos - 10%Off,,1,44,"144,32","33,8664516129",,,,"34,3277773256", (),"1,2992208485",5,,, (),,"636,9733969697","636,9733969697","636,9733969697","636,9733969697",,,,,,,,,,,,,,
4Ynr.pYBTBq4hN5V.6vAUA,bielrodr_@hotmail.com,,Felicidade em Dobro,"39,9",1,44,"144,32","33,8664516129","16,68","16,68","41,8045112782","34,3277773256","R$ 16,68 (41,80%)","1,2992208485",5,"21,225","53,1954887218","R$ 21,22 (53,20%)","R$ 21,22 (53,20%)","636,9733969697","636,9733969697","636,9733969697","636,9733969697",,,,,,,,,,,,,,
a.41LYmOfR-qCeUeKu.A6lw,bielrodr_@hotmail.com,,Felicidade Tripla,"59,9",1,44,"144,32","33,8664516129","25,02","25,02","41,7696160267","34,3277773256","R$ 25,02 (41,77%)","1,2992208485",5,"31,885","53,2303839733","R$ 31,88 (53,23%)","R$ 31,88 (53,23%)","636,9733969697","636,9733969697","636,9733969697","636,9733969697",,,,,,,,,,,,,,
cPJLgYwSTESStu9iyGCHtA,bielrodr_@hotmail.com,,Pão de Queijo Recheada,"13,9",1,44,"144,32","33,8664516129","4,42","4,42","31,7985611511","34,3277773256","R$ 4,42 (31,80%)","1,2992208485",5,"8,785","63,2014388489","R$ 8,79 (63,20%)","R$ 8,79 (63,20%)","636,9733969697","636,9733969697","636,9733969697","636,9733969697",,,,,,,,,,,,,,
i5U0J7LZRGqGo28lXGfsKQ,bielrodr_@hotmail.com,,Coxinha Recheada,"19,9",1,44,"144,32","33,8664516129","5,87","5,87","29,4974874372","34,3277773256","R$ 5,87 (29,50%)","1,2992208485",5,"13,035","65,5025125628","R$ 13,04 (65,50%)","R$ 13,04 (65,50%)","636,9733969697","636,9733969697","636,9733969697","636,9733969697",,,,,,,,,,,,,,
a-bkXZ1ZiSjmvIm0gcNCZRQ,bielrodr_@hotmail.com,,Croissant Recheado,"39,9",1,44,"144,32","33,8664516129","11,37","11,37","28,4962406015","34,3277773256","R$ 11,37 (28,50%)","1,2992208485",5,"26,535","66,5037593985","R$ 26,54 (66,50%)","R$ 26,54 (66,50%)","636,9733969697","636,9733969697","636,9733969697","636,9733969697",,,,,,,,,,,,,,
a-7SLQ93eRT2S0ximokUWNA,bielrodr_@hotmail.com,,Cookie Red Velvet com Ninho,,1,44,"144,32","33,8664516129",,,,"34,3277773256", (),"1,2992208485",5,,, (),,"636,9733969697","636,9733969697","636,9733969697","636,9733969697",,,,,,,,,,,,,,
gAJdD6zXRVCCnHMLJ94vqA,bielrodr_@hotmail.com,,Cookie Kinder Bueno,"14,9",1,44,"144,32","33,8664516129","4,74","4,74","31,8120805369","34,3277773256","R$ 4,74 (31,81%)","1,2992208485",5,"9,415","63,1879194631","R$ 9,42 (63,19%)","R$ 9,42 (63,19%)","636,9733969697","636,9733969697","636,9733969697","636,9733969697",,,,,,,,,,,,,,
dls7rPDsQYy6zKrB15WXOQ,bielrodr_@hotmail.com,,Cookie Nutella,"14,9",1,44,"144,32","33,8664516129","4,42","4,42","29,6644295302","34,3277773256","R$ 4,42 (29,66%)","1,2992208485",5,"9,735","65,3355704698","R$ 9,74 (65,34%)","R$ 9,74 (65,34%)","636,9733969697","636,9733969697","636,9733969697","636,9733969697",,,,,,,,,,,,,,
qAg4x7GUR6mYIx9PJohyCA,bielrodr_@hotmail.com,,Cookie Pistache,"15,9",1,44,"144,32","33,8664516129","4,65","4,65","29,2452830189","34,3277773256","R$ 4,65 (29,25%)","1,2992208485",5,"10,455","65,7547169811","R$ 10,46 (65,75%)","R$ 10,46 (65,75%)","636,9733969697","636,9733969697","636,9733969697","636,9733969697",,,,,,,,,,,,,,
Up.UHNU7SqyVczVzoekt.Q,bielrodr_@hotmail.com,,Cookie de Lotus,"14,9",1,44,"144,32","33,8664516129",,,,"34,3277773256", (),"1,2992208485",5,"14,155",95,"R$ 14,16 (95,00%)",,"636,9733969697","636,9733969697","636,9733969697","636,9733969697",,,,,,,,,,,,,,
X8fjGtbrSeCq8PbqDx0QHQ,bielrodr_@hotmail.com,,Fatia Matilda,"11,9",1,44,"144,32","33,8664516129","3,57","3,57",30,"34,3277773256","R$ 3,57 (30,00%)","1,2992208485",5,"7,735",65,"R$ 7,74 (65,00%)","R$ 7,74 (65,00%)","636,9733969697","636,9733969697","636,9733969697","636,9733969697",,,,,,,,,,,,,,
D0QHEinIQhyzf3cGov6-YQ,bielrodr_@hotmail.com,,Fatia Torta Banoffe,"14,9",1,44,"144,32","33,8664516129","4,5","4,5","30,2013422819","34,3277773256","R$ 4,50 (30,20%)","1,2992208485",5,"9,655","64,7986577181","R$ 9,66 (64,80%)","R$ 9,66 (64,80%)","636,9733969697","636,9733969697","636,9733969697","636,9733969697",,,,,,,,,,,,,,
BgxesCOCQ3OUlK7DoOekfw,bielrodr_@hotmail.com,,Slice Cake Bolo Ninho com Morango,"17,9",1,44,"144,32","33,8664516129",,,,"34,3277773256", (),"1,2992208485",5,"17,005",95,"R$ 17,01 (95,00%)",,"636,9733969697","636,9733969697","636,9733969697","636,9733969697",,,,,,,,,,,,,,
GSRN-RLbQNesbwyDJYp27A,bielrodr_@hotmail.com,,Fatia de Torta de Uva,,1,44,"144,32","33,8664516129",,,,"34,3277773256", (),"1,2992208485",5,,, (),,"636,9733969697","636,9733969697","636,9733969697","636,9733969697",,,,,,,,,,,,,,
YZP6m41PRbWhDc0zBmpGRA,bielrodr_@hotmail.com,,Fatia de Torta de Maracuja,,1,44,"144,32","33,8664516129",,,,"34,3277773256", (),"1,2992208485",5,,, (),,"636,9733969697","636,9733969697","636,9733969697","636,9733969697",,,,,,,,,,,,,,
qNpcN4QGSj-ildBHnYqfyg,bielrodr_@hotmail.com,,Bordinhas Brownie,,1,44,"144,32","33,8664516129",,,,"34,3277773256", (),"1,2992208485",5,,, (),,"636,9733969697","636,9733969697","636,9733969697","636,9733969697",,,,,,,,,,,,,,
lcZgXi7LQ7Wdj6ryw-nAgA,bielrodr_@hotmail.com,,Copo Beijinho,"15,9",1,44,"144,32","33,8664516129","4,69","4,69","29,4968553459","34,3277773256","R$ 4,69 (29,50%)","1,2992208485",5,"10,415","65,5031446541","R$ 10,42 (65,50%)","R$ 10,42 (65,50%)","636,9733969697","636,9733969697","636,9733969697","636,9733969697",,,,,,,,,,,,,,
UaGWKFxPS86TNnxcqJVicQ,bielrodr_@hotmail.com,,Copo Ouro Branco,"19,9",1,44,"144,32","33,8664516129","6,7","6,7","33,6683417085","34,3277773256","R$ 6,70 (33,67%)","1,2992208485",5,"12,205","61,3316582915","R$ 12,20 (61,33%)","R$ 12,20 (61,33%)","636,9733969697","636,9733969697","636,9733969697","636,9733969697",,,,,,,,,,,,,,
a-hD-Drw0RE-Zj7CwopetMw,bielrodr_@hotmail.com,,Copo Sonho de Valsa,"18,9",1,44,"144,32","33,8664516129","5,82","5,82","30,7936507937","34,3277773256","R$ 5,82 (30,79%)","1,2992208485",5,"12,135","64,2063492063","R$ 12,13 (64,21%)","R$ 12,13 (64,21%)","636,9733969697","636,9733969697","636,9733969697","636,9733969697",,,,,,,,,,,,,,
98RjoHb8QeWHHh4-jYVjHw,bielrodr_@hotmail.com,,Copo Kinder Bueno,"25,9",1,44,"144,32","33,8664516129","8,34","8,34","32,2007722008","34,3277773256","R$ 8,34 (32,20%)","1,2992208485",5,"16,265","62,7992277992","R$ 16,26 (62,80%)","R$ 16,26 (62,80%)","636,9733969697","636,9733969697","636,9733969697","636,9733969697",,,,,,,,,,,,,,
Zk6oie.ISmyvhD9OdksPhw,bielrodr_@hotmail.com,,Marmitinha Brownie Chocolate,"15,9",1,44,"144,32","33,8664516129","2,92","2,92","18,3647798742","34,3277773256","R$ 2,92 (18,36%)","1,2992208485",5,"12,185","76,6352201258","R$ 12,19 (76,64%)","R$ 12,19 (76,64%)","636,9733969697","636,9733969697","636,9733969697","636,9733969697",,,,,,,,,,,,,,
a.Xnr7GuaTi6Qx3KpKWUS5Q,bielrodr_@hotmail.com,,Marmitinha Brownie Creme Ninho e Brigadeiro,"15,9",1,44,"144,32","33,8664516129","3,9","3,9","24,5283018868","34,3277773256","R$ 3,90 (24,53%)","1,2992208485",5,"11,205","70,4716981132","R$ 11,21 (70,47%)","R$ 11,21 (70,47%)","636,9733969697","636,9733969697","636,9733969697","636,9733969697",,,,,,,,,,,,,,
a.tgzumcBQciiL3p-NIqIYg,bielrodr_@hotmail.com,,Marmitinha Brownie Brigadeiro Gourmet,"15,9",1,44,"144,32","33,8664516129","4,88","4,88","30,6918238994","34,3277773256","R$ 4,88 (30,69%)","1,2992208485",5,"10,225","64,3081761006","R$ 10,23 (64,31%)","R$ 10,23 (64,31%)","636,9733969697","636,9733969697","636,9733969697","636,9733969697",,,,,,,,,,,,,,
yYrO-3J2RcOX4b88FRUTzA,bielrodr_@hotmail.com,,Marmitinha Brownie Ferrero Rocher,"18,9",1,44,"144,32","33,8664516129","5,98","5,98","31,6402116402","34,3277773256","R$ 5,98 (31,64%)","1,2992208485",5,"11,975","63,3597883598","R$ 11,97 (63,36%)","R$ 11,97 (63,36%)","636,9733969697","636,9733969697","636,9733969697","636,9733969697",,,,,,,,,,,,,,
ZEWP32jtRayYMtHMvE98Pw,bielrodr_@hotmail.com,,Marmitinha Brownie Creme Ninho e Avelã,"19,9",1,44,"144,32","33,8664516129","4,91","4,91","24,6733668342","34,3277773256","R$ 4,91 (24,67%)","1,2992208485",5,"13,995","70,3266331658","R$ 13,99 (70,33%)","R$ 13,99 (70,33%)","636,9733969697","636,9733969697","636,9733969697","636,9733969697",,,,,,,,,,,,,,
Edn8TQFMQTqJMs3AEL5pmQ,bielrodr_@hotmail.com,,Brownie Brigadeiro Gourmet,"8,9",1,44,"144,32","33,8664516129","2,55","2,55","28,6516853933","34,3277773256","R$ 2,55 (28,65%)","1,2992208485",5,"5,905","66,3483146067","R$ 5,91 (66,35%)","R$ 5,91 (66,35%)","636,9733969697","636,9733969697","636,9733969697","636,9733969697",,,,,,,,,,,,,,
pGgVhvSwQhGwH3xUYX4-iA,bielrodr_@hotmail.com,,Brownie Puro Chocolate,"5,9",1,44,"144,32","33,8664516129","1,57","1,57","26,6101694915","34,3277773256","R$ 1,57 (26,61%)","1,2992208485",5,"4,035","68,3898305085","R$ 4,04 (68,39%)","R$ 4,04 (68,39%)","636,9733969697","636,9733969697","636,9733969697","636,9733969697",,,,,,,,,,,,,,
DPxoVSgDTBe56mduXww16Q,bielrodr_@hotmail.com,,Brownie Leite Ninho,"8,9",1,44,"144,32","33,8664516129","2,56","2,56","28,7640449438","34,3277773256","R$ 2,56 (28,76%)","1,2992208485",5,"5,895","66,2359550562","R$ 5,90 (66,24%)","R$ 5,90 (66,24%)","636,9733969697","636,9733969697","636,9733969697","636,9733969697",,,,,,,,,,,,,,
fmJ-Y6LCQYOF3mQsB6gT9A,bielrodr_@hotmail.com,,Brownie Doce de Leite,,1,44,"144,32","33,8664516129",,,,"34,3277773256", (),"1,2992208485",5,,, (),,"636,9733969697","636,9733969697","636,9733969697","636,9733969697",,,,,,,,,,,,,,
y87H2iNaTc2INKvb5z77pQ,bielrodr_@hotmail.com,,Brownie de Ganache de Nutella,"9,9",1,44,"144,32","33,8664516129","2,76","2,76","27,8787878788","34,3277773256","R$ 2,76 (27,88%)","1,2992208485",5,"6,645","67,1212121212","R$ 6,65 (67,12%)","R$ 6,65 (67,12%)","636,9733969697","636,9733969697","636,9733969697","636,9733969697",,,,,,,,,,,,,,
wnuW.aaJT5aLCL5UePcrOw,adrianorissi10@gmail.com,,Bife acebolado ,"28,9",1,44,"144,32","33,8664516129","6,6965","6,6965","23,1712802768","34,3277773256","R$ 6,70 (23,17%)","1,2992208485",5,"20,7585","71,8287197232","R$ 20,76 (71,83%)","R$ 20,76 (71,83%)","636,9733969697","636,9733969697","636,9733969697","636,9733969697",,,,,,,,,,,,,,
oqwVFqZbQY-Wjf-AatQlZg,livingnaturalgastronomia@outlook.com,Admin,Strogonoff de Carne Completo,"35,9",1,44,"144,32","33,8664516129","6,414","6,414","17,8662952646","34,3277773256","R$ 6,41 (17,87%)","1,2992208485",5,"27,691","77,1337047354","R$ 27,69 (77,13%)","R$ 27,69 (77,13%)","636,9733969697","636,9733969697","636,9733969697","636,9733969697",,,,,,,,,,,,,,
iUUTQHcYQyS77ncJ6HSjJg,livingnaturalgastronomia@outlook.com,Admin,Strogonoff de Frango,"32,9",1,44,"144,32","33,8664516129","97,2133976735","97,2133976735","295,4814518952","34,3277773256","R$ 97,21 (295,48%)","1,2992208485",5,"-65,9583976735","-200,4814518952","R$ -65,96 (-200,48%)","R$ -65,96 (-200,48%)","636,9733969697","636,9733969697","636,9733969697","636,9733969697",,,,,,,,,,,,,,
PR0EZEHbRBCvtyiREs0puQ,pac.simone@hotmail.com,,2 Queijos - Pizza Broto ,55,1,44,"144,32","33,8664516129","20,1460183333","20,1460183333","36,6291242424","34,3277773256","R$ 20,15 (36,63%)","1,2992208485",5,"32,1039816667","58,3708757576","R$ 32,10 (58,37%)","R$ 32,10 (58,37%)","636,9733969697","636,9733969697","636,9733969697","636,9733969697",,,,,,,,,,,,,,
pDLaIqjwSM6DnqOeBK6HGg,pac.simone@hotmail.com,,2 Queijos - Pizza Grande ,"107,98",1,44,"144,32","33,8664516129","28,6098908333","28,6098908333","26,4955462431","34,3277773256","R$ 28,61 (26,50%)","1,2992208485",5,"73,9711091667","68,5044537569","R$ 73,97 (68,50%)","R$ 73,97 (68,50%)","636,9733969697","636,9733969697","636,9733969697","636,9733969697",,,,,,,,,,,,,,
ln1jNV67Q.WNCe7eHkAj8Q,pac.simone@hotmail.com,,"2 Queijos & Alho Negro - Pizza Broto 
","74,99",1,44,"144,32","33,8664516129","23,1460183333","23,1460183333","30,8654731742","34,3277773256","R$ 23,15 (30,87%)","1,2992208485",5,"48,0944816667","64,1345268258","R$ 48,09 (64,13%)","R$ 48,09 (64,13%)","636,9733969697","636,9733969697","636,9733969697","636,9733969697",,,,,,,,,,,,,,
Aw8Ie1NaTYS405EzUDjWAA,pac.simone@hotmail.com,,2 Queijos & Alho Negro - Pizza Grande ,"115,98",1,44,"144,32","33,8664516129","34,6098908333","34,6098908333","29,8412578318","34,3277773256","R$ 34,61 (29,84%)","1,2992208485",5,"75,5711091667","65,1587421682","R$ 75,57 (65,16%)","R$ 75,57 (65,16%)","636,9733969697","636,9733969697","636,9733969697","636,9733969697",,,,,,,,,,,,,,
LoJCF4H7QNCAy94aP5-QgA,pac.simone@hotmail.com,,4 Carnes - Pizza Broto ,"71,99",1,44,"144,32","33,8664516129","24,6697183333","24,6697183333","34,2682571653","34,3277773256","R$ 24,67 (34,27%)","1,2992208485",5,"43,7207816667","60,7317428347","R$ 43,72 (60,73%)","R$ 43,72 (60,73%)","636,9733969697","636,9733969697","636,9733969697","636,9733969697",,,,,,,,,,,,,,
2rBVjUufR12zrOqn0ZU6Eg,pac.simone@hotmail.com,,4 Carnes - Pizza Grande  ,"111,98",1,44,"144,32","33,8664516129","41,0123516667","41,0123516667","36,624711258","34,3277773256","R$ 41,01 (36,62%)","1,2992208485",5,"65,3686483333","58,375288742","R$ 65,37 (58,38%)","R$ 65,37 (58,38%)","636,9733969697","636,9733969697","636,9733969697","636,9733969697",,,,,,,,,,,,,,
ueYPo2lWSkCqtcqyrhKKoA,pac.simone@hotmail.com,,4 Queijos - Pizza Broto ,"69,99",1,44,"144,32","33,8664516129","19,5930633333","19,5930633333","27,9940896319","34,3277773256","R$ 19,59 (27,99%)","1,2992208485",5,"46,8974366667","67,0059103681","R$ 46,90 (67,01%)","R$ 46,90 (67,01%)","636,9733969697","636,9733969697","636,9733969697","636,9733969697",,,,,,,,,,,,,,
ZxVpo7TsR0WlbYVSqiYGUg,pac.simone@hotmail.com,,4 Queijos - Pizza Grande ,"109,99",1,44,"144,32","33,8664516129","30,8590416667","30,8590416667","28,0562248083","34,3277773256","R$ 30,86 (28,06%)","1,2992208485",5,"73,6314583333","66,9437751917","R$ 73,63 (66,94%)","R$ 73,63 (66,94%)","636,9733969697","636,9733969697","636,9733969697","636,9733969697",,,,,,,,,,,,,,
E8kfRgkDTkC7oKhr.inKxQ,pac.simone@hotmail.com,,5 Queijos - Pizza Broto  ,"71,99",1,44,"144,32","33,8664516129","21,0225153333","21,0225153333","29,2019937954","34,3277773256","R$ 21,02 (29,20%)","1,2992208485",5,"47,3679846667","65,7980062046","R$ 47,37 (65,80%)","R$ 47,37 (65,80%)","636,9733969697","636,9733969697","636,9733969697","636,9733969697",,,,,,,,,,,,,,
cBofO0pKRemEN0d0nX3NnQ,pac.simone@hotmail.com,,5 Queijos - Pizza Grande ,"111,98",1,44,"144,32","33,8664516129","34,6478181667","34,6478181667","30,9410771269","34,3277773256","R$ 34,65 (30,94%)","1,2992208485",5,"71,7331818333","64,0589228731","R$ 71,73 (64,06%)","R$ 71,73 (64,06%)","636,9733969697","636,9733969697","636,9733969697","636,9733969697",,,,,,,,,,,,,,
PIhMCysbROqGbOc-3wDzvQ,pac.simone@hotmail.com,,"Á Gusto - Pizza Broto  
","63,99",1,44,"144,32","33,8664516129","21,7944510131","21,7944510131","34,0591514503","34,3277773256","R$ 21,79 (34,06%)","1,2992208485",5,"38,9960489869","60,9408485497","R$ 39,00 (60,94%)","R$ 39,00 (60,94%)","636,9733969697","636,9733969697","636,9733969697","636,9733969697",,,,,,,,,,,,,,
xqy-kNNEQNyplrjKgX0gtQ,pac.simone@hotmail.com,,Á Gusto - Pizza Grande  ,"99,98",1,44,"144,32","33,8664516129","36,6336895261","36,6336895261","36,6410177297","34,3277773256","R$ 36,63 (36,64%)","1,2992208485",5,"58,3473104739","58,3589822703","R$ 58,35 (58,36%)","R$ 58,35 (58,36%)","636,9733969697","636,9733969697","636,9733969697","636,9733969697",,,,,,,,,,,,,,
Tjxt-40jQyuyaar1wn6M7w,pac.simone@hotmail.com,,"Abobrinha ao Cream Cheese - Pizza Broto  
","68,99",1,44,"144,32","33,8664516129","19,23253","19,23253","27,8772720684","34,3277773256","R$ 19,23 (27,88%)","1,2992208485",5,"46,30797","67,1227279316","R$ 46,31 (67,12%)","R$ 46,31 (67,12%)","636,9733969697","636,9733969697","636,9733969697","636,9733969697",,,,,,,,,,,,,,
0Z1MR.QgQJyiOq7mW.KuPQ,pac.simone@hotmail.com,,Abobrinha ao Cream Cheese - Pizza Grande  ,"107,98",1,44,"144,32","33,8664516129","31,5098475","31,5098475","29,181188646","34,3277773256","R$ 31,51 (29,18%)","1,2992208485",5,"71,0711525","65,818811354","R$ 71,07 (65,82%)","R$ 71,07 (65,82%)","636,9733969697","636,9733969697","636,9733969697","636,9733969697",,,,,,,,,,,,,,
QDvIxybeRUGd1zqlB0gOgg,pac.simone@hotmail.com,,Abobrinha & Queijo Brie - Pizza Broto  ,"69,99",1,44,"144,32","33,8664516129","17,509285","17,509285","25,0168381197","34,3277773256","R$ 17,51 (25,02%)","1,2992208485",5,"48,981215","69,9831618803","R$ 48,98 (69,98%)","R$ 48,98 (69,98%)","636,9733969697","636,9733969697","636,9733969697","636,9733969697",,,,,,,,,,,,,,
JaEHciNCQoy3TnmVz2ZhCQ,pac.simone@hotmail.com,,Abobrinha & Queijo Brie - Pizza Grande  ,"109,98",1,44,"144,32","33,8664516129","32,1757575","32,1757575","29,2560079105","34,3277773256","R$ 32,18 (29,26%)","1,2992208485",5,"72,3052425","65,7439920895","R$ 72,31 (65,74%)","R$ 72,31 (65,74%)","636,9733969697","636,9733969697","636,9733969697","636,9733969697",,,,,,,,,,,,,,
9P4Sxi39SgKLwe40X2MDQg,pac.simone@hotmail.com,,"Alho Negro - Pizza Broto  
","77,99",1,44,"144,32","33,8664516129","24,877985","24,877985","31,8989421721","34,3277773256","R$ 24,88 (31,90%)","1,2992208485",5,"49,212515","63,1010578279","R$ 49,21 (63,10%)","R$ 49,21 (63,10%)","636,9733969697","636,9733969697","636,9733969697","636,9733969697",,,,,,,,,,,,,,
5FfbXOglSuCvIbTjunPoiA,pac.simone@hotmail.com,,Alho Negro - Pizza Grande ,"143,98",1,44,"144,32","33,8664516129","41,8691575","41,8691575","29,0798426865","34,3277773256","R$ 41,87 (29,08%)","1,2992208485",5,"94,9118425","65,9201573135","R$ 94,91 (65,92%)","R$ 94,91 (65,92%)","636,9733969697","636,9733969697","636,9733969697","636,9733969697",,,,,,,,,,,,,,
yOq-SOB4Q0m9k1RXRAzMVw,pac.simone@hotmail.com,,Alho Negro ao Cream Cheese - Pizza Broto  ,"77,99",1,44,"144,32","33,8664516129","18,538185","18,538185","23,7699512758","34,3277773256","R$ 18,54 (23,77%)","1,2992208485",5,"55,552315","71,2300487242","R$ 55,55 (71,23%)","R$ 55,55 (71,23%)","636,9733969697","636,9733969697","636,9733969697","636,9733969697",,,,,,,,,,,,,,
zgtvsuLpTUmammf7CEAFEQ,pac.simone@hotmail.com,,Alho Negro ao Cream Cheese - Pizza Grande ,"119,99",1,44,"144,32","33,8664516129","35,1651575","35,1651575","29,306740145","34,3277773256","R$ 35,17 (29,31%)","1,2992208485",5,"78,8253425","65,693259855","R$ 78,83 (65,69%)","R$ 78,83 (65,69%)","636,9733969697","636,9733969697","636,9733969697","636,9733969697",,,,,,,,,,,,,,
0zM0L6QmRoGtUU96btEUaQ,pac.simone@hotmail.com,,Alho Poro - Pizza Broto  ,"68,99",1,44,"144,32","33,8664516129","16,5789183333","16,5789183333","24,0309006136","34,3277773256","R$ 16,58 (24,03%)","1,2992208485",5,"48,9615816667","70,9690993864","R$ 48,96 (70,97%)","R$ 48,96 (70,97%)","636,9733969697","636,9733969697","636,9733969697","636,9733969697",,,,,,,,,,,,,,
xax5oYsdSUST85JSnWbEug,pac.simone@hotmail.com,,Alho Poro - Pizza Grande ,"107,98",1,44,"144,32","33,8664516129","30,8046241667","30,8046241667","28,5280831327","34,3277773256","R$ 30,80 (28,53%)","1,2992208485",5,"71,7763758333","66,4719168673","R$ 71,78 (66,47%)","R$ 71,78 (66,47%)","636,9733969697","636,9733969697","636,9733969697","636,9733969697",,,,,,,,,,,,,,
656Lifs7QeGBFFhDTup1kQ,pac.simone@hotmail.com,,Aliche - Pizza Broto  ,"67,99",1,44,"144,32","33,8664516129","15,0126072222","15,0126072222","22,0806107107","34,3277773256","R$ 15,01 (22,08%)","1,2992208485",5,"49,5778927778","72,9193892893","R$ 49,58 (72,92%)","R$ 49,58 (72,92%)","636,9733969697","636,9733969697","636,9733969697","636,9733969697",,,,,,,,,,,,,,
W1yHiH9dTjegCXJqt.1RBw,pac.simone@hotmail.com,,Aliche - Pizza Grande  ,"105,9",1,44,"144,32","33,8664516129","26,6829019444","26,6829019444","25,1963191166","34,3277773256","R$ 26,68 (25,20%)","1,2992208485",5,"73,9220980556","69,8036808834","R$ 73,92 (69,80%)","R$ 73,92 (69,80%)","636,9733969697","636,9733969697","636,9733969697","636,9733969697",,,,,,,,,,,,,,
8oZOQkdOTXWQucmMJkD73g,pac.simone@hotmail.com,,Americana - Pizza Broto  ,"64,99",1,44,"144,32","33,8664516129","16,7268183333","16,7268183333","25,7375262861","34,3277773256","R$ 16,73 (25,74%)","1,2992208485",5,"45,0136816667","69,2624737139","R$ 45,01 (69,26%)","R$ 45,01 (69,26%)","636,9733969697","636,9733969697","636,9733969697","636,9733969697",,,,,,,,,,,,,,
nWKmS0fBQQe99W4zb0onvQ,pac.simone@hotmail.com,,Americana - Pizza Grande  ,"101,98",1,44,"144,32","33,8664516129","25,5668241667","25,5668241667","25,0704296594","34,3277773256","R$ 25,57 (25,07%)","1,2992208485",5,"71,3141758333","69,9295703406","R$ 71,31 (69,93%)","R$ 71,31 (69,93%)","636,9733969697","636,9733969697","636,9733969697","636,9733969697",,,,,,,,,,,,,,
m-soFl7SQ6G0NRlmkEatwA,pac.simone@hotmail.com,,Atum - Pizza Broto  ,"69,99",1,44,"144,32","33,8664516129","18,368585","18,368585","26,2445849407","34,3277773256","R$ 18,37 (26,24%)","1,2992208485",5,"48,121915","68,7554150593","R$ 48,12 (68,76%)","R$ 48,12 (68,76%)","636,9733969697","636,9733969697","636,9733969697","636,9733969697",,,,,,,,,,,,,,
GxlYgRyMRQODScQXtR39-A,pac.simone@hotmail.com,,Atum - Pizza Grande ,"109,98",1,44,"144,32","33,8664516129","33,8943575","33,8943575","30,8186556647","34,3277773256","R$ 33,89 (30,82%)","1,2992208485",5,"70,5866425","64,1813443353","R$ 70,59 (64,18%)","R$ 70,59 (64,18%)","636,9733969697","636,9733969697","636,9733969697","636,9733969697",,,,,,,,,,,,,,
c3RnKd1.QZeu2OKEPQmP3w,pac.simone@hotmail.com,,Atum Especial - Pizza Broto  ,"73,99",1,44,"144,32","33,8664516129","22,28738","22,28738","30,1221516421","34,3277773256","R$ 22,29 (30,12%)","1,2992208485",5,"48,00312","64,8778483579","R$ 48,00 (64,88%)","R$ 48,00 (64,88%)","636,9733969697","636,9733969697","636,9733969697","636,9733969697",,,,,,,,,,,,,,
i4wa0IavRgulJvnC72SfMQ,pac.simone@hotmail.com,,Atum Especial - Pizza Grande ,"113,98",1,44,"144,32","33,8664516129","42,5054075","42,5054075","37,2919876294","34,3277773256","R$ 42,51 (37,29%)","1,2992208485",5,"65,7755925","57,7080123706","R$ 65,78 (57,71%)","R$ 65,78 (57,71%)","636,9733969697","636,9733969697","636,9733969697","636,9733969697",,,,,,,,,,,,,,
4L.UWX2YQFK0GUuQEF08HA,pac.simone@hotmail.com,,Atum Premium - Pizza Broto  ,"75,99",1,44,"144,32","33,8664516129","27,4552961111","27,4552961111","36,1301435861","34,3277773256","R$ 27,46 (36,13%)","1,2992208485",5,"44,7352038889","58,8698564139","R$ 44,74 (58,87%)","R$ 44,74 (58,87%)","636,9733969697","636,9733969697","636,9733969697","636,9733969697",,,,,,,,,,,,,,
BtDYDZMrR5um1i9.un8CtA,pac.simone@hotmail.com,,Atum Premium - Pizza Grande  ,"117,98",1,44,"144,32","33,8664516129","49,7905797222","49,7905797222","42,2025595204","34,3277773256","R$ 49,79 (42,20%)","1,2992208485",5,"62,2904202778","52,7974404796","R$ 62,29 (52,80%)","R$ 62,29 (52,80%)","636,9733969697","636,9733969697","636,9733969697","636,9733969697",,,,,,,,,,,,,,
dwV.D.FPTDacZ1gk6lAdgA,pac.simone@hotmail.com,,Bacon & Chedder - Pizza Broto  ,"68,99",1,44,"144,32","33,8664516129","17,346685","17,346685","25,1437672126","34,3277773256","R$ 17,35 (25,14%)","1,2992208485",5,"48,193815","69,8562327874","R$ 48,19 (69,86%)","R$ 48,19 (69,86%)","636,9733969697","636,9733969697","636,9733969697","636,9733969697",,,,,,,,,,,,,,
wt9nWykLQzaUUTX5DCdyvQ,pac.simone@hotmail.com,,Bacon & Chedder - Pizza Grande ,"107,98",1,44,"144,32","33,8664516129","27,5857575","27,5857575","25,5470989998","34,3277773256","R$ 27,59 (25,55%)","1,2992208485",5,"74,9952425","69,4529010002","R$ 75,00 (69,45%)","R$ 75,00 (69,45%)","636,9733969697","636,9733969697","636,9733969697","636,9733969697",,,,,,,,,,,,,,
vKDlG01OQGOZNEGGZcjZaQ,pac.simone@hotmail.com,,Baiana - Pizza Broto  ,"65,99",1,44,"144,32","33,8664516129","13,1027183333","13,1027183333","19,8556119614","34,3277773256","R$ 13,10 (19,86%)","1,2992208485",5,"49,5877816667","75,1443880386","R$ 49,59 (75,14%)","R$ 49,59 (75,14%)","636,9733969697","636,9733969697","636,9733969697","636,9733969697",,,,,,,,,,,,,,
ijir47ETQzirVwp1hAlUkg,pac.simone@hotmail.com,,Baiana - Pizza Grande  ,"103,98",1,44,"144,32","33,8664516129","23,3626241667","23,3626241667","22,4683825415","34,3277773256","R$ 23,36 (22,47%)","1,2992208485",5,"75,4183758333","72,5316174585","R$ 75,42 (72,53%)","R$ 75,42 (72,53%)","636,9733969697","636,9733969697","636,9733969697","636,9733969697",,,,,,,,,,,,,,
DD.qXevXQRCMJvhFUO3SAw,pac.simone@hotmail.com,,Bauru - Pizza Broto ,"59,99",1,44,"144,32","33,8664516129","16,603885","16,603885","27,6777546258","34,3277773256","R$ 16,60 (27,68%)","1,2992208485",5,"40,386615","67,3222453742","R$ 40,39 (67,32%)","R$ 40,39 (67,32%)","636,9733969697","636,9733969697","636,9733969697","636,9733969697",,,,,,,,,,,,,,
DiX4lJw0Qo-pAQnOtH6HAg,pac.simone@hotmail.com,,Bauru - Pizza Grande  ,"93,98",1,44,"144,32","33,8664516129","24,2954575","24,2954575","25,8517317514","34,3277773256","R$ 24,30 (25,85%)","1,2992208485",5,"64,9855425","69,1482682486","R$ 64,99 (69,15%)","R$ 64,99 (69,15%)","636,9733969697","636,9733969697","636,9733969697","636,9733969697",,,,,,,,,,,,,,
rkFh41geSwaN9miYRun0dA,pac.simone@hotmail.com,,Brócolis & Bacon - Pizza Broto  ,"64,99",1,44,"144,32","33,8664516129","13,572535","13,572535","20,8840360055","34,3277773256","R$ 13,57 (20,88%)","1,2992208485",5,"48,167965","74,1159639945","R$ 48,17 (74,12%)","R$ 48,17 (74,12%)","636,9733969697","636,9733969697","636,9733969697","636,9733969697",,,,,,,,,,,,,,
ddHfFbDSSaSIG9qyWXxwvg,pac.simone@hotmail.com,,Brócolis & Bacon - Pizza Grande  ,"101,98",1,44,"144,32","33,8664516129","23,7328575","23,7328575","23,272070504","34,3277773256","R$ 23,73 (23,27%)","1,2992208485",5,"73,1481425","71,727929496","R$ 73,15 (71,73%)","R$ 73,15 (71,73%)","636,9733969697","636,9733969697","636,9733969697","636,9733969697",,,,,,,,,,,,,,
0-0Dz4FsSwaJEOHCIsGh2A,pac.simone@hotmail.com,,Brócolis com Catupiry - Pizza Broto  ,"70,99",1,44,"144,32","33,8664516129","19,1656683333","19,1656683333","26,9977015542","34,3277773256","R$ 19,17 (27,00%)","1,2992208485",5,"48,2748316667","68,0022984458","R$ 48,27 (68,00%)","R$ 48,27 (68,00%)","636,9733969697","636,9733969697","636,9733969697","636,9733969697",,,,,,,,,,,,,,
MdsALGRTQkS8oVeu6b2R3A,pac.simone@hotmail.com,,Brócolis com Catupiry - Pizza Grande  ,"109,98",1,44,"144,32","33,8664516129","30,3647241667","30,3647241667","27,6093145723","34,3277773256","R$ 30,36 (27,61%)","1,2992208485",5,"74,1162758333","67,3906854277","R$ 74,12 (67,39%)","R$ 74,12 (67,39%)","636,9733969697","636,9733969697","636,9733969697","636,9733969697",,,,,,,,,,,,,,
l7e.wSGYTx2eY4itBJNw4Q,pac.simone@hotmail.com,,Calabresa - Pizza Broto  ,"59,99",1,44,"144,32","33,8664516129","12,369385","12,369385","20,6190781797","34,3277773256","R$ 12,37 (20,62%)","1,2992208485",5,"44,621115","74,3809218203","R$ 44,62 (74,38%)","R$ 44,62 (74,38%)","636,9733969697","636,9733969697","636,9733969697","636,9733969697",,,,,,,,,,,,,,
o5J5BXVBT0KaB8d-bR1qNA,pac.simone@hotmail.com,,Calabresa - Pizza Grande  ,"95,98",1,44,"144,32","33,8664516129","21,692085","21,692085","22,6006303397","34,3277773256","R$ 21,69 (22,60%)","1,2992208485",5,"69,488915","72,3993696603","R$ 69,49 (72,40%)","R$ 69,49 (72,40%)","636,9733969697","636,9733969697","636,9733969697","636,9733969697",,,,,,,,,,,,,,
TswInGiSRDavQJGcxNOgpw,pac.simone@hotmail.com,,Calabresa com Geleia Pimenta - Pizza Broto  ,"68,99",1,44,"144,32","33,8664516129","15,036535","15,036535","21,7952384404","34,3277773256","R$ 15,04 (21,80%)","1,2992208485",5,"50,503965","73,2047615596","R$ 50,50 (73,20%)","R$ 50,50 (73,20%)","636,9733969697","636,9733969697","636,9733969697","636,9733969697",,,,,,,,,,,,,,
ifJABdvkRteiCPM6nU9uHA,pac.simone@hotmail.com,,Calabresa com Geleia Pimenta - Pizza Grande  ,"107,98",1,44,"144,32","33,8664516129","28,0262575","28,0262575","25,9550449157","34,3277773256","R$ 28,03 (25,96%)","1,2992208485",5,"74,5547425","69,0449550843","R$ 74,55 (69,04%)","R$ 74,55 (69,04%)","636,9733969697","636,9733969697","636,9733969697","636,9733969697",,,,,,,,,,,,,,
CRD8dbcpR1Kt3LnWj.3-iw,pac.simone@hotmail.com,,Calabresa Especial - Pizza Broto  ,"69,99",1,44,"144,32","33,8664516129","18,4419183333","18,4419183333","26,3493618136","34,3277773256","R$ 18,44 (26,35%)","1,2992208485",5,"48,0485816667","68,6506381864","R$ 48,05 (68,65%)","R$ 48,05 (68,65%)","636,9733969697","636,9733969697","636,9733969697","636,9733969697",,,,,,,,,,,,,,
RHWyJLq.Q8622KF3ouUXzg,pac.simone@hotmail.com,,Calabresa Especial - Pizza Grande  ,"109,98",1,44,"144,32","33,8664516129","28,7106241667","28,7106241667","26,1053138449","34,3277773256","R$ 28,71 (26,11%)","1,2992208485",5,"75,7703758333","68,8946861551","R$ 75,77 (68,89%)","R$ 75,77 (68,89%)","636,9733969697","636,9733969697","636,9733969697","636,9733969697",,,,,,,,,,,,,,
LORDJ4enRQqIjqxYb5l1tQ,pac.simone@hotmail.com,,Calabresa & Frango com Catupiry - Pizza Broto  ,"71,99",1,44,"144,32","33,8664516129","21,9228183333","21,9228183333","30,4525883225","34,3277773256","R$ 21,92 (30,45%)","1,2992208485",5,"46,4676816667","64,5474116775","R$ 46,47 (64,55%)","R$ 46,47 (64,55%)","636,9733969697","636,9733969697","636,9733969697","636,9733969697",,,,,,,,,,,,,,
3c7cXnVDSI26wWxkejSAOw,pac.simone@hotmail.com,,Calabresa & Frango com Catupiry - Pizza Grande  ,"111,98",1,44,"144,32","33,8664516129","36,4484241667","36,4484241667","32,5490481931","34,3277773256","R$ 36,45 (32,55%)","1,2992208485",5,"69,9325758333","62,4509518069","R$ 69,93 (62,45%)","R$ 69,93 (62,45%)","636,9733969697","636,9733969697","636,9733969697","636,9733969697",,,,,,,,,,,,,,
UfNX4NGnRTy8lbRP1Doz3A,pac.simone@hotmail.com,,Calabresa Paulista - Pizza Broto ,"59,99",1,44,"144,32","33,8664516129","7,4792575","7,4792575","12,4675070845","34,3277773256","R$ 7,48 (12,47%)","1,2992208485",5,"49,5112425","82,5324929155","R$ 49,51 (82,53%)","R$ 49,51 (82,53%)","636,9733969697","636,9733969697","636,9733969697","636,9733969697",,,,,,,,,,,,,,
ZhTzI5qTRBuRzvAn7hJpiw,pac.simone@hotmail.com,,Calabresa Paulista - Pizza Grande ,"89,9",1,44,"144,32","33,8664516129","11,96183","11,96183","13,3057063404","34,3277773256","R$ 11,96 (13,31%)","1,2992208485",5,"73,44317","81,6942936596","R$ 73,44 (81,69%)","R$ 73,44 (81,69%)","636,9733969697","636,9733969697","636,9733969697","636,9733969697",,,,,,,,,,,,,,
4cfruvDdS12iYvXbc-fGjA,pac.simone@hotmail.com,,Calabresa Premium - Pizza Broto,"72,99",1,44,"144,32","33,8664516129","20,006085","20,006085","27,409350596","34,3277773256","R$ 20,01 (27,41%)","1,2992208485",5,"49,334415","67,590649404","R$ 49,33 (67,59%)","R$ 49,33 (67,59%)","636,9733969697","636,9733969697","636,9733969697","636,9733969697",,,,,,,,,,,,,,
PNDctS8mRjyq31xSVFTQzA,pac.simone@hotmail.com,,Calabresa Premium - Pizza Grande,"113,98",1,44,"144,32","33,8664516129","32,9045575","32,9045575","28,8687116161","34,3277773256","R$ 32,90 (28,87%)","1,2992208485",5,"75,3764425","66,1312883839","R$ 75,38 (66,13%)","R$ 75,38 (66,13%)","636,9733969697","636,9733969697","636,9733969697","636,9733969697",,,,,,,,,,,,,,
jlHa5TUKTUSRfgr532ypIA,pac.simone@hotmail.com,,Caprese - Pizza Broto ,"68,99",1,44,"144,32","33,8664516129","21,540485","21,540485","31,2226192202","34,3277773256","R$ 21,54 (31,22%)","1,2992208485",5,"44,000015","63,7773807798","R$ 44,00 (63,78%)","R$ 44,00 (63,78%)","636,9733969697","636,9733969697","636,9733969697","636,9733969697",,,,,,,,,,,,,,
OFif1rW9QpSld4mnro3O1A,pac.simone@hotmail.com,,Caprese - Pizza Grande ,"107,98",1,44,"144,32","33,8664516129","34,0301575","34,0301575","31,5152412484","34,3277773256","R$ 34,03 (31,52%)","1,2992208485",5,"68,5508425","63,4847587516","R$ 68,55 (63,48%)","R$ 68,55 (63,48%)","636,9733969697","636,9733969697","636,9733969697","636,9733969697",,,,,,,,,,,,,,
OD4tR.U9RiCPWhtVFhuTMw,pac.simone@hotmail.com,,Carijó - Pizza Broto ,"67,99",1,44,"144,32","33,8664516129","20,2556065686","20,2556065686","29,7920379006","34,3277773256","R$ 20,26 (29,79%)","1,2992208485",5,"44,3348934314","65,2079620994","R$ 44,33 (65,21%)","R$ 44,33 (65,21%)","636,9733969697","636,9733969697","636,9733969697","636,9733969697",,,,,,,,,,,,,,
a-TeNY9gPR4ynZFJLWO3nWg,pac.simone@hotmail.com,,Carijó - Pizza Grande,"107,98",1,44,"144,32","33,8664516129","33,1140006373","33,1140006373","30,6667907365","34,3277773256","R$ 33,11 (30,67%)","1,2992208485",5,"69,4669993627","64,3332092635","R$ 69,47 (64,33%)","R$ 69,47 (64,33%)","636,9733969697","636,9733969697","636,9733969697","636,9733969697",,,,,,,,,,,,,,
9e7tK5bwSMWmvFr3X.thbw,pac.simone@hotmail.com,,Carne Seca - Pizza Broto ,"71,99",1,44,"144,32","33,8664516129","21,5494183333","21,5494183333","29,933905172","34,3277773256","R$ 21,55 (29,93%)","1,2992208485",5,"46,8410816667","65,066094828","R$ 46,84 (65,07%)","R$ 46,84 (65,07%)","636,9733969697","636,9733969697","636,9733969697","636,9733969697",,,,,,,,,,,,,,
OIHHImCKR7-Z6gxIKkUAYg,pac.simone@hotmail.com,,Carne Seca - Pizza Grande,"111,98",1,44,"144,32","33,8664516129","35,7016241667","35,7016241667","31,8821433887","34,3277773256","R$ 35,70 (31,88%)","1,2992208485",5,"70,6793758333","63,1178566113","R$ 70,68 (63,12%)","R$ 70,68 (63,12%)","636,9733969697","636,9733969697","636,9733969697","636,9733969697",,,,,,,,,,,,,,
23NjoH2FQ-mx2iN7GDTBig,pac.simone@hotmail.com,,Carne Seca Especial - Pizza Broto ,"75,99",1,44,"144,32","33,8664516129","24,1499172581","24,1499172581","31,7803885486","34,3277773256","R$ 24,15 (31,78%)","1,2992208485",5,"48,0405827419","63,2196114514","R$ 48,04 (63,22%)","R$ 48,04 (63,22%)","636,9733969697","636,9733969697","636,9733969697","636,9733969697",,,,,,,,,,,,,,
ltqejB9vSgyWv.z4YZUWdw,pac.simone@hotmail.com,,Carne Seca Especial - Pizza Grande ,"119,98",1,44,"144,32","33,8664516129","43,4008220161","43,4008220161","36,1733805769","34,3277773256","R$ 43,40 (36,17%)","1,2992208485",5,"70,5801779839","58,8266194231","R$ 70,58 (58,83%)","R$ 70,58 (58,83%)","636,9733969697","636,9733969697","636,9733969697","636,9733969697",,,,,,,,,,,,,,
TCXLdUmDRGq1dXkpF7MJGQ,pac.simone@hotmail.com,,Champignon - Pizza Broto,"64,99",1,44,"144,32","33,8664516129","19,949485","19,949485","30,6962378828","34,3277773256","R$ 19,95 (30,70%)","1,2992208485",5,"41,791015","64,3037621172","R$ 41,79 (64,30%)","R$ 41,79 (64,30%)","636,9733969697","636,9733969697","636,9733969697","636,9733969697",,,,,,,,,,,,,,
lvgCIA5dQ4287FsKJ.yeBA,pac.simone@hotmail.com,,Champignon - Pizza Grande ,"101,98",1,44,"144,32","33,8664516129","37,0561575","37,0561575","36,3366910178","34,3277773256","R$ 37,06 (36,34%)","1,2992208485",5,"59,8248425","58,6633089822","R$ 59,82 (58,66%)","R$ 59,82 (58,66%)","636,9733969697","636,9733969697","636,9733969697","636,9733969697",,,,,,,,,,,,,,
qn-W8I0wSh6yw35BjryxXw,pac.simone@hotmail.com,,Corn & Bacon - Pizza Broto,"63,99",1,44,"144,32","33,8664516129","17,2546614706","17,2546614706","26,9646217699","34,3277773256","R$ 17,25 (26,96%)","1,2992208485",5,"43,5358385294","68,0353782301","R$ 43,54 (68,04%)","R$ 43,54 (68,04%)","636,9733969697","636,9733969697","636,9733969697","636,9733969697",,,,,,,,,,,,,,
l7pumPdfQ9GnNNZjOCVTMg,pac.simone@hotmail.com,,Corn & Bacon - Pizza Grande ,"99,98",1,44,"144,32","33,8664516129","25,9919222059","25,9919222059","25,9971216302","34,3277773256","R$ 25,99 (26,00%)","1,2992208485",5,"68,9890777941","69,0028783698","R$ 68,99 (69,00%)","R$ 68,99 (69,00%)","636,9733969697","636,9733969697","636,9733969697","636,9733969697",,,,,,,,,,,,,,
HS7CzM2eQk6ShdexYdxLKg,pac.simone@hotmail.com,,Creme de Alho Negro - Pizza Broto ,"79,99",1,44,"144,32","33,8664516129","22,5930633333","22,5930633333","28,2448597741","34,3277773256","R$ 22,59 (28,24%)","1,2992208485",5,"53,3974366667","66,7551402259","R$ 53,40 (66,76%)","R$ 53,40 (66,76%)","636,9733969697","636,9733969697","636,9733969697","636,9733969697",,,,,,,,,,,,,,
AWP.HzUZTECaBsVxGFaDNw,pac.simone@hotmail.com,,Creme de Alho Negro - Pizza Grande,"125,98",1,44,"144,32","33,8664516129","37,7889141667","37,7889141667","29,9959629835","34,3277773256","R$ 37,79 (30,00%)","1,2992208485",5,"81,8920858333","65,0040370165","R$ 81,89 (65,00%)","R$ 81,89 (65,00%)","636,9733969697","636,9733969697","636,9733969697","636,9733969697",,,,,,,,,,,,,,
hVDI2Q3VSoiam9xkXRy78A,pac.simone@hotmail.com,,Da Casa - Pizza Broto ,"68,99",1,44,"144,32","33,8664516129","14,422937","14,422937","20,9058370778","34,3277773256","R$ 14,42 (20,91%)","1,2992208485",5,"51,117563","74,0941629222","R$ 51,12 (74,09%)","R$ 51,12 (74,09%)","636,9733969697","636,9733969697","636,9733969697","636,9733969697",,,,,,,,,,,,,,
N41FG19QQNqUiKzVk47QJw,pac.simone@hotmail.com,,Da Casa - Pizza Grande ,"107,98",1,44,"144,32","33,8664516129","26,0030615","26,0030615","24,0813683089","34,3277773256","R$ 26,00 (24,08%)","1,2992208485",5,"76,5779385","70,9186316911","R$ 76,58 (70,92%)","R$ 76,58 (70,92%)","636,9733969697","636,9733969697","636,9733969697","636,9733969697",,,,,,,,,,,,,,
2EJj7KIuTZO3Y6FPdmHMQg,pac.simone@hotmail.com,,Frango - Pizza Broto ,"60,99",1,44,"144,32","33,8664516129","12,959485","12,959485","21,2485407444","34,3277773256","R$ 12,96 (21,25%)","1,2992208485",5,"44,981015","73,7514592556","R$ 44,98 (73,75%)","R$ 44,98 (73,75%)","636,9733969697","636,9733969697","636,9733969697","636,9733969697",,,,,,,,,,,,,,
a.Yfoy3JuQ7aSxJVDWNh-1Q,pac.simone@hotmail.com,,Frango - Pizza Grande  ,"95,98",1,44,"144,32","33,8664516129","23,0761575","23,0761575","24,0426729527","34,3277773256","R$ 23,08 (24,04%)","1,2992208485",5,"68,1048425","70,9573270473","R$ 68,10 (70,96%)","R$ 68,10 (70,96%)","636,9733969697","636,9733969697","636,9733969697","636,9733969697",,,,,,,,,,,,,,
H9UKfWhRRAWBqumQHuFNHQ,pac.simone@hotmail.com,,Frango & Bacon - Pizza Broto ,"64,99",1,44,"144,32","33,8664516129","16,2823332353","16,2823332353","25,0535978386","34,3277773256","R$ 16,28 (25,05%)","1,2992208485",5,"45,4581667647","69,9464021614","R$ 45,46 (69,95%)","R$ 45,46 (69,95%)","636,9733969697","636,9733969697","636,9733969697","636,9733969697",,,,,,,,,,,,,,
pzojso4qRE28LK0AVO1bSw,pac.simone@hotmail.com,,Frango & Bacon - Pizza Grande,"111,98",1,44,"144,32","33,8664516129","29,3161339706","29,3161339706","26,1797945799","34,3277773256","R$ 29,32 (26,18%)","1,2992208485",5,"77,0648660294","68,8202054201","R$ 77,06 (68,82%)","R$ 77,06 (68,82%)","636,9733969697","636,9733969697","636,9733969697","636,9733969697",,,,,,,,,,,,,,
oIllcWrWSXOmOl-bEgH7Qw,pac.simone@hotmail.com,,Frango com Bacon & Cheddar - Pizza Broto,"70,99",1,44,"144,32","33,8664516129","20,565885","20,565885","28,9701155092","34,3277773256","R$ 20,57 (28,97%)","1,2992208485",5,"46,874615","66,0298844908","R$ 46,87 (66,03%)","R$ 46,87 (66,03%)","636,9733969697","636,9733969697","636,9733969697","636,9733969697",,,,,,,,,,,,,,
C4v1Xu9dQ.uPgjXUJbPLFQ,pac.simone@hotmail.com,,Frango com Bacon  & Cheddar - Pizza Grande ,"111,98",1,44,"144,32","33,8664516129","34,0241575","34,0241575","30,3841377925","34,3277773256","R$ 34,02 (30,38%)","1,2992208485",5,"72,3568425","64,6158622075","R$ 72,36 (64,62%)","R$ 72,36 (64,62%)","636,9733969697","636,9733969697","636,9733969697","636,9733969697",,,,,,,,,,,,,,
8-2swYarRbC.KFRLQSRefQ,pac.simone@hotmail.com,,Frango com Catupiry - Pizza Broto ,"69,99",1,44,"144,32","33,8664516129","19,6626065686","19,6626065686","28,0934513054","34,3277773256","R$ 19,66 (28,09%)","1,2992208485",5,"46,8278934314","66,9065486946","R$ 46,83 (66,91%)","R$ 46,83 (66,91%)","636,9733969697","636,9733969697","636,9733969697","636,9733969697",,,,,,,,,,,,,,
UoU4pLBdT4WYhHuwN4f7kw,pac.simone@hotmail.com,,Frango com Catupiry - Pizza Grande,"109,98",1,44,"144,32","33,8664516129","31,9280006373","31,9280006373","29,0307334399","34,3277773256","R$ 31,93 (29,03%)","1,2992208485",5,"72,5529993627","65,9692665601","R$ 72,55 (65,97%)","R$ 72,55 (65,97%)","636,9733969697","636,9733969697","636,9733969697","636,9733969697",,,,,,,,,,,,,,
dpatEA1hRvWq--IYLWF7Wg,pac.simone@hotmail.com,,Frango com Catupiry & Cebola Crispy - Pizza Broto,"70,99",1,44,"144,32","33,8664516129","22,6126065686","22,6126065686","31,8532280161","34,3277773256","R$ 22,61 (31,85%)","1,2992208485",5,"44,8278934314","63,1467719839","R$ 44,83 (63,15%)","R$ 44,83 (63,15%)","636,9733969697","636,9733969697","636,9733969697","636,9733969697",,,,,,,,,,,,,,
a-NGDsL4TS8usK.mLlCNhVw,pac.simone@hotmail.com,,Frango com Catupiry & Cebola Crispy - Pizza Grande ,"111,98",1,44,"144,32","33,8664516129","37,8280006373","37,8280006373","33,7810328963","34,3277773256","R$ 37,83 (33,78%)","1,2992208485",5,"68,5529993627","61,2189671037","R$ 68,55 (61,22%)","R$ 68,55 (61,22%)","636,9733969697","636,9733969697","636,9733969697","636,9733969697",,,,,,,,,,,,,,
lOhdqKCTQz2JH8JpD.eVnA,pac.simone@hotmail.com,,Lombo Canadense - Pizza Broto ,"60,99",1,44,"144,32","33,8664516129","13,209985","13,209985","21,6592638137","34,3277773256","R$ 13,21 (21,66%)","1,2992208485",5,"44,730515","73,3407361863","R$ 44,73 (73,34%)","R$ 44,73 (73,34%)","636,9733969697","636,9733969697","636,9733969697","636,9733969697",,,,,,,,,,,,,,
Mc5uIU0RTUizXyQ7HoFHjg,pac.simone@hotmail.com,,Lombo Canadense - Pizza Grande ,"95,98",1,44,"144,32","33,8664516129","23,5771575","23,5771575","24,5646566993","34,3277773256","R$ 23,58 (24,56%)","1,2992208485",5,"67,6038425","70,4353433007","R$ 67,60 (70,44%)","R$ 67,60 (70,44%)","636,9733969697","636,9733969697","636,9733969697","636,9733969697",,,,,,,,,,,,,,
kqb084D-TVqKwxLCZk-RoA,pac.simone@hotmail.com,,Lombo & Gorgonzola - Pizza Broto,"68,99",1,44,"144,32","33,8664516129","17,235382","17,235382","24,9824351355","34,3277773256","R$ 17,24 (24,98%)","1,2992208485",5,"48,305118","70,0175648645","R$ 48,31 (70,02%)","R$ 48,31 (70,02%)","636,9733969697","636,9733969697","636,9733969697","636,9733969697",,,,,,,,,,,,,,
CsQXkilZTHmGZ59KEADi9g,pac.simone@hotmail.com,,Lombo & Gorgonzola - Pizza Grande ,"103,99",1,44,"144,32","33,8664516129","31,6279515","31,6279515","30,41441629","34,3277773256","R$ 31,63 (30,41%)","1,2992208485",5,"67,1625485","64,58558371","R$ 67,16 (64,59%)","R$ 67,16 (64,59%)","636,9733969697","636,9733969697","636,9733969697","636,9733969697",,,,,,,,,,,,,,
Qq7z.iKaTy--31Piu33DGA,pac.simone@hotmail.com,,Lombo Especial - Pizza Broto ,"69,99",1,44,"144,32","33,8664516129","20,7501183333","20,7501183333","29,6472615135","34,3277773256","R$ 20,75 (29,65%)","1,2992208485",5,"45,7403816667","65,3527384865","R$ 45,74 (65,35%)","R$ 45,74 (65,35%)","636,9733969697","636,9733969697","636,9733969697","636,9733969697",,,,,,,,,,,,,,
iA1i.3GJSzybf-A9tb.TuQ,pac.simone@hotmail.com,,Lombo Especial - Pizza Grande ,"109,98",1,44,"144,32","33,8664516129","33,2654241667","33,2654241667","30,2467941141","34,3277773256","R$ 33,27 (30,25%)","1,2992208485",5,"71,2155758333","64,7532058859","R$ 71,22 (64,75%)","R$ 71,22 (64,75%)","636,9733969697","636,9733969697","636,9733969697","636,9733969697",,,,,,,,,,,,,,
SxZdzFrVQ4CCv0pBeZbNcQ,pac.simone@hotmail.com,,Lombo Premium - Pizza Broto ,"72,99",1,44,"144,32","33,8664516129","26,1437633333","26,1437633333","35,8182810431","34,3277773256","R$ 26,14 (35,82%)","1,2992208485",5,"43,1967366667","59,1817189569","R$ 43,20 (59,18%)","R$ 43,20 (59,18%)","636,9733969697","636,9733969697","636,9733969697","636,9733969697",,,,,,,,,,,,,,
GShlUeX-RS2hoxqBc5KWtQ,pac.simone@hotmail.com,,Lombo Premium - Pizza Grande ,"113,98",1,44,"144,32","33,8664516129","44,8903141667","44,8903141667","39,3843781073","34,3277773256","R$ 44,89 (39,38%)","1,2992208485",5,"63,3906858333","55,6156218927","R$ 63,39 (55,62%)","R$ 63,39 (55,62%)","636,9733969697","636,9733969697","636,9733969697","636,9733969697",,,,,,,,,,,,,,
Upggu90ORcqpXaDmhPnUPw,pac.simone@hotmail.com,,Marguerita - Pizza Broto ,"63,99",1,44,"144,32","33,8664516129","15,57543","15,57543","24,3404125645","34,3277773256","R$ 15,58 (24,34%)","1,2992208485",5,"45,21507","70,6595874355","R$ 45,22 (70,66%)","R$ 45,22 (70,66%)","636,9733969697","636,9733969697","636,9733969697","636,9733969697",,,,,,,,,,,,,,
7OT5SHOCQf2xlAQyutFHxg,pac.simone@hotmail.com,,Marguerita - Pizza Grande ,"99,98",1,44,"144,32","33,8664516129","28,3080475","28,3080475","28,313710242","34,3277773256","R$ 28,31 (28,31%)","1,2992208485",5,"66,6729525","66,686289758","R$ 66,67 (66,69%)","R$ 66,67 (66,69%)","636,9733969697","636,9733969697","636,9733969697","636,9733969697",,,,,,,,,,,,,,
lZZXEDdwSKuUyTyaPBf5hA,pac.simone@hotmail.com,,Marguerita Gourmet  - Pizza Broto ,"70,99",1,44,"144,32","33,8664516129","21,75503","21,75503","30,6452035498","34,3277773256","R$ 21,76 (30,65%)","1,2992208485",5,"45,68547","64,3547964502","R$ 45,69 (64,35%)","R$ 45,69 (64,35%)","636,9733969697","636,9733969697","636,9733969697","636,9733969697",,,,,,,,,,,,,,
wnXEV.CORoGxePk-crBoXQ,pac.simone@hotmail.com,,Marguerita Gourmet  - Pizza Grande ,"111,98",1,44,"144,32","33,8664516129","35,6232475","35,6232475","31,8121517235","34,3277773256","R$ 35,62 (31,81%)","1,2992208485",5,"70,7577525","63,1878482765","R$ 70,76 (63,19%)","R$ 70,76 (63,19%)","636,9733969697","636,9733969697","636,9733969697","636,9733969697",,,,,,,,,,,,,,
oJpQHa-LTn-eVKR.gloNpg,pac.simone@hotmail.com,,Milho - Pizza Broto ,"60,99",1,44,"144,32","33,8664516129","15,3346614706","15,3346614706","25,1429110847","34,3277773256","R$ 15,33 (25,14%)","1,2992208485",5,"42,6058385294","69,8570889153","R$ 42,61 (69,86%)","R$ 42,61 (69,86%)","636,9733969697","636,9733969697","636,9733969697","636,9733969697",,,,,,,,,,,,,,
kUpA0Pk9QIqeeZH77AcS3w,pac.simone@hotmail.com,,Milho - Pizza Grande ,"95,98",1,44,"144,32","33,8664516129","22,7825104412","22,7825104412","23,736726861","34,3277773256","R$ 22,78 (23,74%)","1,2992208485",5,"68,3984895588","71,263273139","R$ 68,40 (71,26%)","R$ 68,40 (71,26%)","636,9733969697","636,9733969697","636,9733969697","636,9733969697",,,,,,,,,,,,,,
whwK62cKQmKBWSFFRqgAYg,pac.simone@hotmail.com,,Milho com Catupiry - Pizza Broto ,"64,99",1,44,"144,32","33,8664516129","21,4071948039","21,4071948039","32,9392134235","34,3277773256","R$ 21,41 (32,94%)","1,2992208485",5,"40,3333051961","62,0607865765","R$ 40,33 (62,06%)","R$ 40,33 (62,06%)","636,9733969697","636,9733969697","636,9733969697","636,9733969697",,,,,,,,,,,,,,
eUX-h6brRD-DnBvNQIrkmQ,pac.simone@hotmail.com,,Milho com Catupiry - Pizza Grande ,"101,98",1,44,"144,32","33,8664516129","31,1322437745","31,1322437745","30,5277934639","34,3277773256","R$ 31,13 (30,53%)","1,2992208485",5,"65,7487562255","64,4722065361","R$ 65,75 (64,47%)","R$ 65,75 (64,47%)","636,9733969697","636,9733969697","636,9733969697","636,9733969697",,,,,,,,,,,,,,
RK0Xt4YmSdeeA.HduMrC2Q,pac.simone@hotmail.com,,Mussarela - Pizza Broto,"60,99",1,44,"144,32","33,8664516129","14,552885","14,552885","23,8611001804","34,3277773256","R$ 14,55 (23,86%)","1,2992208485",5,"43,387615","71,1388998196","R$ 43,39 (71,14%)","R$ 43,39 (71,14%)","636,9733969697","636,9733969697","636,9733969697","636,9733969697",,,,,,,,,,,,,,
R6Vhw.MJQiy0Zw-OrxUQ3Q,pac.simone@hotmail.com,,Mussarela - Pizza Grande ,"95,98",1,44,"144,32","33,8664516129","21,065085","21,065085","21,9473692436","34,3277773256","R$ 21,07 (21,95%)","1,2992208485",5,"70,115915","73,0526307564","R$ 70,12 (73,05%)","R$ 70,12 (73,05%)","636,9733969697","636,9733969697","636,9733969697","636,9733969697",,,,,,,,,,,,,,
pnQz8lhnSrC6TN613u5bNw,pac.simone@hotmail.com,,Napolitana - Pizza Broto ,"63,99",1,44,"144,32","33,8664516129","19,08723","19,08723","29,8284575715","34,3277773256","R$ 19,09 (29,83%)","1,2992208485",5,"41,70327","65,1715424285","R$ 41,70 (65,17%)","R$ 41,70 (65,17%)","636,9733969697","636,9733969697","636,9733969697","636,9733969697",,,,,,,,,,,,,,
7vXSMms0Ra2M39DACUFn6w,pac.simone@hotmail.com,,Napolitana - Pizza Grande ,"99,98",1,44,"144,32","33,8664516129","30,2876475","30,2876475","30,2937062412","34,3277773256","R$ 30,29 (30,29%)","1,2992208485",5,"64,6933525","64,7062937588","R$ 64,69 (64,71%)","R$ 64,69 (64,71%)","636,9733969697","636,9733969697","636,9733969697","636,9733969697",,,,,,,,,,,,,,
sDUKMIHBQ12ujMROH.DEZw,pac.simone@hotmail.com,,Palmito - Pizza Broto ,"64,99",1,44,"144,32","33,8664516129","15,8674738889","15,8674738889","24,4152544836","34,3277773256","R$ 15,87 (24,42%)","1,2992208485",5,"45,8730261111","70,5847455164","R$ 45,87 (70,58%)","R$ 45,87 (70,58%)","636,9733969697","636,9733969697","636,9733969697","636,9733969697",,,,,,,,,,,,,,
OVIoiOwxSjKq9wkQk4SoXg,pac.simone@hotmail.com,,Palmito - Pizza Grande ,"101,98",1,44,"144,32","33,8664516129","28,5726908333","28,5726908333","28,0179357063","34,3277773256","R$ 28,57 (28,02%)","1,2992208485",5,"68,3083091667","66,9820642937","R$ 68,31 (66,98%)","R$ 68,31 (66,98%)","636,9733969697","636,9733969697","636,9733969697","636,9733969697",,,,,,,,,,,,,,
tXMHUlc5RZCr.9MJMCMrCQ,pac.simone@hotmail.com,,Palmito Especial - Pizza Broto,"70,99",1,44,"144,32","33,8664516129","23,7457405556","23,7457405556","33,4494161932","34,3277773256","R$ 23,75 (33,45%)","1,2992208485",5,"43,6947594444","61,5505838068","R$ 43,69 (61,55%)","R$ 43,69 (61,55%)","636,9733969697","636,9733969697","636,9733969697","636,9733969697",,,,,,,,,,,,,,
vUCwpfkzRvGvSI0aWEI4SQ,pac.simone@hotmail.com,,Palmito Especial - Pizza Grande ,"111,98",1,44,"144,32","33,8664516129","38,3613508333","38,3613508333","34,2573234804","34,3277773256","R$ 38,36 (34,26%)","1,2992208485",5,"68,0196491667","60,7426765196","R$ 68,02 (60,74%)","R$ 68,02 (60,74%)","636,9733969697","636,9733969697","636,9733969697","636,9733969697",,,,,,,,,,,,,,
jQFrDx2URyqxSVSXPSzW.g,pac.simone@hotmail.com,,Parige - Pizza Broto ,"76,99",1,44,"144,32","33,8664516129","28,183485","28,183485","36,6066826861","34,3277773256","R$ 28,18 (36,61%)","1,2992208485",5,"44,957015","58,3933173139","R$ 44,96 (58,39%)","R$ 44,96 (58,39%)","636,9733969697","636,9733969697","636,9733969697","636,9733969697",,,,,,,,,,,,,,
BJQxXSLjS7OcJCXe3Fq7aQ,pac.simone@hotmail.com,,Parige - Pizza Grande ,"119,98",1,44,"144,32","33,8664516129","48,4801575","48,4801575","40,4068657276","34,3277773256","R$ 48,48 (40,41%)","1,2992208485",5,"65,5008425","54,5931342724","R$ 65,50 (54,59%)","R$ 65,50 (54,59%)","636,9733969697","636,9733969697","636,9733969697","636,9733969697",,,,,,,,,,,,,,
N0.WQ6LmRrCUJqpnTAa8Eg,pac.simone@hotmail.com,,Pepperoni - Pizza Broto,"63,99",1,44,"144,32","33,8664516129","15,482485","15,482485","24,1951633068","34,3277773256","R$ 15,48 (24,20%)","1,2992208485",5,"45,308015","70,8048366932","R$ 45,31 (70,80%)","R$ 45,31 (70,80%)","636,9733969697","636,9733969697","636,9733969697","636,9733969697",,,,,,,,,,,,,,
nqsntJBKTdy9yEjknWhRCw,pac.simone@hotmail.com,,Pepperoni - Pizza Grande ,"99,98",1,44,"144,32","33,8664516129","28,1221575","28,1221575","28,1277830566","34,3277773256","R$ 28,12 (28,13%)","1,2992208485",5,"66,8588425","66,8722169434","R$ 66,86 (66,87%)","R$ 66,86 (66,87%)","636,9733969697","636,9733969697","636,9733969697","636,9733969697",,,,,,,,,,,,,,
oCFXPqRESVOIPXqygQ.ZZg,pac.simone@hotmail.com,,Pepperoni ao Cream Cheese - Pizza Broto ,"70,99",1,44,"144,32","33,8664516129","20,516585","20,516585","28,9006691083","34,3277773256","R$ 20,52 (28,90%)","1,2992208485",5,"46,923915","66,0993308917","R$ 46,92 (66,10%)","R$ 46,92 (66,10%)","636,9733969697","636,9733969697","636,9733969697","636,9733969697",,,,,,,,,,,,,,
5Tw310SZRMCBYG.W8caffw,pac.simone@hotmail.com,,Pepperoni ao Cream Cheese - Pizza Grande,"111,98",1,44,"144,32","33,8664516129","34,0779575","34,0779575","30,4321820861","34,3277773256","R$ 34,08 (30,43%)","1,2992208485",5,"72,3030425","64,5678179139","R$ 72,30 (64,57%)","R$ 72,30 (64,57%)","636,9733969697","636,9733969697","636,9733969697","636,9733969697",,,,,,,,,,,,,,
TkSlYdoGTAmKgpLaQvBNoA,pac.simone@hotmail.com,,Pepperoni Especial - Pizza Broto ,"73,99",1,44,"144,32","33,8664516129","20,959285","20,959285","28,3271861062","34,3277773256","R$ 20,96 (28,33%)","1,2992208485",5,"49,331215","66,6728138938","R$ 49,33 (66,67%)","R$ 49,33 (66,67%)","636,9733969697","636,9733969697","636,9733969697","636,9733969697",,,,,,,,,,,,,,
5BKUVkTsTciHFh1JTWFfbQ,pac.simone@hotmail.com,,Pepperoni Especial - Pizza Grande ,"115,98",1,44,"144,32","33,8664516129","39,0757575","39,0757575","33,691806777","34,3277773256","R$ 39,08 (33,69%)","1,2992208485",5,"71,1052425","61,308193223","R$ 71,11 (61,31%)","R$ 71,11 (61,31%)","636,9733969697","636,9733969697","636,9733969697","636,9733969697",,,,,,,,,,,,,,
u.W7.y2BTuK2hizP7JrKrg,pac.simone@hotmail.com,,Peru ao Cream Cheese - Pizza Broto,"72,99",1,44,"144,32","33,8664516129","23,613601","23,613601","32,3518303877","34,3277773256","R$ 23,61 (32,35%)","1,2992208485",5,"45,726899","62,6481696123","R$ 45,73 (62,65%)","R$ 45,73 (62,65%)","636,9733969697","636,9733969697","636,9733969697","636,9733969697",,,,,,,,,,,,,,
GvfihkPqRCmJd2gANK9k8Q,pac.simone@hotmail.com,,Peru ao Cream Cheese - Pizza Grande ,"113,98",1,44,"144,32","33,8664516129","40,2719895","40,2719895","35,3325052641","34,3277773256","R$ 40,27 (35,33%)","1,2992208485",5,"68,0090105","59,6674947359","R$ 68,01 (59,67%)","R$ 68,01 (59,67%)","636,9733969697","636,9733969697","636,9733969697","636,9733969697",,,,,,,,,,,,,,
mS7pzMW8SiWvHpl1S-8ZPA,pac.simone@hotmail.com,,Peru com Alho Poro - Pizza Broto ,"69,99",1,44,"144,32","33,8664516129","23,2850343333","23,2850343333","33,2690874887","34,3277773256","R$ 23,29 (33,27%)","1,2992208485",5,"43,2054656667","61,7309125113","R$ 43,21 (61,73%)","R$ 43,21 (61,73%)","636,9733969697","636,9733969697","636,9733969697","636,9733969697",,,,,,,,,,,,,,
V99-odtXS6anL-WnZpsXWg,pac.simone@hotmail.com,,Peru com Alho Poro - Pizza Grande,"109,98",1,44,"144,32","33,8664516129","39,1728561667","39,1728561667","35,618163454","34,3277773256","R$ 39,17 (35,62%)","1,2992208485",5,"65,3081438333","59,381836546","R$ 65,31 (59,38%)","R$ 65,31 (59,38%)","636,9733969697","636,9733969697","636,9733969697","636,9733969697",,,,,,,,,,,,,,
PiWZYO7LQ2OBJfBPfMcHNg,pac.simone@hotmail.com,,Peru com Catupiry - Pizza Broto ,"70,99",1,44,"144,32","33,8664516129","25,9019793333","25,9019793333","36,4868000188","34,3277773256","R$ 25,90 (36,49%)","1,2992208485",5,"41,5385206667","58,5131999812","R$ 41,54 (58,51%)","R$ 41,54 (58,51%)","636,9733969697","636,9733969697","636,9733969697","636,9733969697",,,,,,,,,,,,,,
9FCsMNKJRoiOqp2zfgCBCw,pac.simone@hotmail.com,,Peru com Catupiry - Pizza Grande ,"111,8",1,44,"144,32","33,8664516129","44,4067461667","44,4067461667","39,7198087358","34,3277773256","R$ 44,41 (39,72%)","1,2992208485",5,"61,8032538333","55,2801912642","R$ 61,80 (55,28%)","R$ 61,80 (55,28%)","636,9733969697","636,9733969697","636,9733969697","636,9733969697",,,,,,,,,,,,,,
dlE6tQJpQC6.ei5u0qgR.Q,pac.simone@hotmail.com,,Portuguesa - Pizza Broto ,"66,99",1,44,"144,32","33,8664516129","15,9831961111","15,9831961111","23,8590776401","34,3277773256","R$ 15,98 (23,86%)","1,2992208485",5,"47,6573038889","71,1409223599","R$ 47,66 (71,14%)","R$ 47,66 (71,14%)","636,9733969697","636,9733969697","636,9733969697","636,9733969697",,,,,,,,,,,,,,
hYdnfcoNQYOtjv6fYvD7RA,pac.simone@hotmail.com,,Portuguesa - Pizza Grande,"103,98",1,44,"144,32","33,8664516129","29,1235797222","29,1235797222","28,0088283537","34,3277773256","R$ 29,12 (28,01%)","1,2992208485",5,"69,6574202778","66,9911716463","R$ 69,66 (66,99%)","R$ 69,66 (66,99%)","636,9733969697","636,9733969697","636,9733969697","636,9733969697",,,,,,,,,,,,,,
1-sQcz3YQVOt-1yCLt1LAQ,pac.simone@hotmail.com,,Portuguesa com Catupiry - Pizza Broto ,"73,99",1,44,"144,32","33,8664516129","22,0557294444","22,0557294444","29,8090680422","34,3277773256","R$ 22,06 (29,81%)","1,2992208485",5,"48,2347705556","65,1909319578","R$ 48,23 (65,19%)","R$ 48,23 (65,19%)","636,9733969697","636,9733969697","636,9733969697","636,9733969697",,,,,,,,,,,,,,
9AbKmNisRzyEIjy-q7f5.Q,pac.simone@hotmail.com,,Portuguesa com Catupiry - Pizza Grande ,"113,98",1,44,"144,32","33,8664516129","36,7142463889","36,7142463889","32,211130364","34,3277773256","R$ 36,71 (32,21%)","1,2992208485",5,"71,5667536111","62,788869636","R$ 71,57 (62,79%)","R$ 71,57 (62,79%)","636,9733969697","636,9733969697","636,9733969697","636,9733969697",,,,,,,,,,,,,,
98w42Q7uSbaitNQhf1ypSQ,pac.simone@hotmail.com,,Portuguesa Especial - Pizza Broto ,"70,99",1,44,"144,32","33,8664516129","19,0335961111","19,0335961111","26,8116581365","34,3277773256","R$ 19,03 (26,81%)","1,2992208485",5,"48,4069038889","68,1883418635","R$ 48,41 (68,19%)","R$ 48,41 (68,19%)","636,9733969697","636,9733969697","636,9733969697","636,9733969697",,,,,,,,,,,,,,
HoKiUw-fQlexL-W-EmHwSQ,pac.simone@hotmail.com,,Portuguesa Especial - Pizza Grande  ,"111,98",1,44,"144,32","33,8664516129","35,2243797222","35,2243797222","31,4559561727","34,3277773256","R$ 35,22 (31,46%)","1,2992208485",5,"71,1566202778","63,5440438273","R$ 71,16 (63,54%)","R$ 71,16 (63,54%)","636,9733969697","636,9733969697","636,9733969697","636,9733969697",,,,,,,,,,,,,,
fFATlOsITmyvMkc0gfMuAw,pac.simone@hotmail.com,,Presunto Parma - Pizza Broto ,"78,99",1,44,"144,32","33,8664516129","21,829585","21,829585","27,6358842892","34,3277773256","R$ 21,83 (27,64%)","1,2992208485",5,"53,210915","67,3641157108","R$ 53,21 (67,36%)","R$ 53,21 (67,36%)","636,9733969697","636,9733969697","636,9733969697","636,9733969697",,,,,,,,,,,,,,
CXAXaZrhRLC9pB-NKZq3rg,pac.simone@hotmail.com,,Presunto Parma - Pizza Grande ,"123,98",1,44,"144,32","33,8664516129","34,6083575","34,6083575","27,9144680594","34,3277773256","R$ 34,61 (27,91%)","1,2992208485",5,"83,1726425","67,0855319406","R$ 83,17 (67,09%)","R$ 83,17 (67,09%)","636,9733969697","636,9733969697","636,9733969697","636,9733969697",,,,,,,,,,,,,,
nGWHY-LUSFSqbOPGBnUMUw,pac.simone@hotmail.com,,Queijo Brie & Damasco - Pizza Broto ,"70,99",1,44,"144,32","33,8664516129","28,5118183333","28,5118183333","40,1631473917","34,3277773256","R$ 28,51 (40,16%)","1,2992208485",5,"38,9286816667","54,8368526083","R$ 38,93 (54,84%)","R$ 38,93 (54,84%)","636,9733969697","636,9733969697","636,9733969697","636,9733969697",,,,,,,,,,,,,,
JxtGmjnVRo-Ht11-8zTr1w,pac.simone@hotmail.com,,Queijo Brie & Damasco - Pizza Grande ,"111,98",1,44,"144,32","33,8664516129","49,1368241667","49,1368241667","43,8800001488","34,3277773256","R$ 49,14 (43,88%)","1,2992208485",5,"57,2441758333","51,1199998512","R$ 57,24 (51,12%)","R$ 57,24 (51,12%)","636,9733969697","636,9733969697","636,9733969697","636,9733969697",,,,,,,,,,,,,,
mHawfQoYQiaGk.PJf3LDUA,pac.simone@hotmail.com,,Queijo Brie com Geleia de Pimenta - Pizza Broto ,"72,99",1,44,"144,32","33,8664516129","22,671885","22,671885","31,0616317304","34,3277773256","R$ 22,67 (31,06%)","1,2992208485",5,"46,668615","63,9383682696","R$ 46,67 (63,94%)","R$ 46,67 (63,94%)","636,9733969697","636,9733969697","636,9733969697","636,9733969697",,,,,,,,,,,,,,
dRIIQwEiTniIe0X6fG9sIw,pac.simone@hotmail.com,,Queijo Brie com Geleia de Pimenta -  Pizza Grande ,"115,98",1,44,"144,32","33,8664516129","37,4569575","37,4569575","32,2960488877","34,3277773256","R$ 37,46 (32,30%)","1,2992208485",5,"72,7240425","62,7039511123","R$ 72,72 (62,70%)","R$ 72,72 (62,70%)","636,9733969697","636,9733969697","636,9733969697","636,9733969697",,,,,,,,,,,,,,
3YYjoiFEQXO8bRvORz1pDQ,pac.simone@hotmail.com,,Ratatouille - Pizza Broto ,"68,99",1,44,"144,32","33,8664516129","15,19033","15,19033","22,0181620525","34,3277773256","R$ 15,19 (22,02%)","1,2992208485",5,"50,35017","72,9818379475","R$ 50,35 (72,98%)","R$ 50,35 (72,98%)","636,9733969697","636,9733969697","636,9733969697","636,9733969697",,,,,,,,,,,,,,
AKzRWoVxTiCkPJDG3FwmEQ,pac.simone@hotmail.com,,Ratatouille -  Pizza Grande  ,"107,98",1,44,"144,32","33,8664516129","27,5378475","27,5378475","25,5027296722","34,3277773256","R$ 27,54 (25,50%)","1,2992208485",5,"75,0431525","69,4972703278","R$ 75,04 (69,50%)","R$ 75,04 (69,50%)","636,9733969697","636,9733969697","636,9733969697","636,9733969697",,,,,,,,,,,,,,
5ed-WVKCQdSe11be.gvJwQ,pac.simone@hotmail.com,,Rúcula com Tomate Seco - Pizza Broto ,"64,99",1,44,"144,32","33,8664516129","16,061235","16,061235","24,7133943684","34,3277773256","R$ 16,06 (24,71%)","1,2992208485",5,"45,679265","70,2866056316","R$ 45,68 (70,29%)","R$ 45,68 (70,29%)","636,9733969697","636,9733969697","636,9733969697","636,9733969697",,,,,,,,,,,,,,
XiBeTIKYQcOm7NKS892eyA,pac.simone@hotmail.com,,Rúcula com Tomate Seco -  Pizza Grande ,"101,98",1,44,"144,32","33,8664516129","24,2356575","24,2356575","23,7651083546","34,3277773256","R$ 24,24 (23,77%)","1,2992208485",5,"72,6453425","71,2348916454","R$ 72,65 (71,23%)","R$ 72,65 (71,23%)","636,9733969697","636,9733969697","636,9733969697","636,9733969697",,,,,,,,,,,,,,
mGRJrjzZQG-of9fQeuE98w,pac.simone@hotmail.com,,Rúcula Especial - Pizza Broto ,"70,99",1,44,"144,32","33,8664516129","26,475435","26,475435","37,2945978307","34,3277773256","R$ 26,48 (37,29%)","1,2992208485",5,"40,965065","57,7054021693","R$ 40,97 (57,71%)","R$ 40,97 (57,71%)","636,9733969697","636,9733969697","636,9733969697","636,9733969697",,,,,,,,,,,,,,
KnbGsQgwQXK7WVQx49DPrg,pac.simone@hotmail.com,,Rúcula Especial -  Pizza Grande ,"111,98",1,44,"144,32","33,8664516129","45,0640575","45,0640575","40,2429518664","34,3277773256","R$ 45,06 (40,24%)","1,2992208485",5,"61,3169425","54,7570481336","R$ 61,32 (54,76%)","R$ 61,32 (54,76%)","636,9733969697","636,9733969697","636,9733969697","636,9733969697",,,,,,,,,,,,,,
jdqOuUaNSdG86KYS0kS6zA,pac.simone@hotmail.com,,Siciliana - Pizza Broto ,"70,99",1,44,"144,32","33,8664516129","24,0257183333","24,0257183333","33,8438066394","34,3277773256","R$ 24,03 (33,84%)","1,2992208485",5,"43,4147816667","61,1561933606","R$ 43,41 (61,16%)","R$ 43,41 (61,16%)","636,9733969697","636,9733969697","636,9733969697","636,9733969697",,,,,,,,,,,,,,
D1xgCFv7To2FyBMXJDju6Q,pac.simone@hotmail.com,,Siciliana -  Pizza Grande ,"111,98",1,44,"144,32","33,8664516129","40,6542241667","40,6542241667","36,3048974519","34,3277773256","R$ 40,65 (36,30%)","1,2992208485",5,"65,7267758333","58,6951025481","R$ 65,73 (58,70%)","R$ 65,73 (58,70%)","636,9733969697","636,9733969697","636,9733969697","636,9733969697",,,,,,,,,,,,,,
O3Fmoiq8Sse4z40G3CktYQ,pac.simone@hotmail.com,,Vegana - Pizza Broto,"62,99",1,44,"144,32","33,8664516129","19,1392010131","19,1392010131","30,3845070854","34,3277773256","R$ 19,14 (30,38%)","1,2992208485",5,"40,7012989869","64,6154929146","R$ 40,70 (64,62%)","R$ 40,70 (64,62%)","636,9733969697","636,9733969697","636,9733969697","636,9733969697",,,,,,,,,,,,,,
kxmEUSy9QEaNwL08IjMtdg,pac.simone@hotmail.com,,Vegana -  Pizza Grande,"97,98",1,44,"144,32","33,8664516129","29,7052895261","29,7052895261","30,3177072118","34,3277773256","R$ 29,71 (30,32%)","1,2992208485",5,"63,3757104739","64,6822927882","R$ 63,38 (64,68%)","R$ 63,38 (64,68%)","636,9733969697","636,9733969697","636,9733969697","636,9733969697",,,,,,,,,,,,,,
860Ol-ZdQpSJVvtwSCgZew,pac.simone@hotmail.com,,Vegetariana - Pizza Broto ,"68,99",1,44,"144,32","33,8664516129","21,3180510131","21,3180510131","30,9002043964","34,3277773256","R$ 21,32 (30,90%)","1,2992208485",5,"44,2224489869","64,0997956036","R$ 44,22 (64,10%)","R$ 44,22 (64,10%)","636,9733969697","636,9733969697","636,9733969697","636,9733969697",,,,,,,,,,,,,,
Khw1AmtOTSOSMRkoiVnafw,pac.simone@hotmail.com,,Vegetariana -  Pizza Grande,"107,98",1,44,"144,32","33,8664516129","39,7932895261","39,7932895261","36,8524629803","34,3277773256","R$ 39,79 (36,85%)","1,2992208485",5,"62,7877104739","58,1475370197","R$ 62,79 (58,15%)","R$ 62,79 (58,15%)","636,9733969697","636,9733969697","636,9733969697","636,9733969697",,,,,,,,,,,,,,
rGdw5Y.eQMqGuV595w9VjA,pac.simone@hotmail.com,,4 Queijos - Calzone Broto ,"69,99",1,44,"144,32","33,8664516129","20,2510633333","20,2510633333","28,9342239368","34,3277773256","R$ 20,25 (28,93%)","1,2992208485",5,"46,2394366667","66,0657760632","R$ 46,24 (66,07%)","R$ 46,24 (66,07%)","636,9733969697","636,9733969697","636,9733969697","636,9733969697",,,,,,,,,,,,,,
bSra2qL-R0qw1cRndcdDRw,pac.simone@hotmail.com,,4 Queijos - Calzone Grande,"109,99",1,44,"144,32","33,8664516129","33,1049141667","33,1049141667","30,0981127072","34,3277773256","R$ 33,10 (30,10%)","1,2992208485",5,"71,3855858333","64,9018872928","R$ 71,39 (64,90%)","R$ 71,39 (64,90%)","636,9733969697","636,9733969697","636,9733969697","636,9733969697",,,,,,,,,,,,,,
yKRAL9uvTUS9.u29j-a-TA,pac.simone@hotmail.com,,Baiana - Calzone Broto,68,1,44,"144,32","33,8664516129","16,8057633333","16,8057633333","24,7143578431","34,3277773256","R$ 16,81 (24,71%)","1,2992208485",5,"47,7942366667","70,2856421569","R$ 47,79 (70,29%)","R$ 47,79 (70,29%)","636,9733969697","636,9733969697","636,9733969697","636,9733969697",,,,,,,,,,,,,,
81f4ou61R3yAe9zKPL4mHw,pac.simone@hotmail.com,,Baiana - Calzone Grande,"107,9",1,44,"144,32","33,8664516129","30,7687141667","30,7687141667","28,5159538153","34,3277773256","R$ 30,77 (28,52%)","1,2992208485",5,"71,7362858333","66,4840461847","R$ 71,74 (66,48%)","R$ 71,74 (66,48%)","636,9733969697","636,9733969697","636,9733969697","636,9733969697",,,,,,,,,,,,,,
tNuJgl9YTEqxzTx-nfRCnA,pac.simone@hotmail.com,,Bauru - Calzone Broto ,68,1,44,"144,32","33,8664516129","17,78493","17,78493","26,1543088235","34,3277773256","R$ 17,78 (26,15%)","1,2992208485",5,"46,81507","68,8456911765","R$ 46,82 (68,85%)","R$ 46,82 (68,85%)","636,9733969697","636,9733969697","636,9733969697","636,9733969697",,,,,,,,,,,,,,
krBH9Y1bRCm2dqMMT1K6ew,pac.simone@hotmail.com,,Bauru - Calzone Grande,107,1,44,"144,32","33,8664516129","31,7015475","31,7015475","29,627614486","34,3277773256","R$ 31,70 (29,63%)","1,2992208485",5,"69,9484525","65,372385514","R$ 69,95 (65,37%)","R$ 69,95 (65,37%)","636,9733969697","636,9733969697","636,9733969697","636,9733969697",,,,,,,,,,,,,,
s.zGUdPcQ9aF0cWr7-o.OA,pac.simone@hotmail.com,,Brócolis & Alho - Calzone Broto,68,1,44,"144,32","33,8664516129","15,35558","15,35558","22,5817352941","34,3277773256","R$ 15,36 (22,58%)","1,2992208485",5,"49,24442","72,4182647059","R$ 49,24 (72,42%)","R$ 49,24 (72,42%)","636,9733969697","636,9733969697","636,9733969697","636,9733969697",,,,,,,,,,,,,,
90yVnhOnQVWMV2en7kJtcg,pac.simone@hotmail.com,,Brócolis & Alho - Calzone Grande,107,1,44,"144,32","33,8664516129","27,8683475","27,8683475","26,0451845794","34,3277773256","R$ 27,87 (26,05%)","1,2992208485",5,"73,7816525","68,9548154206","R$ 73,78 (68,95%)","R$ 73,78 (68,95%)","636,9733969697","636,9733969697","636,9733969697","636,9733969697",,,,,,,,,,,,,,
7QgbFISQSkim9aQvZJS05g,pac.simone@hotmail.com,,Calabresa com Catupiry - Calzone Broto ,68,1,44,"144,32","33,8664516129","21,6958633333","21,6958633333","31,9056813725","34,3277773256","R$ 21,70 (31,91%)","1,2992208485",5,"42,9041366667","63,0943186275","R$ 42,90 (63,09%)","R$ 42,90 (63,09%)","636,9733969697","636,9733969697","636,9733969697","636,9733969697",,,,,,,,,,,,,,
JoMOigSCQoKlXtXS0xagCw,pac.simone@hotmail.com,,Calabresa com Catupiry - Calzone Grande,"107,9",1,44,"144,32","33,8664516129","35,9945141667","35,9945141667","33,3591419524","34,3277773256","R$ 35,99 (33,36%)","1,2992208485",5,"66,5104858333","61,6408580476","R$ 66,51 (61,64%)","R$ 66,51 (61,64%)","636,9733969697","636,9733969697","636,9733969697","636,9733969697",,,,,,,,,,,,,,
cryeije8QnqkemglOw5n6A,pac.simone@hotmail.com,,Carne Seca com Catupiry - Calzone Broto ,68,1,44,"144,32","33,8664516129","25,8824633333","25,8824633333","38,0624460784","34,3277773256","R$ 25,88 (38,06%)","1,2992208485",5,"38,7175366667","56,9375539216","R$ 38,72 (56,94%)","R$ 38,72 (56,94%)","636,9733969697","636,9733969697","636,9733969697","636,9733969697",,,,,,,,,,,,,,
mQXf-SxSTy2bOAyW7wWeSA,pac.simone@hotmail.com,,Carne Seca com Catupiry - Calzone Grande,"107,9",1,44,"144,32","33,8664516129","44,3677141667","44,3677141667","41,1192902379","34,3277773256","R$ 44,37 (41,12%)","1,2992208485",5,"58,1372858333","53,8807097621","R$ 58,14 (53,88%)","R$ 58,14 (53,88%)","636,9733969697","636,9733969697","636,9733969697","636,9733969697",,,,,,,,,,,,,,
Hjv6BuMXR1G1aixU1EStPg,pac.simone@hotmail.com,,Frango com Catupiry - Calzone Broto,68,1,44,"144,32","33,8664516129","19,6626065686","19,6626065686","28,915597895","34,3277773256","R$ 19,66 (28,92%)","1,2992208485",5,"44,9373934314","66,084402105","R$ 44,94 (66,08%)","R$ 44,94 (66,08%)","636,9733969697","636,9733969697","636,9733969697","636,9733969697",,,,,,,,,,,,,,
IMXl3wcdSFC7LyEgvFOu9A,pac.simone@hotmail.com,,Frango com Catupiry - Calzone Grande,"107,9",1,44,"144,32","33,8664516129","33,9738258333","33,9738258333","31,4864002162","34,3277773256","R$ 33,97 (31,49%)","1,2992208485",5,"68,5311741667","63,5135997838","R$ 68,53 (63,51%)","R$ 68,53 (63,51%)","636,9733969697","636,9733969697","636,9733969697","636,9733969697",,,,,,,,,,,,,,
qotkLhccTUaMfSkcwT2w9Q,pac.simone@hotmail.com,,Marguerita - Calzone Broto ,68,1,44,"144,32","33,8664516129","16,47313","16,47313","24,2251911765","34,3277773256","R$ 16,47 (24,23%)","1,2992208485",5,"48,12687","70,7748088235","R$ 48,13 (70,77%)","R$ 48,13 (70,77%)","636,9733969697","636,9733969697","636,9733969697","636,9733969697",,,,,,,,,,,,,,
ldqVPY6tSpuY9qk7f0AhSg,pac.simone@hotmail.com,,Marguerita - Calzone Grande ,"107,9",1,44,"144,32","33,8664516129","36,1935375","36,1935375","33,5435936052","34,3277773256","R$ 36,19 (33,54%)","1,2992208485",5,"66,3114625","61,4564063948","R$ 66,31 (61,46%)","R$ 66,31 (61,46%)","636,9733969697","636,9733969697","636,9733969697","636,9733969697",,,,,,,,,,,,,,
E0S2uyLsQhK7IvKnhaW0QA,pac.simone@hotmail.com,,Palmito - Calzone Broto ,68,1,44,"144,32","33,8664516129","19,4107966667","19,4107966667","28,5452892157","34,3277773256","R$ 19,41 (28,55%)","1,2992208485",5,"45,1892033333","66,4547107843","R$ 45,19 (66,45%)","R$ 45,19 (66,45%)","636,9733969697","636,9733969697","636,9733969697","636,9733969697",,,,,,,,,,,,,,
osV9C442SaWJDbSpMls48A,pac.simone@hotmail.com,,Palmito - Calzone Grande,"107,9",1,44,"144,32","33,8664516129","35,9787808333","35,9787808333","33,3445605499","34,3277773256","R$ 35,98 (33,34%)","1,2992208485",5,"66,5262191667","61,6554394501","R$ 66,53 (61,66%)","R$ 66,53 (61,66%)","636,9733969697","636,9733969697","636,9733969697","636,9733969697",,,,,,,,,,,,,,
S.tBkG-7ReGZuLpSwM2aww,pac.simone@hotmail.com,,Pepperoni - Calzone Broto,68,1,44,"144,32","33,8664516129","19,18553","19,18553","28,2140147059","34,3277773256","R$ 19,19 (28,21%)","1,2992208485",5,"45,41447","66,7859852941","R$ 45,41 (66,79%)","R$ 45,41 (66,79%)","636,9733969697","636,9733969697","636,9733969697","636,9733969697",,,,,,,,,,,,,,
UZpz8QNtTqiY45rJFcCWDA,pac.simone@hotmail.com,,Pepperoni - Calzone Grande,"107,9",1,44,"144,32","33,8664516129","35,5282475","35,5282475","32,9270134384","34,3277773256","R$ 35,53 (32,93%)","1,2992208485",5,"66,9767525","62,0729865616","R$ 66,98 (62,07%)","R$ 66,98 (62,07%)","636,9733969697","636,9733969697","636,9733969697","636,9733969697",,,,,,,,,,,,,,
eHNrsYx.RpCCpcN.Wv32nA,pac.simone@hotmail.com,,Banana - Pizza Broto,"58,9",1,44,"144,32","33,8664516129","11,851","11,851","20,1205432937","34,3277773256","R$ 11,85 (20,12%)","1,2992208485",5,"44,104","74,8794567063","R$ 44,10 (74,88%)","R$ 44,10 (74,88%)","636,9733969697","636,9733969697","636,9733969697","636,9733969697",,,,,,,,,,,,,,
Ng.k-0KSQbC.OOkMlGrt5A,pac.simone@hotmail.com,,Banana - Pizza Grande,"93,8",1,44,"144,32","33,8664516129","21,542","21,542","22,9658848614","34,3277773256","R$ 21,54 (22,97%)","1,2992208485",5,"67,568","72,0341151386","R$ 67,57 (72,03%)","R$ 67,57 (72,03%)","636,9733969697","636,9733969697","636,9733969697","636,9733969697",,,,,,,,,,,,,,
qDh58JX2QOG5v3IHFE6Anw,pac.simone@hotmail.com,,Banana & Chocolate - Pizza Broto ,"62,9",1,44,"144,32","33,8664516129","12,28525","12,28525","19,5313990461","34,3277773256","R$ 12,29 (19,53%)","1,2992208485",5,"47,46975","75,4686009539","R$ 47,47 (75,47%)","R$ 47,47 (75,47%)","636,9733969697","636,9733969697","636,9733969697","636,9733969697",,,,,,,,,,,,,,
XSbmuQ-bQ8iOAiKGEo01Hw,pac.simone@hotmail.com,,Banana & Chocolate - Pizza Grande,"99,8",1,44,"144,32","33,8664516129","22,4105","22,4105","22,4554108216","34,3277773256","R$ 22,41 (22,46%)","1,2992208485",5,"72,3995","72,5445891784","R$ 72,40 (72,54%)","R$ 72,40 (72,54%)","636,9733969697","636,9733969697","636,9733969697","636,9733969697",,,,,,,,,,,,,,
cj4JvqiRTy2bDeByH22WCQ,pac.simone@hotmail.com,,Banana Nevada - Pizza Broto ,"68,9",1,44,"144,32","33,8664516129","19,371","19,371","28,114658926","34,3277773256","R$ 19,37 (28,11%)","1,2992208485",5,"46,084","66,885341074","R$ 46,08 (66,89%)","R$ 46,08 (66,89%)","636,9733969697","636,9733969697","636,9733969697","636,9733969697",,,,,,,,,,,,,,
WuRuRXJ7RsKVRMoFWb2EaQ,pac.simone@hotmail.com,,Banana Nevada - Pizza Grande,"107,9",1,44,"144,32","33,8664516129","33,574","33,574","31,1158480074","34,3277773256","R$ 33,57 (31,12%)","1,2992208485",5,"68,931","63,8841519926","R$ 68,93 (63,88%)","R$ 68,93 (63,88%)","636,9733969697","636,9733969697","636,9733969697","636,9733969697",,,,,,,,,,,,,,
hNKCxSQWSFaCKWulZiZx.A,pac.simone@hotmail.com,,Banoffee - Pizza Broto ,"73,9",1,44,"144,32","33,8664516129","21,8735","21,8735","29,598782138","34,3277773256","R$ 21,87 (29,60%)","1,2992208485",5,"48,3315","65,401217862","R$ 48,33 (65,40%)","R$ 48,33 (65,40%)","636,9733969697","636,9733969697","636,9733969697","636,9733969697",,,,,,,,,,,,,,
sm4h4aT5Q.q3Q9xxx.-Gsg,pac.simone@hotmail.com,,Banoffee - Pizza Grande,"113,8",1,44,"144,32","33,8664516129","41,587","41,587","36,5439367311","34,3277773256","R$ 41,59 (36,54%)","1,2992208485",5,"66,523","58,4560632689","R$ 66,52 (58,46%)","R$ 66,52 (58,46%)","636,9733969697","636,9733969697","636,9733969697","636,9733969697",,,,,,,,,,,,,,
FJDVCvFPRfmWrAlCjWHNcA,pac.simone@hotmail.com,,Goiabada ao Cream Cheese - Pizza Broto ,"63,9",1,44,"144,32","33,8664516129","14,0851","14,0851","22,0424100156","34,3277773256","R$ 14,09 (22,04%)","1,2992208485",5,"46,6199","72,9575899844","R$ 46,62 (72,96%)","R$ 46,62 (72,96%)","636,9733969697","636,9733969697","636,9733969697","636,9733969697",,,,,,,,,,,,,,
S2N49FKPSy2S22UhY7xbeg,pac.simone@hotmail.com,,Goiabada ao Cream Cheese - Pizza Grande,"101,8",1,44,"144,32","33,8664516129","25,6222","25,6222","25,1691552063","34,3277773256","R$ 25,62 (25,17%)","1,2992208485",5,"71,0878","69,8308447937","R$ 71,09 (69,83%)","R$ 71,09 (69,83%)","636,9733969697","636,9733969697","636,9733969697","636,9733969697",,,,,,,,,,,,,,
KMIbndEmQ3aFMUFO2UmwOg,pac.simone@hotmail.com,,Morango & Chocolate - Pizza Broto ,"64,9",1,44,"144,32","33,8664516129","13,33825","13,33825","20,5520030817","34,3277773256","R$ 13,34 (20,55%)","1,2992208485",5,"48,31675","74,4479969183","R$ 48,32 (74,45%)","R$ 48,32 (74,45%)","636,9733969697","636,9733969697","636,9733969697","636,9733969697",,,,,,,,,,,,,,
gRJDcdiIQYanqsz44f7vCg,pac.simone@hotmail.com,,Morango & Chocolate - Pizza Grande,"103,8",1,44,"144,32","33,8664516129","24,5165","24,5165","23,6189788054","34,3277773256","R$ 24,52 (23,62%)","1,2992208485",5,"74,0935","71,3810211946","R$ 74,09 (71,38%)","R$ 74,09 (71,38%)","636,9733969697","636,9733969697","636,9733969697","636,9733969697",,,,,,,,,,,,,,
9Y4TMVX-TRipSm8ETT7-uA,pac.simone@hotmail.com,,Nutella & Banana - Pizza Broto ,"68,9",1,44,"144,32","33,8664516129","18,004","18,004","26,1306240929","34,3277773256","R$ 18,00 (26,13%)","1,2992208485",5,"47,451","68,8693759071","R$ 47,45 (68,87%)","R$ 47,45 (68,87%)","636,9733969697","636,9733969697","636,9733969697","636,9733969697",,,,,,,,,,,,,,
Jm-klMYNRBSs-gEz4VLV8g,pac.simone@hotmail.com,,Nutella & Banana - Pizza Grande,"107,8",1,44,"144,32","33,8664516129","33,848","33,848","31,3988868275","34,3277773256","R$ 33,85 (31,40%)","1,2992208485",5,"68,562","63,6011131725","R$ 68,56 (63,60%)","R$ 68,56 (63,60%)","636,9733969697","636,9733969697","636,9733969697","636,9733969697",,,,,,,,,,,,,,
OGJVQStxRpemZHBX3pYy1Q,pac.simone@hotmail.com,,Nutella & Confete - Pizza Broto ,"66,9",1,44,"144,32","33,8664516129","16,1536","16,1536","24,1458893871","34,3277773256","R$ 16,15 (24,15%)","1,2992208485",5,"47,4014","70,8541106129","R$ 47,40 (70,85%)","R$ 47,40 (70,85%)","636,9733969697","636,9733969697","636,9733969697","636,9733969697",,,,,,,,,,,,,,
iqkQmvqvTYuPp5acQZ.WZw,pac.simone@hotmail.com,,Nutella & Confete - Pizza Grande,"105,8",1,44,"144,32","33,8664516129","30,1472","30,1472","28,4945179584","34,3277773256","R$ 30,15 (28,49%)","1,2992208485",5,"70,3628","66,5054820416","R$ 70,36 (66,51%)","R$ 70,36 (66,51%)","636,9733969697","636,9733969697","636,9733969697","636,9733969697",,,,,,,,,,,,,,
7Y9Vr0VhS1SSdLt43Ol7Rg,pac.simone@hotmail.com,,Nutella & Morango - Pizza Broto ,"69,9",1,44,"144,32","33,8664516129","19,057","19,057","27,2632331903","34,3277773256","R$ 19,06 (27,26%)","1,2992208485",5,"47,348","67,7367668097","R$ 47,35 (67,74%)","R$ 47,35 (67,74%)","636,9733969697","636,9733969697","636,9733969697","636,9733969697",,,,,,,,,,,,,,
8urvwNCySPO7gCY4PIg4Vw,pac.simone@hotmail.com,,Nutella & Morango - Pizza Grande,"109,8",1,44,"144,32","33,8664516129","35,954","35,954","32,7449908925","34,3277773256","R$ 35,95 (32,74%)","1,2992208485",5,"68,356","62,2550091075","R$ 68,36 (62,26%)","R$ 68,36 (62,26%)","636,9733969697","636,9733969697","636,9733969697","636,9733969697",,,,,,,,,,,,,,
NyUXNGDWR664lApy-7IvOA,pac.simone@hotmail.com,,Ouro Branco - Pizza Broto ,"69,9",1,44,"144,32","33,8664516129","24,0329465541","24,0329465541","34,3818977885","34,3277773256","R$ 24,03 (34,38%)","1,2992208485",5,"42,3720534459","60,6181022115","R$ 42,37 (60,62%)","R$ 42,37 (60,62%)","636,9733969697","636,9733969697","636,9733969697","636,9733969697",,,,,,,,,,,,,,
RFHvw2zvRramRrShMwnm0A,pac.simone@hotmail.com,,Ouro Branco - Pizza Grande,"109,8",1,44,"144,32","33,8664516129","45,1298931083","45,1298931083","41,1019062917","34,3277773256","R$ 45,13 (41,10%)","1,2992208485",5,"59,1801068917","53,8980937083","R$ 59,18 (53,90%)","R$ 59,18 (53,90%)","636,9733969697","636,9733969697","636,9733969697","636,9733969697",,,,,,,,,,,,,,
WkYzjKDkSl-k66G.O3okAQ,pac.simone@hotmail.com,,Pistache - Pizza Broto ,"73,9",1,44,"144,32","33,8664516129","27,1525","27,1525","36,7422192152","34,3277773256","R$ 27,15 (36,74%)","1,2992208485",5,"43,0525","58,2577807848","R$ 43,05 (58,26%)","R$ 43,05 (58,26%)","636,9733969697","636,9733969697","636,9733969697","636,9733969697",,,,,,,,,,,,,,
qsls0dkVSoeR8gpa2rkNGg,pac.simone@hotmail.com,,Pistache - Pizza Grande,"115,8",1,44,"144,32","33,8664516129","40,385","40,385","34,8747841105","34,3277773256","R$ 40,39 (34,87%)","1,2992208485",5,"69,625","60,1252158895","R$ 69,63 (60,13%)","R$ 69,63 (60,13%)","636,9733969697","636,9733969697","636,9733969697","636,9733969697",,,,,,,,,,,,,,
xO3uJV7uQ4WksRpiY6Nxvw,pac.simone@hotmail.com,,Sonho de Valsa - Pizza Broto,"69,9",1,44,"144,32","33,8664516129","24,0329465541","24,0329465541","34,3818977885","34,3277773256","R$ 24,03 (34,38%)","1,2992208485",5,"42,3720534459","60,6181022115","R$ 42,37 (60,62%)","R$ 42,37 (60,62%)","636,9733969697","636,9733969697","636,9733969697","636,9733969697",,,,,,,,,,,,,,
hDDPzT86SCGfabuMlWMF0Q,pac.simone@hotmail.com,,Sonho de Valsa - Pizza Grande,"109,8",1,44,"144,32","33,8664516129","45,1298931083","45,1298931083","41,1019062917","34,3277773256","R$ 45,13 (41,10%)","1,2992208485",5,"59,1801068917","53,8980937083","R$ 59,18 (53,90%)","R$ 59,18 (53,90%)","636,9733969697","636,9733969697","636,9733969697","636,9733969697",,,,,,,,,,,,,,
FAEZbrd6SCan1jzZhBwydw,livingnaturalgastronomia@outlook.com,Admin,Penne ao Molho Bechamel com Brócolis,"29,9",1,44,"144,32","33,8664516129",0,0,0,"34,3277773256","R$ 0,00 (0,00%)","1,2992208485",5,"28,405",95,"R$ 28,40 (95,00%)","R$ 28,40 (95,00%)","636,9733969697","636,9733969697","636,9733969697","636,9733969697",,,,,,,,,,,,,,
gnQtE4QxQbSV75Mw3O.LJg,livingnaturalgastronomia@outlook.com,Admin,Molho Bechamel,"24,9",1,44,"144,32","33,8664516129",0,0,0,"34,3277773256","R$ 0,00 (0,00%)","1,2992208485",5,"23,655",95,"R$ 23,65 (95,00%)","R$ 23,65 (95,00%)","636,9733969697","636,9733969697","636,9733969697","636,9733969697",,,,,,,,,,,,,,
WDPRHb6uQ9KNK16EPjzFqw,adrianorissi10@gmail.com,,Bife a milanesa ,"28,9",1,44,"144,32","33,8664516129","6,6965","6,6965","23,1712802768","34,3277773256","R$ 6,70 (23,17%)","1,2992208485",5,"20,7585","71,8287197232","R$ 20,76 (71,83%)","R$ 20,76 (71,83%)","636,9733969697","636,9733969697","636,9733969697","636,9733969697",,,,,,,,,,,,,,
vxjvjbkKTrKm2.lcJqCkLQ,pac.simone@hotmail.com,,Oreo - Pizza Broto,"69,9",1,44,"144,32","33,8664516129","20,9989907407","20,9989907407","30,0414745933","34,3277773256","R$ 21,00 (30,04%)","1,2992208485",5,"45,4060092593","64,9585254067","R$ 45,41 (64,96%)","R$ 45,41 (64,96%)","636,9733969697","636,9733969697","636,9733969697","636,9733969697",,,,,,,,,,,,,,
Lhcmp-5LRcWIU--.sh7QmA,pac.simone@hotmail.com,,Oreo - Pizza Grande,"109,8",1,44,"144,32","33,8664516129","39,8379814815","39,8379814815","36,2823146462","34,3277773256","R$ 39,84 (36,28%)","1,2992208485",5,"64,4720185185","58,7176853538","R$ 64,47 (58,72%)","R$ 64,47 (58,72%)","636,9733969697","636,9733969697","636,9733969697","636,9733969697",,,,,,,,,,,,,,
q7jwZNdrRpekzOAD66aUZw,pac.simone@hotmail.com,,Água Mineral com Gás -500ml,5,1,44,"144,32","33,8664516129","2,99","2,99","59,8","34,3277773256","R$ 2,99 (59,80%)","1,2992208485",5,"1,76","35,2","R$ 1,76 (35,20%)","R$ 1,76 (35,20%)","636,9733969697","636,9733969697","636,9733969697","636,9733969697",,,,,,,,,,,,,,
JfuNX9F9RX-mMK.9PoeDSQ,pac.simone@hotmail.com,,Água Mineral sem Gás - 500ml,5,1,44,"144,32","33,8664516129","2,99","2,99","59,8","34,3277773256","R$ 2,99 (59,80%)","1,2992208485",5,"1,76","35,2","R$ 1,76 (35,20%)","R$ 1,76 (35,20%)","636,9733969697","636,9733969697","636,9733969697","636,9733969697",,,,,,,,,,,,,,
UTUJqa5sR1uXihO0YUkMmA,pac.simone@hotmail.com,,Cerveja Heineken - 330 ml ,14,1,44,"144,32","33,8664516129",,,,"34,3277773256", (),"1,2992208485",5,"13,3",95,"R$ 13,30 (95,00%)",,"636,9733969697","636,9733969697","636,9733969697","636,9733969697",,,,,,,,,,,,,,
H1AXJo0IQ5i0.U4BsZZFlA,pac.simone@hotmail.com,,Cerveja Heineken Zero - 330ml,14,1,44,"144,32","33,8664516129",,,,"34,3277773256", (),"1,2992208485",5,"13,3",95,"R$ 13,30 (95,00%)",,"636,9733969697","636,9733969697","636,9733969697","636,9733969697",,,,,,,,,,,,,,
LU5QOu4xQIuJJwV7gYXPDA,pac.simone@hotmail.com,,Coca-Cola Original - 350 ml,"7,99",1,44,"144,32","33,8664516129","3,1","3,1","38,7984981227","34,3277773256","R$ 3,10 (38,80%)","1,2992208485",5,"4,4905","56,2015018773","R$ 4,49 (56,20%)","R$ 4,49 (56,20%)","636,9733969697","636,9733969697","636,9733969697","636,9733969697",,,,,,,,,,,,,,
Bhcdv3zZQPyc8HgS.aSLmQ,pac.simone@hotmail.com,,Coca-Cola Zero - 350 ml,"7,99",1,44,"144,32","33,8664516129","3,0633","3,0633","38,3391739675","34,3277773256","R$ 3,06 (38,34%)","1,2992208485",5,"4,5272","56,6608260325","R$ 4,53 (56,66%)","R$ 4,53 (56,66%)","636,9733969697","636,9733969697","636,9733969697","636,9733969697",,,,,,,,,,,,,,
N-WTYkLmSwqP1VnzL3SiRQ,pac.simone@hotmail.com,,Fanta Laranja - 350 ml,"6,5",1,44,"144,32","33,8664516129","2,8725","2,8725","44,1923076923","34,3277773256","R$ 2,87 (44,19%)","1,2992208485",5,"3,3025","50,8076923077","R$ 3,30 (50,81%)","R$ 3,30 (50,81%)","636,9733969697","636,9733969697","636,9733969697","636,9733969697",,,,,,,,,,,,,,
7iUO9yheQY2IAD.Dj5rURA,pac.simone@hotmail.com,,Fanta Uva - 350 ml,"6,5",1,44,"144,32","33,8664516129","2,873333","2,873333","44,2051230769","34,3277773256","R$ 2,87 (44,21%)","1,2992208485",5,"3,301667","50,7948769231","R$ 3,30 (50,79%)","R$ 3,30 (50,79%)","636,9733969697","636,9733969697","636,9733969697","636,9733969697",,,,,,,,,,,,,,
a-G-Zo4sSQ7KksDJBBfBEyw,pac.simone@hotmail.com,,Guaraná Antarctica - 350 ml,"6,5",,44,"144,32","33,8664516129",,,,"34,3277773256", (),"1,2992208485",5,"6,175",95,"R$ 6,18 (95,00%)",,"636,9733969697","636,9733969697","636,9733969697","636,9733969697",,,,,,,,,,,,,,
9obSGGHVSR6kEaiQsbjsaA,pac.simone@hotmail.com,,Guaraná Antarctica Zero - 350 ml,"6,5",,44,"144,32","33,8664516129",,,,"34,3277773256", (),"1,2992208485",5,"6,175",95,"R$ 6,18 (95,00%)",,"636,9733969697","636,9733969697","636,9733969697","636,9733969697",,,,,,,,,,,,,,
lZPWkzDFSPSMb11gXBPOOA,pac.simone@hotmail.com,,Sprit - 350 ml,8,1,44,"144,32","33,8664516129","2,87","2,87","35,875","34,3277773256","R$ 2,87 (35,88%)","1,2992208485",5,"4,73","59,125","R$ 4,73 (59,13%)","R$ 4,73 (59,13%)","636,9733969697","636,9733969697","636,9733969697","636,9733969697",,,,,,,,,,,,,,
WTEvQ8GSQVCV.L3ABNDxwg,pac.simone@hotmail.com,,Sprit Zero - 350 ml,8,1,44,"144,32","33,8664516129","2,86","2,86","35,75","34,3277773256","R$ 2,86 (35,75%)","1,2992208485",5,"4,74","59,25","R$ 4,74 (59,25%)","R$ 4,74 (59,25%)","636,9733969697","636,9733969697","636,9733969697","636,9733969697",,,,,,,,,,,,,,
RsZvJHzIR7e9VgDb4tnafg,pac.simone@hotmail.com,,Coca-Cola Original - 2 Litros ,17,1,44,"144,32","33,8664516129","9,934444","9,934444","58,4379058824","34,3277773256","R$ 9,93 (58,44%)","1,2992208485",5,"6,215556","36,5620941176","R$ 6,22 (36,56%)","R$ 6,22 (36,56%)","636,9733969697","636,9733969697","636,9733969697","636,9733969697",,,,,,,,,,,,,,
HFn0fjw.QTaIsYPF41KmhA,pac.simone@hotmail.com,,Coca-Cola Zero - 2 Litros ,17,1,44,"144,32","33,8664516129","9,934583","9,934583","58,4387235294","34,3277773256","R$ 9,93 (58,44%)","1,2992208485",5,"6,215417","36,5612764706","R$ 6,22 (36,56%)","R$ 6,22 (36,56%)","636,9733969697","636,9733969697","636,9733969697","636,9733969697",,,,,,,,,,,,,,
iW9OwiAxTe--dqxzAFTrmg,pac.simone@hotmail.com,,"Coca-Cola Original - 1,5 Litros","16,99",1,44,"144,32","33,8664516129","8,6288","8,6288","50,7875220718","34,3277773256","R$ 8,63 (50,79%)","1,2992208485",5,"7,5117","44,2124779282","R$ 7,51 (44,21%)","R$ 7,51 (44,21%)","636,9733969697","636,9733969697","636,9733969697","636,9733969697",,,,,,,,,,,,,,
TpSUZqZaQLW9NlsJBNTNoQ,pac.simone@hotmail.com,,"Coca-Cola Zero - 1,5 Litros","18,99",1,44,"144,32","33,8664516129","8,6288","8,6288","45,4386519221","34,3277773256","R$ 8,63 (45,44%)","1,2992208485",5,"9,4117","49,5613480779","R$ 9,41 (49,56%)","R$ 9,41 (49,56%)","636,9733969697","636,9733969697","636,9733969697","636,9733969697",,,,,,,,,,,,,,
pnv3it3FSCKx1RRh1fqZZA,pac.simone@hotmail.com,,"Fanta Laranja - 1,5 Litros",16,1,44,"144,32","33,8664516129",,,,"34,3277773256", (),"1,2992208485",5,"15,2",95,"R$ 15,20 (95,00%)",,"636,9733969697","636,9733969697","636,9733969697","636,9733969697",,,,,,,,,,,,,,
hw8VjOyzR56KNXRn4cM5Nw,pac.simone@hotmail.com,,"Guarana Antarctica - 1,5 Litros","15,99",1,44,"144,32","33,8664516129",,,,"34,3277773256", (),"1,2992208485",5,"15,1905",95,"R$ 15,19 (95,00%)",,"636,9733969697","636,9733969697","636,9733969697","636,9733969697",,,,,,,,,,,,,,
kdbq5iCoRVmxoyn1paP6SQ,pac.simone@hotmail.com,,"Guaraná Antarctica Zero - 1,5 Litros",14,,44,"144,32","33,8664516129",,,,"34,3277773256", (),"1,2992208485",5,"13,3",95,"R$ 13,30 (95,00%)",,"636,9733969697","636,9733969697","636,9733969697","636,9733969697",,,,,,,,,,,,,,
BRPl57FLQSuWWaBGcfDzrw,pac.simone@hotmail.com,,Suco Del Valle Abacaxi - 1 Litro,13,1,44,"144,32","33,8664516129",,,,"34,3277773256", (),"1,2992208485",5,"12,35",95,"R$ 12,35 (95,00%)",,"636,9733969697","636,9733969697","636,9733969697","636,9733969697",,,,,,,,,,,,,,
4UlRnJ1MR22.8VvZ1hpwAA,pac.simone@hotmail.com,,Suco Del Valle Maracujá - 1 Litro,13,1,44,"144,32","33,8664516129",,,,"34,3277773256", (),"1,2992208485",5,"12,35",95,"R$ 12,35 (95,00%)",,"636,9733969697","636,9733969697","636,9733969697","636,9733969697",,,,,,,,,,,,,,
810GCdczTeWPSzcyMKwnIQ,pac.simone@hotmail.com,,Suco Del Valle Pêssego - 1 Litro,13,1,44,"144,32","33,8664516129",,,,"34,3277773256", (),"1,2992208485",5,"12,35",95,"R$ 12,35 (95,00%)",,"636,9733969697","636,9733969697","636,9733969697","636,9733969697",,,,,,,,,,,,,,
SdLPU05NS.O.vJWa6jvPOA,pac.simone@hotmail.com,,Suco Del Valle Uva - 1 Litro ,13,1,44,"144,32","33,8664516129",,,,"34,3277773256", (),"1,2992208485",5,"12,35",95,"R$ 12,35 (95,00%)",,"636,9733969697","636,9733969697","636,9733969697","636,9733969697",,,,,,,,,,,,,,
cjBoca-JSn2dLDA9dE.Tmw,pac.simone@hotmail.com,,Borda Recheada Catupiry - Broto,13,1,44,"144,32","33,8664516129","7,5906666667","7,5906666667","58,3897435897","34,3277773256","R$ 7,59 (58,39%)","1,2992208485",5,"4,7593333333","36,6102564103","R$ 4,76 (36,61%)","R$ 4,76 (36,61%)","636,9733969697","636,9733969697","636,9733969697","636,9733969697",,,,,,,,,,,,,,
s9sLa3tATKaqEOUMY.YGqg,pac.simone@hotmail.com,,Borda Recheada Catupiry - Grande ,16,1,44,"144,32","33,8664516129","12,9041333333","12,9041333333","80,6508333333","34,3277773256","R$ 12,90 (80,65%)","1,2992208485",5,"2,2958666667","14,3491666667","R$ 2,30 (14,35%)","R$ 2,30 (14,35%)","636,9733969697","636,9733969697","636,9733969697","636,9733969697",,,,,,,,,,,,,,
b777lXb7T5KY6p-okfIcUA,pac.simone@hotmail.com,,Borda Recheada Cheddar - Broto,13,1,44,"144,32","33,8664516129","7,108","7,108","54,6769230769","34,3277773256","R$ 7,11 (54,68%)","1,2992208485",5,"5,242","40,3230769231","R$ 5,24 (40,32%)","R$ 5,24 (40,32%)","636,9733969697","636,9733969697","636,9733969697","636,9733969697",,,,,,,,,,,,,,
lUBOk07KTaaWxpU-T-f7zg,pac.simone@hotmail.com,,Borda Recheada Cheddar - Grande,16,1,44,"144,32","33,8664516129","12,0836","12,0836","75,5225","34,3277773256","R$ 12,08 (75,52%)","1,2992208485",5,"3,1164","19,4775","R$ 3,12 (19,48%)","R$ 3,12 (19,48%)","636,9733969697","636,9733969697","636,9733969697","636,9733969697",,,,,,,,,,,,,,
9odPNU.0Q7aVmGINhEgIuA,pac.simone@hotmail.com,,Borda Recheada de Chocolate ao Leite - Broto,"14,9",1,44,"144,32","33,8664516129","4,98075","4,98075","33,427852349","34,3277773256","R$ 4,98 (33,43%)","1,2992208485",5,"9,17425","61,572147651","R$ 9,17 (61,57%)","R$ 9,17 (61,57%)","636,9733969697","636,9733969697","636,9733969697","636,9733969697",,,,,,,,,,,,,,
VCrmRlX1Tryps9BymnPI3A,pac.simone@hotmail.com,,Borda Recheada Chocolate ao Leite - Grande,15,1,44,"144,32","33,8664516129","9,9615","9,9615","66,41","34,3277773256","R$ 9,96 (66,41%)","1,2992208485",5,"4,2885","28,59","R$ 4,29 (28,59%)","R$ 4,29 (28,59%)","636,9733969697","636,9733969697","636,9733969697","636,9733969697",,,,,,,,,,,,,,
B-kYQFUsRRuRBPnpUr4R8w,pac.simone@hotmail.com,,Borda Recheada Cream Cheese - Broto,13,1,44,"144,32","33,8664516129","5,1405","5,1405","39,5423076923","34,3277773256","R$ 5,14 (39,54%)","1,2992208485",5,"7,2095","55,4576923077","R$ 7,21 (55,46%)","R$ 7,21 (55,46%)","636,9733969697","636,9733969697","636,9733969697","636,9733969697",,,,,,,,,,,,,,
bWZeqAbuRNyXe7FdGx0xHg,pac.simone@hotmail.com,,Borda Recheada Cream Cheese - Grande,16,1,44,"144,32","33,8664516129","6,854","6,854","42,8375","34,3277773256","R$ 6,85 (42,84%)","1,2992208485",5,"8,346","52,1625","R$ 8,35 (52,16%)","R$ 8,35 (52,16%)","636,9733969697","636,9733969697","636,9733969697","636,9733969697",,,,,,,,,,,,,,
rN.sYoNkS4uM8uQRADWADg,pac.simone@hotmail.com,,Borda Recheada Mussarela - Broto,15,1,44,"144,32","33,8664516129","5,044","5,044","33,6266666667","34,3277773256","R$ 5,04 (33,63%)","1,2992208485",5,"9,206","61,3733333333","R$ 9,21 (61,37%)","R$ 9,21 (61,37%)","636,9733969697","636,9733969697","636,9733969697","636,9733969697",,,,,,,,,,,,,,
79vf6YSwT6uV5x-rMjRvnA,pac.simone@hotmail.com,,Borda Recheada Mussarela - Grande,18,1,44,"144,32","33,8664516129","7,76","7,76","43,1111111111","34,3277773256","R$ 7,76 (43,11%)","1,2992208485",5,"9,34","51,8888888889","R$ 9,34 (51,89%)","R$ 9,34 (51,89%)","636,9733969697","636,9733969697","636,9733969697","636,9733969697",,,,,,,,,,,,,,
tmnxN0njT1OIHabu7PTF2A,pac.simone@hotmail.com,,Borda Recheada de Romeu e Julieta - Broto,"14,9",1,44,"144,32","33,8664516129","4,976","4,976","33,3959731544","34,3277773256","R$ 4,98 (33,40%)","1,2992208485",5,"9,179","61,6040268456","R$ 9,18 (61,60%)","R$ 9,18 (61,60%)","636,9733969697","636,9733969697","636,9733969697","636,9733969697",,,,,,,,,,,,,,
a.-fKvOSRQq-rAcrHLhYDPA,pac.simone@hotmail.com,,Borda Tradicional Romeu e Julieta - Grande,15,1,44,"144,32","33,8664516129","8,4592","8,4592","56,3946666667","34,3277773256","R$ 8,46 (56,39%)","1,2992208485",5,"5,7908","38,6053333333","R$ 5,79 (38,61%)","R$ 5,79 (38,61%)","636,9733969697","636,9733969697","636,9733969697","636,9733969697",,,,,,,,,,,,,,
sVY6owUnQ6qXLbO0L-L98Q,pac.simone@hotmail.com,,Borda Vulcão Banana Nevada - Broto,"19,9",1,44,"144,32","33,8664516129","5,5581","5,5581","27,9301507538","34,3277773256","R$ 5,56 (27,93%)","1,2992208485",5,"13,3469","67,0698492462","R$ 13,35 (67,07%)","R$ 13,35 (67,07%)","636,9733969697","636,9733969697","636,9733969697","636,9733969697",,,,,,,,,,,,,,
KZjUg4RJSGaIPrt2iTMpUg,pac.simone@hotmail.com,,Borda Vulcão Banana Nevada - Grande,25,1,44,"144,32","33,8664516129","8,409","8,409","33,636","34,3277773256","R$ 8,41 (33,64%)","1,2992208485",5,"15,341","61,364","R$ 15,34 (61,36%)","R$ 15,34 (61,36%)","636,9733969697","636,9733969697","636,9733969697","636,9733969697",,,,,,,,,,,,,,
y-yFxUmGR2Sc.4GeovnQHQ,pac.simone@hotmail.com,,Borda Vulcão Catupiry - Broto,16,1,44,"144,32","33,8664516129","7,5906666667","7,5906666667","47,4416666667","34,3277773256","R$ 7,59 (47,44%)","1,2992208485",5,"7,6093333333","47,5583333333","R$ 7,61 (47,56%)","R$ 7,61 (47,56%)","636,9733969697","636,9733969697","636,9733969697","636,9733969697",,,,,,,,,,,,,,
IX6tweDNS6GZVb8A.9sTXQ,pac.simone@hotmail.com,,Borda Vulcão Catupiry - Grande,19,1,44,"144,32","33,8664516129","12,9041333333","12,9041333333","67,9164912281","34,3277773256","R$ 12,90 (67,92%)","1,2992208485",5,"5,1458666667","27,0835087719","R$ 5,15 (27,08%)","R$ 5,15 (27,08%)","636,9733969697","636,9733969697","636,9733969697","636,9733969697",,,,,,,,,,,,,,
odlDLXDPQiaQkcJKDJpkoQ,pac.simone@hotmail.com,,Borda Vulcão Chedder - Broto,15,1,44,"144,32","33,8664516129","7,108","7,108","47,3866666667","34,3277773256","R$ 7,11 (47,39%)","1,2992208485",5,"7,142","47,6133333333","R$ 7,14 (47,61%)","R$ 7,14 (47,61%)","636,9733969697","636,9733969697","636,9733969697","636,9733969697",,,,,,,,,,,,,,
TBT6n.lMRFmnQ8cZ6HI6Yg,pac.simone@hotmail.com,,Borda Vulcão Chedder - Grande,18,1,44,"144,32","33,8664516129","12,0836","12,0836","67,1311111111","34,3277773256","R$ 12,08 (67,13%)","1,2992208485",5,"5,0164","27,8688888889","R$ 5,02 (27,87%)","R$ 5,02 (27,87%)","636,9733969697","636,9733969697","636,9733969697","636,9733969697",,,,,,,,,,,,,,
Fn5cgCJITpK5t8UqusEwqQ,pac.simone@hotmail.com,,Borda Vulcão Chocolate ao Leite - Broto,14,1,44,"144,32","33,8664516129","4,98075","4,98075","35,5767857143","34,3277773256","R$ 4,98 (35,58%)","1,2992208485",5,"8,31925","59,4232142857","R$ 8,32 (59,42%)","R$ 8,32 (59,42%)","636,9733969697","636,9733969697","636,9733969697","636,9733969697",,,,,,,,,,,,,,
74-U5VWMT9i-cg9p4jyN-w,pac.simone@hotmail.com,,Borda Vulcão Chocolate ao Leite - Grande,17,1,44,"144,32","33,8664516129","9,9615","9,9615","58,5970588235","34,3277773256","R$ 9,96 (58,60%)","1,2992208485",5,"6,1885","36,4029411765","R$ 6,19 (36,40%)","R$ 6,19 (36,40%)","636,9733969697","636,9733969697","636,9733969697","636,9733969697",,,,,,,,,,,,,,
rbGjY589SxmwrxykrKpk4w,pac.simone@hotmail.com,,Borda Vulcão Cream Cheese - Broto,15,1,44,"144,32","33,8664516129","6,854","6,854","45,6933333333","34,3277773256","R$ 6,85 (45,69%)","1,2992208485",5,"7,396","49,3066666667","R$ 7,40 (49,31%)","R$ 7,40 (49,31%)","636,9733969697","636,9733969697","636,9733969697","636,9733969697",,,,,,,,,,,,,,
TtLMFIWGT36jSawIs5rbeg,pac.simone@hotmail.com,,Borda Vulcão Cream Cheese - Grande,18,1,44,"144,32","33,8664516129","11,6518","11,6518","64,7322222222","34,3277773256","R$ 11,65 (64,73%)","1,2992208485",5,"5,4482","30,2677777778","R$ 5,45 (30,27%)","R$ 5,45 (30,27%)","636,9733969697","636,9733969697","636,9733969697","636,9733969697",,,,,,,,,,,,,,
wrUtzfeZSIOtxEmWRGSRwA,pac.simone@hotmail.com,,Borda Vulcão Doce de Leite - Broto,"14,9",1,44,"144,32","33,8664516129","5,39","5,39","36,1744966443","34,3277773256","R$ 5,39 (36,17%)","1,2992208485",5,"8,765","58,8255033557","R$ 8,77 (58,83%)","R$ 8,77 (58,83%)","636,9733969697","636,9733969697","636,9733969697","636,9733969697",,,,,,,,,,,,,,
hCHfEkTTQNu3YT.6t3E8dg,pac.simone@hotmail.com,,Borda Vulcão Doce de Leite - Grande,17,1,44,"144,32","33,8664516129","9,163","9,163","53,9","34,3277773256","R$ 9,16 (53,90%)","1,2992208485",5,"6,987","41,1","R$ 6,99 (41,10%)","R$ 6,99 (41,10%)","636,9733969697","636,9733969697","636,9733969697","636,9733969697",,,,,,,,,,,,,,
n8h-gZKhRjuSJZq378lvZg,pac.simone@hotmail.com,,Borda Vulcão Nutella - Broto,"23,9",1,44,"144,32","33,8664516129","10,6995","10,6995","44,7677824268","34,3277773256","R$ 10,70 (44,77%)","1,2992208485",5,"12,0055","50,2322175732","R$ 12,01 (50,23%)","R$ 12,01 (50,23%)","636,9733969697","636,9733969697","636,9733969697","636,9733969697",,,,,,,,,,,,,,
FZgr5xKPSi2gTcHo9sFgwA,pac.simone@hotmail.com,,Borda Vulcão Nutella - Grande,28,1,44,"144,32","33,8664516129","17,8325","17,8325","63,6875","34,3277773256","R$ 17,83 (63,69%)","1,2992208485",5,"8,7675","31,3125","R$ 8,77 (31,31%)","R$ 8,77 (31,31%)","636,9733969697","636,9733969697","636,9733969697","636,9733969697",,,,,,,,,,,,,,
YAQprhmoQb6nWUFp3wtVyg,pac.simone@hotmail.com,,Borda Vulcão Pistache - Broto,"25,9",1,44,"144,32","33,8664516129","17,865","17,865","68,9768339768","34,3277773256","R$ 17,87 (68,98%)","1,2992208485",5,"6,74","26,0231660232","R$ 6,74 (26,02%)","R$ 6,74 (26,02%)","636,9733969697","636,9733969697","636,9733969697","636,9733969697",,,,,,,,,,,,,,
9CmaBAcwQBSoZYs.xhAY6g,pac.simone@hotmail.com,,Borda Vulcão Pistache - Grande,30,1,44,"144,32","33,8664516129","31,735","31,735","105,7833333333","34,3277773256","R$ 31,74 (105,78%)","1,2992208485",5,"-3,235","-10,7833333333","R$ -3,24 (-10,78%)","R$ -3,24 (-10,78%)","636,9733969697","636,9733969697","636,9733969697","636,9733969697",,,,,,,,,,,,,,
a.a-9AOn0S.SE71svBRNofQ,pac.simone@hotmail.com,,Massa Pizza 35cm (360gr),"1,55",22,44,"144,32","33,8664516129","35,5108666667","1,614130303","104,1374389052","34,3277773256","R$ 1,61 (104,14%)","1,2992208485",5,"-0,141630303","-9,1374389052","R$ -0,14 (-9,14%)","R$ -0,14 (-9,14%)","636,9733969697","636,9733969697","636,9733969697","636,9733969697",,,,,,,,,,,,,,
pel3cAwPSbeHPNqctBahZw,pac.simone@hotmail.com,,Massa Pizza 25cm (260gr),"0,98",36,44,"144,32","33,8664516129","35,5108666667","0,986412963","100,6543839758","34,3277773256","R$ 0,99 (100,65%)","1,2992208485",5,"-0,055412963","-5,6543839758","R$ -0,06 (-5,65%)","R$ -0,06 (-5,65%)","636,9733969697","636,9733969697","636,9733969697","636,9733969697",,,,,,,,,,,,,,
TvHDdyd4QzS8L6RMkXCOgA,theosburgeroficial@gmail.com,,Bacon Cheese,"45,9",1,44,"144,32","33,8664516129","9,8964133333","9,8964133333","21,5608133624","34,3277773256","R$ 9,90 (21,56%)","1,2992208485",5,"33,7085866667","73,4391866376","R$ 33,71 (73,44%)","R$ 33,71 (73,44%)","636,9733969697","636,9733969697","636,9733969697","636,9733969697",,,,,,,,,,,,,,
LkG0Ns4FT7Oh0xn7hDQ1MQ,cintiadauna@icloud.com,,Strogonoff de Frango Médio,"19,9",1,44,"144,32","33,8664516129","6,75","6,75","33,9195979899","34,3277773256","R$ 6,75 (33,92%)","1,2992208485",5,"12,155","61,0804020101","R$ 12,15 (61,08%)","R$ 12,15 (61,08%)","636,9733969697","636,9733969697","636,9733969697","636,9733969697",,,,,,,,,,,,,,
czOsscKGT-K6O6qj2S7b0w,cintiadauna@icloud.com,,Promo Duplo Strogonoff,"44,9",1,44,"144,32","33,8664516129","13,5","13,5","30,0668151448","34,3277773256","R$ 13,50 (30,07%)","1,2992208485",5,"29,155","64,9331848552","R$ 29,16 (64,93%)","R$ 29,16 (64,93%)","636,9733969697","636,9733969697","636,9733969697","636,9733969697",,,,,,,,,,,,,,
PQ3b7xA6SD2KYPd.DRhD0Q,livingnaturalgastronomia@outlook.com,Admin,Feijoada,"41,9",20,44,"144,32","33,8664516129","842,3475","42,117375","100,5187947494","34,3277773256","R$ 42,12 (100,52%)","1,2992208485",5,"-2,312375","-5,5187947494","R$ -2,31 (-5,52%)","R$ -2,31 (-5,52%)","636,9733969697","636,9733969697","636,9733969697","636,9733969697",,,,,,,,,,,,,,
fq6IXmG0Qzun9.jsAaw0vw,livingnaturalgastronomia@outlook.com,Admin,Vinagrete,"5,99",10,44,"144,32","33,8664516129","21,7547461369","2,1754746137","36,318440963","34,3277773256","R$ 2,18 (36,32%)","1,2992208485",5,"3,5150253863","58,681559037","R$ 3,52 (58,68%)","R$ 3,52 (58,68%)","636,9733969697","636,9733969697","636,9733969697","636,9733969697",,,,,,,,,,,,,,
lLMz2pAbSZuITJhX9lSaaQ,livingnaturalgastronomia@outlook.com,Admin,Couve Refogada,"5,99",6,44,"144,32","33,8664516129","3,5864238411","0,5977373068","9,9789199807","34,3277773256","R$ 0,60 (9,98%)","1,2992208485",5,"5,0927626932","85,0210800193","R$ 5,09 (85,02%)","R$ 5,09 (85,02%)","636,9733969697","636,9733969697","636,9733969697","636,9733969697",,,,,,,,,,,,,,
iNQsyA3vTXuzYF.5rxhTdg,pac.simone@hotmail.com,,Costela - Pizza Broto,"75,99",1,44,"144,32","33,8664516129","21,2750672581","21,2750672581","27,9971933913","34,3277773256","R$ 21,28 (28,00%)","1,2992208485",5,"50,9154327419","67,0028066087","R$ 50,92 (67,00%)","R$ 50,92 (67,00%)","636,9733969697","636,9733969697","636,9733969697","636,9733969697",,,,,,,,,,,,,,
kvLTX4C1QuKbvfJlTBs4ew,pac.simone@hotmail.com,,Costela - Pizza Grande,"117,98",1,44,"144,32","33,8664516129","39,7073220161","39,7073220161","33,655977298","34,3277773256","R$ 39,71 (33,66%)","1,2992208485",5,"72,3736779839","61,344022702","R$ 72,37 (61,34%)","R$ 72,37 (61,34%)","636,9733969697","636,9733969697","636,9733969697","636,9733969697",,,,,,,,,,,,,,
XTKp3DfITKCvjltZFIabVw,pac.simone@hotmail.com,,Borda Recheada de Pistache - Broto,"20,9",1,44,"144,32","33,8664516129","11,985","11,985","57,3444976077","34,3277773256","R$ 11,99 (57,34%)","1,2992208485",5,"7,87","37,6555023923","R$ 7,87 (37,66%)","R$ 7,87 (37,66%)","636,9733969697","636,9733969697","636,9733969697","636,9733969697",,,,,,,,,,,,,,
B8wos525SR6qnd5luJwozg,pac.simone@hotmail.com,,Frango com Bacon & Cheddar - Pizza Grande,"111,98",1,44,"144,32","33,8664516129","34,0241575","34,0241575","30,3841377925","34,3277773256","R$ 34,02 (30,38%)","1,2992208485",5,"72,3568425","64,6158622075","R$ 72,36 (64,62%)","R$ 72,36 (64,62%)","636,9733969697","636,9733969697","636,9733969697","636,9733969697",,,,,,,,,,,,,,
t768kFTnTBWNQ4dHxGxd6w,pac.simone@hotmail.com,,Portuguesa com Catupiry - Calzone Broto,"74,9",1,44,"144,32","33,8664516129",,,,"34,3277773256", (),"1,2992208485",5,"71,155",95,"R$ 71,16 (95,00%)",,"636,9733969697","636,9733969697","636,9733969697","636,9733969697",,,,,,,,,,,,,,
sFUj9bTQRt6-J7oUbfCcGw,pac.simone@hotmail.com,,Portuguesa com Catupiry - Calzone Grande,"115,9",1,44,"144,32","33,8664516129",,,,"34,3277773256", (),"1,2992208485",5,"110,105",95,"R$ 110,11 (95,00%)",,"636,9733969697","636,9733969697","636,9733969697","636,9733969697",,,,,,,,,,,,,,
KfVQnnaQTaKMnkloPRD-vg,fabriciogguedes@hotmail.com,,Pizza de Mussarela,"55,9",1,44,"144,32","33,8664516129","13,37","13,37","23,9177101968","34,3277773256","R$ 13,37 (23,92%)","1,2992208485",5,"39,735","71,0822898032","R$ 39,74 (71,08%)","R$ 39,74 (71,08%)","636,9733969697","636,9733969697","636,9733969697","636,9733969697",,,,,,,,,,,,,,
notscL51QCmxuJeONLjv7g,fabriciogguedes@hotmail.com,,Pizza de Lombo ao Creme,"55,9",1,44,"144,32","33,8664516129","15,1338095238","15,1338095238","27,0730045149","34,3277773256","R$ 15,13 (27,07%)","1,2992208485",5,"37,9711904762","67,9269954851","R$ 37,97 (67,93%)","R$ 37,97 (67,93%)","636,9733969697","636,9733969697","636,9733969697","636,9733969697",,,,,,,,,,,,,,
pvgiXp2eRb6IzWsfh9bfNw,comitivahamburgueria@gmail.com,,Hambúrguer Simples 180gr,"33,9",1,44,"144,32","33,8664516129","10,75","10,75","31,7109144543","34,3277773256","R$ 10,75 (31,71%)","1,2992208485",5,"21,455","63,2890855457","R$ 21,46 (63,29%)","R$ 21,46 (63,29%)","636,9733969697","636,9733969697","636,9733969697","636,9733969697",,,,,,,,,,,,,,
m83NWfQ5TV2rrKsbfACL6Q,vemprahive@gmail.com,,Double Smash,"48,29",1,44,"144,32","33,8664516129","11,06","11,06","22,9032926072","34,3277773256","R$ 11,06 (22,90%)","1,2992208485",5,"34,8155","72,0967073928","R$ 34,82 (72,10%)","R$ 34,82 (72,10%)","636,9733969697","636,9733969697","636,9733969697","636,9733969697",,,,,,,,,,,,,,
fZBn3gXgSrisW-P6kStJgA,vemprahive@gmail.com,,Hive Cheddar,"38,5",1,44,"144,32","33,8664516129","9,29","9,29","24,1298701299","34,3277773256","R$ 9,29 (24,13%)","1,2992208485",5,"27,285","70,8701298701","R$ 27,29 (70,87%)","R$ 27,29 (70,87%)","636,9733969697","636,9733969697","636,9733969697","636,9733969697",,,,,,,,,,,,,,
MPLoBvw0SK2WrsBYcdMt8g,vemprahive@gmail.com,,Cheese Salada Bacon,"41,9",1,44,"144,32","33,8664516129","10,38","10,38","24,7732696897","34,3277773256","R$ 10,38 (24,77%)","1,2992208485",5,"29,425","70,2267303103","R$ 29,42 (70,23%)","R$ 29,42 (70,23%)","636,9733969697","636,9733969697","636,9733969697","636,9733969697",,,,,,,,,,,,,,
Ov05z-tfQW2rFwo9u.4EYw,bigpizzamagu2avare@gmail.com,,Pizza Gigante - Frango Com Catupiry,88,1,44,"144,32","33,8664516129",,,,"34,3277773256", (),"1,2992208485",5,"83,6",95,"R$ 83,60 (95,00%)",,"636,9733969697","636,9733969697","636,9733969697","636,9733969697",,,,,,,,,,,,,,
3oq7QU-oQ5WtCUZ7wCM0CQ,bigpizzamagu2avare@gmail.com,bigpizzamagu2avare@gmail.com,Pizza Gigante Frango Com Catupiry,88,1,44,"144,32","33,8664516129",,,,"34,3277773256", (),"1,2992208485",5,"83,6",95,"R$ 83,60 (95,00%)",,"636,9733969697","636,9733969697","636,9733969697","636,9733969697",,,,,,,,,,,,,,
sA-lqU2ETXKO2uxpUI4eLw,paifilho78@gmail.com,Admin,Esfiha Brasileirinha,"6,99",1,44,"144,32","33,8664516129","1,945","1,945","27,8254649499","34,3277773256","R$ 1,94 (27,83%)","1,2992208485",5,"4,6955","67,1745350501","R$ 4,70 (67,17%)","R$ 4,70 (67,17%)","636,9733969697","636,9733969697","636,9733969697","636,9733969697",,,,,,,,,,,,,,
nX7OVtiYT1KtpDHImuNSDg,paifilho78@gmail.com,Admin,Esfiha de cupim,"8,99",1,44,"144,32","33,8664516129","2,5838","2,5838","28,7408231368","34,3277773256","R$ 2,58 (28,74%)","1,2992208485",5,"5,9567","66,2591768632","R$ 5,96 (66,26%)","R$ 5,96 (66,26%)","636,9733969697","636,9733969697","636,9733969697","636,9733969697",,,,,,,,,,,,,,
FPvfcDxCQSO-JbTG4XdLmA,paifilho78@gmail.com,Admin,Esfiha de costela,"9,5",1,44,"144,32","33,8664516129","2,57735","2,57735","27,13","34,3277773256","R$ 2,58 (27,13%)","1,2992208485",5,"6,44765","67,87","R$ 6,45 (67,87%)","R$ 6,45 (67,87%)","636,9733969697","636,9733969697","636,9733969697","636,9733969697",,,,,,,,,,,,,,
k9bdWbegT8iig-6OdWaQ4g,pac.simone@hotmail.com,,Pesto de manjericão,"3,33",10,44,"144,32","33,8664516129","33,3","3,33",100,"34,3277773256","R$ 3,33 (100,00%)","1,2992208485",5,"-0,1665",-5,"R$ -0,17 (-5,00%)","R$ -0,17 (-5,00%)","636,9733969697","636,9733969697","636,9733969697","636,9733969697",,,,,,,,,,,,,,
M.1WeqeLQUi9V.ZZYSeTCg,pac.simone@hotmail.com,,Frango Desfiado - Porção 120gr,"3,93",30,44,"144,32","33,8664516129","106,8197727273","3,5606590909","90,6020124913","34,3277773256","R$ 3,56 (90,60%)","1,2992208485",5,"0,1728409091","4,3979875087","R$ 0,17 (4,40%)","R$ 0,17 (4,40%)","636,9733969697","636,9733969697","636,9733969697","636,9733969697",,,,,,,,,,,,,,
En8o0mhYTtG9LeaXqqgJ1g,fabriciogguedes@hotmail.com,,Pantaneira,"89,9",1,44,"144,32","33,8664516129","25,3575","25,3575","28,2063403782","34,3277773256","R$ 25,36 (28,21%)","1,2992208485",5,"60,0475","66,7936596218","R$ 60,05 (66,79%)","R$ 60,05 (66,79%)","636,9733969697","636,9733969697","636,9733969697","636,9733969697",,,,,,,,,,,,,,
u6wZ32iASnOcrTTizEoI-g,fabriciogguedes@hotmail.com,,Pizza Strogonoff de Frango,"99,8",1,44,"144,32","33,8664516129","17,5766666667","17,5766666667","17,6118904476","34,3277773256","R$ 17,58 (17,61%)","1,2992208485",5,"77,2333333333","77,3881095524","R$ 77,23 (77,39%)","R$ 77,23 (77,39%)","636,9733969697","636,9733969697","636,9733969697","636,9733969697",,,,,,,,,,,,,,
EFUmKb1tQEGA1zjcJ1j4tA,fabriciogguedes@hotmail.com,,Frango com Requeijão cremoso,"55,9",1,44,"144,32","33,8664516129","14,2371428571","14,2371428571","25,468949655","34,3277773256","R$ 14,24 (25,47%)","1,2992208485",5,"38,8678571429","69,531050345","R$ 38,87 (69,53%)","R$ 38,87 (69,53%)","636,9733969697","636,9733969697","636,9733969697","636,9733969697",,,,,,,,,,,,,,
ZlDtBKfCQfKaDUawU4FnFQ,fabriciogguedes@hotmail.com,,Pizza de Mussarela,"55,9",1,44,"144,32","33,8664516129","14,7016666667","14,7016666667","26,2999403697","34,3277773256","R$ 14,70 (26,30%)","1,2992208485",5,"38,4033333333","68,7000596303","R$ 38,40 (68,70%)","R$ 38,40 (68,70%)","636,9733969697","636,9733969697","636,9733969697","636,9733969697",,,,,,,,,,,,,,
ot-6ksZoSf2ukUsfizburQ,fabriciogguedes@hotmail.com,,Pizza Q Sabor,"75,9",1,44,"144,32","33,8664516129","18,3983333333","18,3983333333","24,2402283707","34,3277773256","R$ 18,40 (24,24%)","1,2992208485",5,"53,7066666667","70,7597716293","R$ 53,71 (70,76%)","R$ 53,71 (70,76%)","636,9733969697","636,9733969697","636,9733969697","636,9733969697",,,,,,,,,,,,,,
oCZvpOVlR1Sh05M.xbG34A,fabriciogguedes@hotmail.com,,Pizza de Chocolate,"59,9",1,44,"144,32","33,8664516129","15,4216666667","15,4216666667","25,7456872565","34,3277773256","R$ 15,42 (25,75%)","1,2992208485",5,"41,4833333333","69,2543127435","R$ 41,48 (69,25%)","R$ 41,48 (69,25%)","636,9733969697","636,9733969697","636,9733969697","636,9733969697",,,,,,,,,,,,,,
FlhJy3f-Thmln8Cmtq55ow,trigorei.delivery@gmail.com,Admin,Mini Pão de Queijo (100g),"9,79",1,44,"144,32","33,8664516129","2,3230222222","2,3230222222","23,7285211667","34,3277773256","R$ 2,32 (23,73%)","1,2992208485",5,"6,9774777778","71,2714788333","R$ 6,98 (71,27%)","R$ 6,98 (71,27%)","636,9733969697","636,9733969697","636,9733969697","636,9733969697",,,,,,,,,,,,,,
w8KgBWo4Sr6hfAPLtuxQyQ,frutosdegoiasinga@gmail.com,,Açai 240ml,"25,9",1,44,"144,32","33,8664516129","7,333","7,333","28,3127413127","34,3277773256","R$ 7,33 (28,31%)","1,2992208485",5,"17,272","66,6872586873","R$ 17,27 (66,69%)","R$ 17,27 (66,69%)","636,9733969697","636,9733969697","636,9733969697","636,9733969697",,,,,,,,,,,,,,
G0jL-6UEQVOqsUxN2vcZKg,frutosdegoiasinga@gmail.com,,Açai 350ml,,1,44,"144,32","33,8664516129",,,,"34,3277773256", (),"1,2992208485",5,,, (),,"636,9733969697","636,9733969697","636,9733969697","636,9733969697",,,,,,,,,,,,,,
asmEREbUROSB1KMNbpSuaA,frutosdegoiasinga@gmail.com,,Açai 500ml,,1,44,"144,32","33,8664516129",,,,"34,3277773256", (),"1,2992208485",5,,, (),,"636,9733969697","636,9733969697","636,9733969697","636,9733969697",,,,,,,,,,,,,,
8nZgaWDeSjezJiyIiVamCQ,trigorei.delivery@gmail.com,Admin,Baguete calabresa e catupiry,"29,99",1,44,"144,32","33,8664516129","8,4733083333","8,4733083333","28,2537790375","34,3277773256","R$ 8,47 (28,25%)","1,2992208485",5,"20,0171916667","66,7462209625","R$ 20,02 (66,75%)","R$ 20,02 (66,75%)","636,9733969697","636,9733969697","636,9733969697","636,9733969697",,,,,,,,,,,,,,
cN8kUhRfRZWlSbFFfMYPAw,acyoli81@gmail.com,,Mussarela G,"40,9",1,44,"144,32","33,8664516129","15,1811764706","15,1811764706","37,1177908816","34,3277773256","R$ 15,18 (37,12%)","1,2992208485",5,"23,6738235294","57,8822091184","R$ 23,67 (57,88%)","R$ 23,67 (57,88%)","636,9733969697","636,9733969697","636,9733969697","636,9733969697",,,,,,,,,,,,,,
X45a3M0GRkOlJECRON8oPA,acyoli81@gmail.com,,Mussarela P,"38,9",1,44,"144,32","33,8664516129","8,8770588235","8,8770588235","22,8202026312","34,3277773256","R$ 8,88 (22,82%)","1,2992208485",5,"28,0779411765","72,1797973688","R$ 28,08 (72,18%)","R$ 28,08 (72,18%)","636,9733969697","636,9733969697","636,9733969697","636,9733969697",,,,,,,,,,,,,,
ia67OkW6SASsziyoe305gw,acyoli81@gmail.com,,Mussarela F,"59,9",1,44,"144,32","33,8664516129","20,2","20,2","33,7228714524","34,3277773256","R$ 20,20 (33,72%)","1,2992208485",5,"36,705","61,2771285476","R$ 36,71 (61,28%)","R$ 36,71 (61,28%)","636,9733969697","636,9733969697","636,9733969697","636,9733969697",,,,,,,,,,,,,,
UGRlckkSRiyIu-BKukboPw,acyoli81@gmail.com,,Calabresa P,"38,9",1,44,"144,32","33,8664516129","10,35","10,35","26,6066838046","34,3277773256","R$ 10,35 (26,61%)","1,2992208485",5,"26,605","68,3933161954","R$ 26,61 (68,39%)","R$ 26,61 (68,39%)","636,9733969697","636,9733969697","636,9733969697","636,9733969697",,,,,,,,,,,,,,
iTD3yAiMSbCYDLIpYCiZSg,acyoli81@gmail.com,,Calabresa G,"43,9",1,44,"144,32","33,8664516129","12,0041176471","12,0041176471","27,3442315423","34,3277773256","R$ 12,00 (27,34%)","1,2992208485",5,"29,7008823529","67,6557684577","R$ 29,70 (67,66%)","R$ 29,70 (67,66%)","636,9733969697","636,9733969697","636,9733969697","636,9733969697",,,,,,,,,,,,,,
TJ7oE8u1SUmTtCcqFQRJig,acyoli81@gmail.com,,Calabresa F,"59,9",1,44,"144,32","33,8664516129","19,8811764706","19,8811764706","33,190611804","34,3277773256","R$ 19,88 (33,19%)","1,2992208485",5,"37,0238235294","61,809388196","R$ 37,02 (61,81%)","R$ 37,02 (61,81%)","636,9733969697","636,9733969697","636,9733969697","636,9733969697",,,,,,,,,,,,,,
fjHzycwdT3eI.PWHANFMNw,acyoli81@gmail.com,,Mista P,"38,9",1,44,"144,32","33,8664516129","10,4241176471","10,4241176471","26,7972176017","34,3277773256","R$ 10,42 (26,80%)","1,2992208485",5,"26,5308823529","68,2027823983","R$ 26,53 (68,20%)","R$ 26,53 (68,20%)","636,9733969697","636,9733969697","636,9733969697","636,9733969697",,,,,,,,,,,,,,
58Ssmlq8Q4eCdHLxPO8qCA,acyoli81@gmail.com,,Mista G,"40,9",1,44,"144,32","33,8664516129","16,9711764706","16,9711764706","41,494318999","34,3277773256","R$ 16,97 (41,49%)","1,2992208485",5,"21,8838235294","53,505681001","R$ 21,88 (53,51%)","R$ 21,88 (53,51%)","636,9733969697","636,9733969697","636,9733969697","636,9733969697",,,,,,,,,,,,,,
ifKsNjWESJemSy39oVaMsg,acyoli81@gmail.com,,Mista F,"59,9",1,44,"144,32","33,8664516129","21,79","21,79","36,3772954925","34,3277773256","R$ 21,79 (36,38%)","1,2992208485",5,"35,115","58,6227045075","R$ 35,12 (58,62%)","R$ 35,12 (58,62%)","636,9733969697","636,9733969697","636,9733969697","636,9733969697",,,,,,,,,,,,,,
qo6iSfGQQdGJWegwCgxp1Q,diadepizzatoledo@hotmail.com,,Pizza Pequena Alcatra Com Cheddar,"59,9",1,44,"144,32","33,8664516129","15,85","15,85","26,4607679466","34,3277773256","R$ 15,85 (26,46%)","1,2992208485",5,"41,055","68,5392320534","R$ 41,06 (68,54%)","R$ 41,06 (68,54%)","636,9733969697","636,9733969697","636,9733969697","636,9733969697",,,,,,,,,,,,,,
qezPSRtbQzCPrg9riHSlSg,diadepizzatoledo@hotmail.com,,Pizza Pequena Bacon,"49,99",1,44,"144,32","33,8664516129","13,86","13,86","27,725545109","34,3277773256","R$ 13,86 (27,73%)","1,2992208485",5,"33,6305","67,274454891","R$ 33,63 (67,27%)","R$ 33,63 (67,27%)","636,9733969697","636,9733969697","636,9733969697","636,9733969697",,,,,,,,,,,,,,
Ncl7ubq3SuSvplHhjaPVKA,diadepizzatoledo@hotmail.com,,Pizza Pequena Bacon Calabresa,"49,99",1,44,"144,32","33,8664516129","14,73","14,73","29,4658931786","34,3277773256","R$ 14,73 (29,47%)","1,2992208485",5,"32,7605","65,5341068214","R$ 32,76 (65,53%)","R$ 32,76 (65,53%)","636,9733969697","636,9733969697","636,9733969697","636,9733969697",,,,,,,,,,,,,,
Dmk8ulC6RP6s00TxPDjzhA,acyoli81@gmail.com,,2 Queijos P,"38,9",1,44,"144,32","33,8664516129","8,0584313725","8,0584313725","20,7157618832","34,3277773256","R$ 8,06 (20,72%)","1,2992208485",5,"28,8965686275","74,2842381168","R$ 28,90 (74,28%)","R$ 28,90 (74,28%)","636,9733969697","636,9733969697","636,9733969697","636,9733969697",,,,,,,,,,,,,,
93QAkvxlRGSvQQczJcYKJw,diadepizzatoledo@hotmail.com,,Pizza Pequena Calabresa com Cebola,"41,99",1,44,"144,32","33,8664516129","13,3","13,3","31,6742081448","34,3277773256","R$ 13,30 (31,67%)","1,2992208485",5,"26,5905","63,3257918552","R$ 26,59 (63,33%)","R$ 26,59 (63,33%)","636,9733969697","636,9733969697","636,9733969697","636,9733969697",,,,,,,,,,,,,,
sSLFgAbBTGudPxGJTPpoig,diadepizzatoledo@hotmail.com,,Pizza Pequena Portuguesa,"49,99",1,44,"144,32","33,8664516129","15,73","15,73","31,4662932587","34,3277773256","R$ 15,73 (31,47%)","1,2992208485",5,"31,7605","63,5337067413","R$ 31,76 (63,53%)","R$ 31,76 (63,53%)","636,9733969697","636,9733969697","636,9733969697","636,9733969697",,,,,,,,,,,,,,
a-h0RiboHRLql..aVfclHnQ,diadepizzatoledo@hotmail.com,,Pizza Pequena Frango com Bacon,"49,99",1,44,"144,32","33,8664516129","15,49","15,49","30,9861972394","34,3277773256","R$ 15,49 (30,99%)","1,2992208485",5,"32,0005","64,0138027606","R$ 32,00 (64,01%)","R$ 32,00 (64,01%)","636,9733969697","636,9733969697","636,9733969697","636,9733969697",,,,,,,,,,,,,,
ktVI4vwSSx2vnT7GF56LNQ,diadepizzatoledo@hotmail.com,,Pizza Pequena Frango Com Cheddar,"49,99",1,44,"144,32","33,8664516129","16,03","16,03","32,0664132827","34,3277773256","R$ 16,03 (32,07%)","1,2992208485",5,"31,4605","62,9335867173","R$ 31,46 (62,93%)","R$ 31,46 (62,93%)","636,9733969697","636,9733969697","636,9733969697","636,9733969697",,,,,,,,,,,,,,
k8LTj-0AT0Gn9ZeilJ7VjA,diadepizzatoledo@hotmail.com,,Pizza Pequena Frango com Requeijão,"49,99",1,44,"144,32","33,8664516129","15,91","15,91","31,8263652731","34,3277773256","R$ 15,91 (31,83%)","1,2992208485",5,"31,5805","63,1736347269","R$ 31,58 (63,17%)","R$ 31,58 (63,17%)","636,9733969697","636,9733969697","636,9733969697","636,9733969697",,,,,,,,,,,,,,
ZDk4bYhnRhO7a-AbpQXrPw,diadepizzatoledo@hotmail.com,,Pizza Pequena Marguerita,"49,99",1,44,"144,32","33,8664516129","14,99","14,99","29,9859971994","34,3277773256","R$ 14,99 (29,99%)","1,2992208485",5,"32,5005","65,0140028006","R$ 32,50 (65,01%)","R$ 32,50 (65,01%)","636,9733969697","636,9733969697","636,9733969697","636,9733969697",,,,,,,,,,,,,,
k2ntDftRSciBSjkCc079Eg,acyoli81@gmail.com,,2 Queijos G,"43,9",1,44,"144,32","33,8664516129","11,4545098039","11,4545098039","26,0922774577","34,3277773256","R$ 11,45 (26,09%)","1,2992208485",5,"30,2504901961","68,9077225423","R$ 30,25 (68,91%)","R$ 30,25 (68,91%)","636,9733969697","636,9733969697","636,9733969697","636,9733969697",,,,,,,,,,,,,,
rnTFqhw.TXmxCJmBWONmHg,diadepizzatoledo@hotmail.com,,Pizza Pequena Mussarela,"49,99",1,44,"144,32","33,8664516129","12,75","12,75","25,5051010202","34,3277773256","R$ 12,75 (25,51%)","1,2992208485",5,"34,7405","69,4948989798","R$ 34,74 (69,49%)","R$ 34,74 (69,49%)","636,9733969697","636,9733969697","636,9733969697","636,9733969697",,,,,,,,,,,,,,
QodlXOofTmC9WSJqFG937A,diadepizzatoledo@hotmail.com,,Pizza Pequena Peperoni,"49,99",1,44,"144,32","33,8664516129","16,26","16,26","32,5265053011","34,3277773256","R$ 16,26 (32,53%)","1,2992208485",5,"31,2305","62,4734946989","R$ 31,23 (62,47%)","R$ 31,23 (62,47%)","636,9733969697","636,9733969697","636,9733969697","636,9733969697",,,,,,,,,,,,,,
5Nl1z-6sQP21Nob1pcloJw,acyoli81@gmail.com,,2 Queijos F,"59,9",1,44,"144,32","33,8664516129","18,1811764706","18,1811764706","30,3525483649","34,3277773256","R$ 18,18 (30,35%)","1,2992208485",5,"38,7238235294","64,6474516351","R$ 38,72 (64,65%)","R$ 38,72 (64,65%)","636,9733969697","636,9733969697","636,9733969697","636,9733969697",,,,,,,,,,,,,,
43ckP.JkTfmRhfj4xa-mCw,diadepizzatoledo@hotmail.com,,Pizza Pequena Napolitana,"49,99",1,44,"144,32","33,8664516129","16,3","16,3","32,6065213043","34,3277773256","R$ 16,30 (32,61%)","1,2992208485",5,"31,1905","62,3934786957","R$ 31,19 (62,39%)","R$ 31,19 (62,39%)","636,9733969697","636,9733969697","636,9733969697","636,9733969697",,,,,,,,,,,,,,
HVoHCrayRXeGUwm0bVjSYw,diadepizzatoledo@hotmail.com,,Pizza Pequena Escarola,"49,99",1,44,"144,32","33,8664516129","13,71","13,71","27,425485097","34,3277773256","R$ 13,71 (27,43%)","1,2992208485",5,"33,7805","67,574514903","R$ 33,78 (67,57%)","R$ 33,78 (67,57%)","636,9733969697","636,9733969697","636,9733969697","636,9733969697",,,,,,,,,,,,,,
5QLAnrrzRuSPZ9DvWy1pBw,diadepizzatoledo@hotmail.com,,Pizza Pequena Brócolis,"49,99",1,44,"144,32","33,8664516129","15,15","15,15","30,3060612122","34,3277773256","R$ 15,15 (30,31%)","1,2992208485",5,"32,3405","64,6939387878","R$ 32,34 (64,69%)","R$ 32,34 (64,69%)","636,9733969697","636,9733969697","636,9733969697","636,9733969697",,,,,,,,,,,,,,
IxjOtFdpTp6BaBr8RTQD9A,diadepizzatoledo@hotmail.com,,Pizza Pequena Palmito,"49,99",1,44,"144,32","33,8664516129","15,36","15,36","30,726145229","34,3277773256","R$ 15,36 (30,73%)","1,2992208485",5,"32,1305","64,273854771","R$ 32,13 (64,27%)","R$ 32,13 (64,27%)","636,9733969697","636,9733969697","636,9733969697","636,9733969697",,,,,,,,,,,,,,
axaXqhDJROy07-8ptucSsA,diadepizzatoledo@hotmail.com,,Pizza Pequena Bacon C/Milho,"54,99",1,44,"144,32","33,8664516129","17,02","17,02","30,9510820149","34,3277773256","R$ 17,02 (30,95%)","1,2992208485",5,"35,2205","64,0489179851","R$ 35,22 (64,05%)","R$ 35,22 (64,05%)","636,9733969697","636,9733969697","636,9733969697","636,9733969697",,,,,,,,,,,,,,
4b-sj-EbTX2jvW6UH.uqvA,diadepizzatoledo@hotmail.com,,Pizza Pequena Brócolis C/Bacon,"54,99",1,44,"144,32","33,8664516129","17,1","17,1","31,0965630115","34,3277773256","R$ 17,10 (31,10%)","1,2992208485",5,"35,1405","63,9034369885","R$ 35,14 (63,90%)","R$ 35,14 (63,90%)","636,9733969697","636,9733969697","636,9733969697","636,9733969697",,,,,,,,,,,,,,
GxVH30swQ-6iMP7gUYVUBg,diadepizzatoledo@hotmail.com,,Pizza Pequena Carbonara,"54,99",1,44,"144,32","33,8664516129","15,8","15,8","28,7324968176","34,3277773256","R$ 15,80 (28,73%)","1,2992208485",5,"36,4405","66,2675031824","R$ 36,44 (66,27%)","R$ 36,44 (66,27%)","636,9733969697","636,9733969697","636,9733969697","636,9733969697",,,,,,,,,,,,,,
XgWgxYuUT2KTjVop1o6ErA,diadepizzatoledo@hotmail.com,,Pizza Pequena Dia de Pizza,"54,99",1,44,"144,32","33,8664516129","18,66","18,66","33,9334424441","34,3277773256","R$ 18,66 (33,93%)","1,2992208485",5,"33,5805","61,0665575559","R$ 33,58 (61,07%)","R$ 33,58 (61,07%)","636,9733969697","636,9733969697","636,9733969697","636,9733969697",,,,,,,,,,,,,,
CPVTw5YRR3uYHEv0gnm4Mg,diadepizzatoledo@hotmail.com,,Pizza Pequena Ferrucio,"54,99",1,44,"144,32","33,8664516129","15,29","15,29","27,8050554646","34,3277773256","R$ 15,29 (27,81%)","1,2992208485",5,"36,9505","67,1949445354","R$ 36,95 (67,19%)","R$ 36,95 (67,19%)","636,9733969697","636,9733969697","636,9733969697","636,9733969697",,,,,,,,,,,,,,
q5ShCLfoRo6fN15SSjyN5Q,diadepizzatoledo@hotmail.com,,Pizza Pequena Forneiro,"54,99",1,44,"144,32","33,8664516129","17,84","17,84","32,4422622295","34,3277773256","R$ 17,84 (32,44%)","1,2992208485",5,"34,4005","62,5577377705","R$ 34,40 (62,56%)","R$ 34,40 (62,56%)","636,9733969697","636,9733969697","636,9733969697","636,9733969697",,,,,,,,,,,,,,
XOUg5hK8RkSpThGeWdzrpA,diadepizzatoledo@hotmail.com,,Pizza Pequena Francesa,"54,99",1,44,"144,32","33,8664516129","16,52","16,52","30,0418257865","34,3277773256","R$ 16,52 (30,04%)","1,2992208485",5,"35,7205","64,9581742135","R$ 35,72 (64,96%)","R$ 35,72 (64,96%)","636,9733969697","636,9733969697","636,9733969697","636,9733969697",,,,,,,,,,,,,,
oMOdRlMKSEiviXyx3MiZLw,diadepizzatoledo@hotmail.com,,Pizza Pequena Frango ao Barbecue,"54,99",1,44,"144,32","33,8664516129","17,18","17,18","31,242044008","34,3277773256","R$ 17,18 (31,24%)","1,2992208485",5,"35,0605","63,757955992","R$ 35,06 (63,76%)","R$ 35,06 (63,76%)","636,9733969697","636,9733969697","636,9733969697","636,9733969697",,,,,,,,,,,,,,
0M8meVrST9Wfn0B1-089ZA,diadepizzatoledo@hotmail.com,,Pizza Pequena Supremo,"54,99",1,44,"144,32","33,8664516129","18,64","18,64","33,8970721949","34,3277773256","R$ 18,64 (33,90%)","1,2992208485",5,"33,6005","61,1029278051","R$ 33,60 (61,10%)","R$ 33,60 (61,10%)","636,9733969697","636,9733969697","636,9733969697","636,9733969697",,,,,,,,,,,,,,
ar7DiJOBRAayDO6p1-6MOw,diadepizzatoledo@hotmail.com,,Pizza Pequena Hot Dog,"54,99",1,44,"144,32","33,8664516129","17,18","17,18","31,242044008","34,3277773256","R$ 17,18 (31,24%)","1,2992208485",5,"35,0605","63,757955992","R$ 35,06 (63,76%)","R$ 35,06 (63,76%)","636,9733969697","636,9733969697","636,9733969697","636,9733969697",,,,,,,,,,,,,,
Jrz2TRaVTGe8lt7KRHaY0Q,diadepizzatoledo@hotmail.com,,Pizza Pequena Lombo,"54,99",1,44,"144,32","33,8664516129","17,73","17,73","32,2422258592","34,3277773256","R$ 17,73 (32,24%)","1,2992208485",5,"34,5105","62,7577741408","R$ 34,51 (62,76%)","R$ 34,51 (62,76%)","636,9733969697","636,9733969697","636,9733969697","636,9733969697",,,,,,,,,,,,,,
j9DYIGhBQQmjmHPOhlFQqA,diadepizzatoledo@hotmail.com,,Pizza Pequena Lombo ao Barbecue,"54,99",1,44,"144,32","33,8664516129","17,04","17,04","30,987452264","34,3277773256","R$ 17,04 (30,99%)","1,2992208485",5,"35,2005","64,012547736","R$ 35,20 (64,01%)","R$ 35,20 (64,01%)","636,9733969697","636,9733969697","636,9733969697","636,9733969697",,,,,,,,,,,,,,
yW7XXajnRRGzXLf6-3cIXg,acyoli81@gmail.com,,Acebolada P,"38,9",1,44,"144,32","33,8664516129","7,5317647059","7,5317647059","19,3618629971","34,3277773256","R$ 7,53 (19,36%)","1,2992208485",5,"29,4232352941","75,6381370029","R$ 29,42 (75,64%)","R$ 29,42 (75,64%)","636,9733969697","636,9733969697","636,9733969697","636,9733969697","1,65",,,,,,,,,,,,,
Yr6zGLh0TquN3ybOU35egA,diadepizzatoledo@hotmail.com,,Pizza Pequena Lombo C/Abacaxi,"54,99",1,44,"144,32","33,8664516129","20,04","20,04","36,4429896345","34,3277773256","R$ 20,04 (36,44%)","1,2992208485",5,"32,2005","58,5570103655","R$ 32,20 (58,56%)","R$ 32,20 (58,56%)","636,9733969697","636,9733969697","636,9733969697","636,9733969697",,,,,,,,,,,,,,
zCpwpVJAQDqvvIyNTZ0kqg,diadepizzatoledo@hotmail.com,,Pizza Pequena Americana,"54,99",1,44,"144,32","33,8664516129","15,86","15,86","28,841607565","34,3277773256","R$ 15,86 (28,84%)","1,2992208485",5,"36,3805","66,158392435","R$ 36,38 (66,16%)","R$ 36,38 (66,16%)","636,9733969697","636,9733969697","636,9733969697","636,9733969697",,,,,,,,,,,,,,
RD98keaGSK-cIAga5tPFAA,diadepizzatoledo@hotmail.com,,Pizza Pequena Provolombo,"54,99",1,44,"144,32","33,8664516129","18,17","18,17","33,0423713402","34,3277773256","R$ 18,17 (33,04%)","1,2992208485",5,"34,0705","61,9576286598","R$ 34,07 (61,96%)","R$ 34,07 (61,96%)","636,9733969697","636,9733969697","636,9733969697","636,9733969697",,,,,,,,,,,,,,
Jzrd9tlbRfCkT84IzDFPrA,acyoli81@gmail.com,,Acebolada G,"43,9",1,44,"144,32","33,8664516129","11,33","11,33","25,8086560364","34,3277773256","R$ 11,33 (25,81%)","1,2992208485",5,"30,375","69,1913439636","R$ 30,38 (69,19%)","R$ 30,38 (69,19%)","636,9733969697","636,9733969697","636,9733969697","636,9733969697","1,65",,,,,,,,,,,,,
F9Gi71iHRgWHBmvhjmN-KA,diadepizzatoledo@hotmail.com,,Pizza Pequena Quatro Queijos,"54,99",1,44,"144,32","33,8664516129","17,38","17,38","31,6057464994","34,3277773256","R$ 17,38 (31,61%)","1,2992208485",5,"34,8605","63,3942535006","R$ 34,86 (63,39%)","R$ 34,86 (63,39%)","636,9733969697","636,9733969697","636,9733969697","636,9733969697",,,,,,,,,,,,,,
DVxztEhVRVyysxmnhJRusQ,diadepizzatoledo@hotmail.com,,Pizza Pequena Strogonoff de Carne,"54,99",1,44,"144,32","33,8664516129","18,79","18,79","34,1698490635","34,3277773256","R$ 18,79 (34,17%)","1,2992208485",5,"33,4505","60,8301509365","R$ 33,45 (60,83%)","R$ 33,45 (60,83%)","636,9733969697","636,9733969697","636,9733969697","636,9733969697",,,,,,,,,,,,,,
LuzqjnirR7WvjgqhZxgrPA,diadepizzatoledo@hotmail.com,,Pizza Pequena Toscana,"54,99",1,44,"144,32","33,8664516129","15,54","15,54","28,2596835788","34,3277773256","R$ 15,54 (28,26%)","1,2992208485",5,"36,7005","66,7403164212","R$ 36,70 (66,74%)","R$ 36,70 (66,74%)","636,9733969697","636,9733969697","636,9733969697","636,9733969697",,,,,,,,,,,,,,
Pz3pRHmuRTWdUe35oOM4aA,diadepizzatoledo@hotmail.com,,Pizza Pequena Calabresa Especial,"59,99",1,44,"144,32","33,8664516129","22,83","22,83","38,0563427238","34,3277773256","R$ 22,83 (38,06%)","1,2992208485",5,"34,1605","56,9436572762","R$ 34,16 (56,94%)","R$ 34,16 (56,94%)","636,9733969697","636,9733969697","636,9733969697","636,9733969697",,,,,,,,,,,,,,
tT2zj3vrQcuT8JuQxK1ktA,diadepizzatoledo@hotmail.com,,Pizza Pequena Portuguesa Especial,"59,99",1,44,"144,32","33,8664516129","17,67","17,67","29,4549091515","34,3277773256","R$ 17,67 (29,45%)","1,2992208485",5,"39,3205","65,5450908485","R$ 39,32 (65,55%)","R$ 39,32 (65,55%)","636,9733969697","636,9733969697","636,9733969697","636,9733969697",,,,,,,,,,,,,,
OHbcPgRWTZy59x0oVzhEDA,diadepizzatoledo@hotmail.com,,Pizza Pequena Baiana,"59,99",1,44,"144,32","33,8664516129","21,78","21,78","36,3060510085","34,3277773256","R$ 21,78 (36,31%)","1,2992208485",5,"35,2105","58,6939489915","R$ 35,21 (58,69%)","R$ 35,21 (58,69%)","636,9733969697","636,9733969697","636,9733969697","636,9733969697",,,,,,,,,,,,,,
a.vwuWeVdT8uo4jqyzhfrDQ,diadepizzatoledo@hotmail.com,,Pizza Pequena Búfala,"59,99",1,44,"144,32","33,8664516129","16,67","16,67","27,7879646608","34,3277773256","R$ 16,67 (27,79%)","1,2992208485",5,"40,3205","67,2120353392","R$ 40,32 (67,21%)","R$ 40,32 (67,21%)","636,9733969697","636,9733969697","636,9733969697","636,9733969697",,,,,,,,,,,,,,
pInYfnQxQryzxJU3n056Lg,acyoli81@gmail.com,,Acebolada F,"59,9",1,44,"144,32","33,8664516129","17,5135294118","17,5135294118","29,2379455956","34,3277773256","R$ 17,51 (29,24%)","1,2992208485",5,"39,3914705882","65,7620544044","R$ 39,39 (65,76%)","R$ 39,39 (65,76%)","636,9733969697","636,9733969697","636,9733969697","636,9733969697",,,,,,,,,,,,,,
KDGthcVdSFGSmHprEOKRhw,diadepizzatoledo@hotmail.com,,Pizza Pequena Gaúcha,"59,99",1,44,"144,32","33,8664516129","17,73","17,73","29,554925821","34,3277773256","R$ 17,73 (29,55%)","1,2992208485",5,"39,2605","65,445074179","R$ 39,26 (65,45%)","R$ 39,26 (65,45%)","636,9733969697","636,9733969697","636,9733969697","636,9733969697",,,,,,,,,,,,,,
aq9QDhgdQKmxd5gBtT9zVw,diadepizzatoledo@hotmail.com,,Pizza Pequena Gaúcha com Cebola,"59,99",1,44,"144,32","33,8664516129","17,9","17,9","29,8383063844","34,3277773256","R$ 17,90 (29,84%)","1,2992208485",5,"39,0905","65,1616936156","R$ 39,09 (65,16%)","R$ 39,09 (65,16%)","636,9733969697","636,9733969697","636,9733969697","636,9733969697",,,,,,,,,,,,,,
9P2XihljRhqxcRYRnQ7gzg,diadepizzatoledo@hotmail.com,,Pizza Pequena Quatro Queijos C/Bacon,"59,99",1,44,"144,32","33,8664516129","19,33","19,33","32,2220370062","34,3277773256","R$ 19,33 (32,22%)","1,2992208485",5,"37,6605","62,7779629938","R$ 37,66 (62,78%)","R$ 37,66 (62,78%)","636,9733969697","636,9733969697","636,9733969697","636,9733969697",,,,,,,,,,,,,,
EdVCwK8GTPewOs0yCqURGQ,diadepizzatoledo@hotmail.com,,Pizza Pequena Italiana,"59,99",1,44,"144,32","33,8664516129","19,49","19,49","32,4887481247","34,3277773256","R$ 19,49 (32,49%)","1,2992208485",5,"37,5005","62,5112518753","R$ 37,50 (62,51%)","R$ 37,50 (62,51%)","636,9733969697","636,9733969697","636,9733969697","636,9733969697",,,,,,,,,,,,,,
4oQs25GVSqeSRIbXFl8phg,diadepizzatoledo@hotmail.com,,Pizza Pequena Magnifica,"59,99",1,44,"144,32","33,8664516129","20,92","20,92","34,8724787465","34,3277773256","R$ 20,92 (34,87%)","1,2992208485",5,"36,0705","60,1275212535","R$ 36,07 (60,13%)","R$ 36,07 (60,13%)","636,9733969697","636,9733969697","636,9733969697","636,9733969697",,,,,,,,,,,,,,
GQs0ewGWTiW9jSm1olrKOQ,diadepizzatoledo@hotmail.com,,Pizza Pequena Carne Seca,"59,99",1,44,"144,32","33,8664516129","20,69","20,69","34,4890815136","34,3277773256","R$ 20,69 (34,49%)","1,2992208485",5,"36,3005","60,5109184864","R$ 36,30 (60,51%)","R$ 36,30 (60,51%)","636,9733969697","636,9733969697","636,9733969697","636,9733969697",,,,,,,,,,,,,,
UpLpg39FSg-iG.Ymas4dcA,diadepizzatoledo@hotmail.com,,Pizza Pequena Primavera,"59,99",1,44,"144,32","33,8664516129","17,9","17,9","29,8383063844","34,3277773256","R$ 17,90 (29,84%)","1,2992208485",5,"39,0905","65,1616936156","R$ 39,09 (65,16%)","R$ 39,09 (65,16%)","636,9733969697","636,9733969697","636,9733969697","636,9733969697",,,,,,,,,,,,,,
CoqXirDeSAemVcD7hWCzGA,diadepizzatoledo@hotmail.com,,Pizza Pequena Suprema,"59,99",1,44,"144,32","33,8664516129","16,3","16,3","27,1711951992","34,3277773256","R$ 16,30 (27,17%)","1,2992208485",5,"40,6905","67,8288048008","R$ 40,69 (67,83%)","R$ 40,69 (67,83%)","636,9733969697","636,9733969697","636,9733969697","636,9733969697",,,,,,,,,,,,,,
RwgkxWfaTmeYzKzVXaNtsw,diadepizzatoledo@hotmail.com,,Pizza Pequena Banana,"49,99",1,44,"144,32","33,8664516129","8,01","8,01","16,0232046409","34,3277773256","R$ 8,01 (16,02%)","1,2992208485",5,"39,4805","78,9767953591","R$ 39,48 (78,98%)","R$ 39,48 (78,98%)","636,9733969697","636,9733969697","636,9733969697","636,9733969697",,,,,,,,,,,,,,
nBrJuj7hSCSXtmzB-cxdQg,diadepizzatoledo@hotmail.com,,Pizza Pequena Banana Nevada,"64,99",1,44,"144,32","33,8664516129","12,86","12,86","19,7876596399","34,3277773256","R$ 12,86 (19,79%)","1,2992208485",5,"48,8805","75,2123403601","R$ 48,88 (75,21%)","R$ 48,88 (75,21%)","636,9733969697","636,9733969697","636,9733969697","636,9733969697",,,,,,,,,,,,,,
x2pjQ6cpRFy3IZ9QmCTRMw,diadepizzatoledo@hotmail.com,,Pizza Pequena Chocolate Branco C/Morango,"64,99",1,44,"144,32","33,8664516129","25,03","25,03","38,5136174796","34,3277773256","R$ 25,03 (38,51%)","1,2992208485",5,"36,7105","56,4863825204","R$ 36,71 (56,49%)","R$ 36,71 (56,49%)","636,9733969697","636,9733969697","636,9733969697","636,9733969697",,,,,,,,,,,,,,
Iok4LRXlSiiyn1YRhc564w,diadepizzatoledo@hotmail.com,,Pizza Pequena Chocolate C/M&M's,"64,99",1,44,"144,32","33,8664516129","25,02","25,02","38,498230497","34,3277773256","R$ 25,02 (38,50%)","1,2992208485",5,"36,7205","56,501769503","R$ 36,72 (56,50%)","R$ 36,72 (56,50%)","636,9733969697","636,9733969697","636,9733969697","636,9733969697",,,,,,,,,,,,,,
tkr48j6PTP2edrpQDyqy0w,diadepizzatoledo@hotmail.com,,Pizza Pequena Chocolate C/Morango,"64,99",1,44,"144,32","33,8664516129","24,03","24,03","36,9749192183","34,3277773256","R$ 24,03 (36,97%)","1,2992208485",5,"37,7105","58,0250807817","R$ 37,71 (58,03%)","R$ 37,71 (58,03%)","636,9733969697","636,9733969697","636,9733969697","636,9733969697",,,,,,,,,,,,,,
a.MnG4DiISlm8SMbXfUCsYA,diadepizzatoledo@hotmail.com,,Pizza Pequena Chocolate C/Nutella,"64,99",1,44,"144,32","33,8664516129","25,25","25,25","38,8521310971","34,3277773256","R$ 25,25 (38,85%)","1,2992208485",5,"36,4905","56,1478689029","R$ 36,49 (56,15%)","R$ 36,49 (56,15%)","636,9733969697","636,9733969697","636,9733969697","636,9733969697",,,,,,,,,,,,,,
YCVAhpSRReWMaNkJ7.ECVg,diadepizzatoledo@hotmail.com,,Pizza Pequena Dois Amores,"64,99",1,44,"144,32","33,8664516129","24,53","24,53","37,744268349","34,3277773256","R$ 24,53 (37,74%)","1,2992208485",5,"37,2105","57,255731651","R$ 37,21 (57,26%)","R$ 37,21 (57,26%)","636,9733969697","636,9733969697","636,9733969697","636,9733969697",,,,,,,,,,,,,,
2b9wX-KISiqe0y8E2AOKJA,diadepizzatoledo@hotmail.com,,Pizza Pequena Merengue,"64,99",1,44,"144,32","33,8664516129","21,69","21,69","33,374365287","34,3277773256","R$ 21,69 (33,37%)","1,2992208485",5,"40,0505","61,625634713","R$ 40,05 (61,63%)","R$ 40,05 (61,63%)","636,9733969697","636,9733969697","636,9733969697","636,9733969697",,,,,,,,,,,,,,
c6D5y6ZTRM2yuMcWV9DjUg,diadepizzatoledo@hotmail.com,,Pizza Pequena Nutella C/Ninho,"64,99",1,44,"144,32","33,8664516129","27,06","27,06","41,63717495","34,3277773256","R$ 27,06 (41,64%)","1,2992208485",5,"34,6805","53,36282505","R$ 34,68 (53,36%)","R$ 34,68 (53,36%)","636,9733969697","636,9733969697","636,9733969697","636,9733969697",,,,,,,,,,,,,,
YppGj4VuRIKQ2c-eHVifSg,diadepizzatoledo@hotmail.com,,Pizza Pequena Pistache,"64,99",1,44,"144,32","33,8664516129","17,65","17,65","27,1580243114","34,3277773256","R$ 17,65 (27,16%)","1,2992208485",5,"44,0905","67,8419756886","R$ 44,09 (67,84%)","R$ 44,09 (67,84%)","636,9733969697","636,9733969697","636,9733969697","636,9733969697",,,,,,,,,,,,,,
TWuEj6LPSzCykM6tyc3mIA,livingnaturalgastronomia@outlook.com,Admin,"Peixe a milanesa
","29,9",1,44,"144,32","33,8664516129","96,5435","96,5435","322,8879598662","34,3277773256","R$ 96,54 (322,89%)","1,2992208485",5,"-68,1385","-227,8879598662","R$ -68,14 (-227,89%)","R$ -68,14 (-227,89%)","636,9733969697","636,9733969697","636,9733969697","636,9733969697",,,,,,,,,,,,,,
6mRMO0VmQsamnPk0MuJ2tA,boiburgerhamburgueria@gmail.com,,Crispy Burger,"28,99",1,44,"144,32","33,8664516129","17,96","17,96","61,9523973784","34,3277773256","R$ 17,96 (61,95%)","1,2992208485",5,"9,5805","33,0476026216","R$ 9,58 (33,05%)","R$ 9,58 (33,05%)","636,9733969697","636,9733969697","636,9733969697","636,9733969697",,,,,,,,,,,,,,
I-Qp3zTrS7OxbbSU6n7wUg,diadepizzatoledo@hotmail.com,,Pizza Média Bacon,75,1,44,"144,32","33,8664516129","25,73","25,73","34,3066666667","34,3277773256","R$ 25,73 (34,31%)","1,2992208485",5,"45,52","60,6933333333","R$ 45,52 (60,69%)","R$ 45,52 (60,69%)","636,9733969697","636,9733969697","636,9733969697","636,9733969697",,,,,,,,,,,,,,
Q-Fz1JINTR2RIJrbNAVvdQ,diadepizzatoledo@hotmail.com,,Pizza Média Brocolis ,75,1,44,"144,32","33,8664516129","37,81","37,81","50,4133333333","34,3277773256","R$ 37,81 (50,41%)","1,2992208485",5,"33,44","44,5866666667","R$ 33,44 (44,59%)","R$ 33,44 (44,59%)","636,9733969697","636,9733969697","636,9733969697","636,9733969697",,,,,,,,,,,,,,
xZzmrVnuRFyFgr13GfLSxA,diadepizzatoledo@hotmail.com,,Pizza Média Calabresa,75,1,44,"144,32","33,8664516129","27,47","27,47","36,6266666667","34,3277773256","R$ 27,47 (36,63%)","1,2992208485",5,"43,78","58,3733333333","R$ 43,78 (58,37%)","R$ 43,78 (58,37%)","636,9733969697","636,9733969697","636,9733969697","636,9733969697",,,,,,,,,,,,,,
E-uTsMscRC-E8rS2.iom8A,diadepizzatoledo@hotmail.com,,Pizza Média Escarola,75,1,44,"144,32","33,8664516129","25,44","25,44","33,92","34,3277773256","R$ 25,44 (33,92%)","1,2992208485",5,"45,81","61,08","R$ 45,81 (61,08%)","R$ 45,81 (61,08%)","636,9733969697","636,9733969697","636,9733969697","636,9733969697",,,,,,,,,,,,,,
XX1BeEswQsqoXgfrd.g.lA,diadepizzatoledo@hotmail.com,,Pizza Média Frango c/ Bacon,75,1,44,"144,32","33,8664516129","28,98","28,98","38,64","34,3277773256","R$ 28,98 (38,64%)","1,2992208485",5,"42,27","56,36","R$ 42,27 (56,36%)","R$ 42,27 (56,36%)","636,9733969697","636,9733969697","636,9733969697","636,9733969697",,,,,,,,,,,,,,
QHRFn-TqRMm38aw8ekrOGA,diadepizzatoledo@hotmail.com,,Pizza Média Frango C/ Cheddar,75,1,44,"144,32","33,8664516129","30,07","30,07","40,0933333333","34,3277773256","R$ 30,07 (40,09%)","1,2992208485",5,"41,18","54,9066666667","R$ 41,18 (54,91%)","R$ 41,18 (54,91%)","636,9733969697","636,9733969697","636,9733969697","636,9733969697",,,,,,,,,,,,,,
JSEB-dgmQ9KZL9JeMJLsHg,diadepizzatoledo@hotmail.com,,Pizza Média Frango C/ Requeijão ,75,1,44,"144,32","33,8664516129","29,84","29,84","39,7866666667","34,3277773256","R$ 29,84 (39,79%)","1,2992208485",5,"41,41","55,2133333333","R$ 41,41 (55,21%)","R$ 41,41 (55,21%)","636,9733969697","636,9733969697","636,9733969697","636,9733969697",,,,,,,,,,,,,,
ovD1SZQESHK2NkZO2DMtnQ,diadepizzatoledo@hotmail.com,,Pizza Média Margherita,75,1,44,"144,32","33,8664516129",28,28,"37,3333333333","34,3277773256","R$ 28,00 (37,33%)","1,2992208485",5,"43,25","57,6666666667","R$ 43,25 (57,67%)","R$ 43,25 (57,67%)","636,9733969697","636,9733969697","636,9733969697","636,9733969697",,,,,,,,,,,,,,
Xp2e4SN1QzaWKiPDgEeUsg,diadepizzatoledo@hotmail.com,,Pizza Média Mussarela,75,1,44,"144,32","33,8664516129","23,51","23,51","31,3466666667","34,3277773256","R$ 23,51 (31,35%)","1,2992208485",5,"47,74","63,6533333333","R$ 47,74 (63,65%)","R$ 47,74 (63,65%)","636,9733969697","636,9733969697","636,9733969697","636,9733969697",,,,,,,,,,,,,,
AyXoR-GsSEarJZPY5fVibA,diadepizzatoledo@hotmail.com,,Pizza Média Napolitana ,75,1,44,"144,32","33,8664516129","30,6","30,6","40,8","34,3277773256","R$ 30,60 (40,80%)","1,2992208485",5,"40,65","54,2","R$ 40,65 (54,20%)","R$ 40,65 (54,20%)","636,9733969697","636,9733969697","636,9733969697","636,9733969697",,,,,,,,,,,,,,
a-ccsPh8nSXSoCta8XNBpjQ,diadepizzatoledo@hotmail.com,,Pizza Média Palmito ,75,1,44,"144,32","33,8664516129","28,74","28,74","38,32","34,3277773256","R$ 28,74 (38,32%)","1,2992208485",5,"42,51","56,68","R$ 42,51 (56,68%)","R$ 42,51 (56,68%)","636,9733969697","636,9733969697","636,9733969697","636,9733969697",,,,,,,,,,,,,,
RibM.RlwTqaET11X22Mblg,diadepizzatoledo@hotmail.com,,Pizza Média Peperoni,75,1,44,"144,32","33,8664516129","30,54","30,54","40,72","34,3277773256","R$ 30,54 (40,72%)","1,2992208485",5,"40,71","54,28","R$ 40,71 (54,28%)","R$ 40,71 (54,28%)","636,9733969697","636,9733969697","636,9733969697","636,9733969697",,,,,,,,,,,,,,
CBfs0Jj3SWqe28so2KnSIg,diadepizzatoledo@hotmail.com,,Pizza Média Portuguesa ,75,1,44,"144,32","33,8664516129","29,46","29,46","39,28","34,3277773256","R$ 29,46 (39,28%)","1,2992208485",5,"41,79","55,72","R$ 41,79 (55,72%)","R$ 41,79 (55,72%)","636,9733969697","636,9733969697","636,9733969697","636,9733969697",,,,,,,,,,,,,,
ljWvq9x3TiCv2ffYzU6tOw,diadepizzatoledo@hotmail.com,,Pizza Média Alcatra C/ Bacon,80,1,44,"144,32","33,8664516129","29,72","29,72","37,15","34,3277773256","R$ 29,72 (37,15%)","1,2992208485",5,"46,28","57,85","R$ 46,28 (57,85%)","R$ 46,28 (57,85%)","636,9733969697","636,9733969697","636,9733969697","636,9733969697",,,,,,,,,,,,,,
iVliJiLNROuIjf-GV93RPg,diadepizzatoledo@hotmail.com,,Pizza Média Americana ,80,1,44,"144,32","33,8664516129","29,73","29,73","37,1625","34,3277773256","R$ 29,73 (37,16%)","1,2992208485",5,"46,27","57,8375","R$ 46,27 (57,84%)","R$ 46,27 (57,84%)","636,9733969697","636,9733969697","636,9733969697","636,9733969697",,,,,,,,,,,,,,
TMDSi4SyRTuP7bujZROocA,diadepizzatoledo@hotmail.com,,Pizza Média Bacon c/ Milho ,80,1,44,"144,32","33,8664516129","32,05","32,05","40,0625","34,3277773256","R$ 32,05 (40,06%)","1,2992208485",5,"43,95","54,9375","R$ 43,95 (54,94%)","R$ 43,95 (54,94%)","636,9733969697","636,9733969697","636,9733969697","636,9733969697",,,,,,,,,,,,,,
32SMWljsTsScz2dgiEOQKQ,diadepizzatoledo@hotmail.com,,Pizza Média Brocolis c/ Bacon ,80,1,44,"144,32","33,8664516129","32,2","32,2","40,25","34,3277773256","R$ 32,20 (40,25%)","1,2992208485",5,"43,8","54,75","R$ 43,80 (54,75%)","R$ 43,80 (54,75%)","636,9733969697","636,9733969697","636,9733969697","636,9733969697",,,,,,,,,,,,,,
J0VbGZ9jTfSIkjxkTmZ05A,diadepizzatoledo@hotmail.com,,Pizza Média Carbonara ,80,1,44,"144,32","33,8664516129","29,61","29,61","37,0125","34,3277773256","R$ 29,61 (37,01%)","1,2992208485",5,"46,39","57,9875","R$ 46,39 (57,99%)","R$ 46,39 (57,99%)","636,9733969697","636,9733969697","636,9733969697","636,9733969697",,,,,,,,,,,,,,
7276j8m9SYmoymi9WjPznA,diadepizzatoledo@hotmail.com,,Pizza Média Dia de Piza ,80,1,44,"144,32","33,8664516129","35,34","35,34","44,175","34,3277773256","R$ 35,34 (44,18%)","1,2992208485",5,"40,66","50,825","R$ 40,66 (50,82%)","R$ 40,66 (50,82%)","636,9733969697","636,9733969697","636,9733969697","636,9733969697",,,,,,,,,,,,,,
hN8HBAQqQTiJ2lYxQeBuEw,diadepizzatoledo@hotmail.com,,Pizza Média Ferrucio,80,1,44,"144,32","33,8664516129","28,59","28,59","35,7375","34,3277773256","R$ 28,59 (35,74%)","1,2992208485",5,"47,41","59,2625","R$ 47,41 (59,26%)","R$ 47,41 (59,26%)","636,9733969697","636,9733969697","636,9733969697","636,9733969697",,,,,,,,,,,,,,
tYV6HZtjQWyU84tAiiaA9Q,diadepizzatoledo@hotmail.com,,Pizza Média Forneiro ,80,1,44,"144,32","33,8664516129","33,7","33,7","42,125","34,3277773256","R$ 33,70 (42,13%)","1,2992208485",5,"42,3","52,875","R$ 42,30 (52,87%)","R$ 42,30 (52,87%)","636,9733969697","636,9733969697","636,9733969697","636,9733969697",,,,,,,,,,,,,,
lM6r.ly1QD2b2-w53X0gbQ,diadepizzatoledo@hotmail.com,,Pizza Média Francesa,80,1,44,"144,32","33,8664516129","31,04","31,04","38,8","34,3277773256","R$ 31,04 (38,80%)","1,2992208485",5,"44,96","56,2","R$ 44,96 (56,20%)","R$ 44,96 (56,20%)","636,9733969697","636,9733969697","636,9733969697","636,9733969697",,,,,,,,,,,,,,
dT1fYU4gSJK0hjkQKHcrCA,diadepizzatoledo@hotmail.com,,Pizza Média Frango ao Barbecue,80,1,44,"144,32","33,8664516129","32,36","32,36","40,45","34,3277773256","R$ 32,36 (40,45%)","1,2992208485",5,"43,64","54,55","R$ 43,64 (54,55%)","R$ 43,64 (54,55%)","636,9733969697","636,9733969697","636,9733969697","636,9733969697",,,,,,,,,,,,,,
uvwX0MBmS5ictao5Vq0kYw,diadepizzatoledo@hotmail.com,,Pizza Média Frango Supremo ,80,1,44,"144,32","33,8664516129","35,3","35,3","44,125","34,3277773256","R$ 35,30 (44,13%)","1,2992208485",5,"40,7","50,875","R$ 40,70 (50,87%)","R$ 40,70 (50,87%)","636,9733969697","636,9733969697","636,9733969697","636,9733969697",,,,,,,,,,,,,,
6JSJPQaKQgegd2ORNcY.AA,diadepizzatoledo@hotmail.com,,Pizza Média Hot Dog,80,1,44,"144,32","33,8664516129","32,37","32,37","40,4625","34,3277773256","R$ 32,37 (40,46%)","1,2992208485",5,"43,63","54,5375","R$ 43,63 (54,54%)","R$ 43,63 (54,54%)","636,9733969697","636,9733969697","636,9733969697","636,9733969697",,,,,,,,,,,,,,
H9daff4TTYCVfeaV7h2qtA,diadepizzatoledo@hotmail.com,,Pizza Média Lombo,80,1,44,"144,32","33,8664516129","33,47","33,47","41,8375","34,3277773256","R$ 33,47 (41,84%)","1,2992208485",5,"42,53","53,1625","R$ 42,53 (53,16%)","R$ 42,53 (53,16%)","636,9733969697","636,9733969697","636,9733969697","636,9733969697",,,,,,,,,,,,,,
aZ60RD-CT8abtEU3D.xPvg,diadepizzatoledo@hotmail.com,,Pizza Média Lombo ao Barbecue,80,1,44,"144,32","33,8664516129","32,1","32,1","40,125","34,3277773256","R$ 32,10 (40,13%)","1,2992208485",5,"43,9","54,875","R$ 43,90 (54,87%)","R$ 43,90 (54,87%)","636,9733969697","636,9733969697","636,9733969697","636,9733969697",,,,,,,,,,,,,,
rB2.CHnuRFWjZI2oYvMFjQ,diadepizzatoledo@hotmail.com,,Pizza Média Lombo C/ Abacaxi,80,1,44,"144,32","33,8664516129","38,1","38,1","47,625","34,3277773256","R$ 38,10 (47,63%)","1,2992208485",5,"37,9","47,375","R$ 37,90 (47,38%)","R$ 37,90 (47,38%)","636,9733969697","636,9733969697","636,9733969697","636,9733969697",,,,,,,,,,,,,,
R5soGd9tTHqa2byVdgyQzg,diadepizzatoledo@hotmail.com,,Pizza Média Provolombo,80,1,44,"144,32","33,8664516129","34,35","34,35","42,9375","34,3277773256","R$ 34,35 (42,94%)","1,2992208485",5,"41,65","52,0625","R$ 41,65 (52,06%)","R$ 41,65 (52,06%)","636,9733969697","636,9733969697","636,9733969697","636,9733969697",,,,,,,,,,,,,,
mQr66yaYTNKJzM2TkdwwiQ,diadepizzatoledo@hotmail.com,,Pizza Média Quatro Queijos,80,1,44,"144,32","33,8664516129","32,77","32,77","40,9625","34,3277773256","R$ 32,77 (40,96%)","1,2992208485",5,"43,23","54,0375","R$ 43,23 (54,04%)","R$ 43,23 (54,04%)","636,9733969697","636,9733969697","636,9733969697","636,9733969697",,,,,,,,,,,,,,
5qPQ9vVcQPG814EOF3lcjA,diadepizzatoledo@hotmail.com,,Pizza Média Strogonoff de Carne,80,1,44,"144,32","33,8664516129","35,59","35,59","44,4875","34,3277773256","R$ 35,59 (44,49%)","1,2992208485",5,"40,41","50,5125","R$ 40,41 (50,51%)","R$ 40,41 (50,51%)","636,9733969697","636,9733969697","636,9733969697","636,9733969697",,,,,,,,,,,,,,
nNzR8IXTTNGeHuQodeLvag,diadepizzatoledo@hotmail.com,,Pizza Média Toscana,80,1,44,"144,32","33,8664516129","29,09","29,09","36,3625","34,3277773256","R$ 29,09 (36,36%)","1,2992208485",5,"46,91","58,6375","R$ 46,91 (58,64%)","R$ 46,91 (58,64%)","636,9733969697","636,9733969697","636,9733969697","636,9733969697",,,,,,,,,,,,,,
np3Klg7eQzOcwG.qk2DKbQ,diadepizzatoledo@hotmail.com,,Pizza Média Atum ,85,1,44,"144,32","33,8664516129","45,52","45,52","53,5529411765","34,3277773256","R$ 45,52 (53,55%)","1,2992208485",5,"35,23","41,4470588235","R$ 35,23 (41,45%)","R$ 35,23 (41,45%)","636,9733969697","636,9733969697","636,9733969697","636,9733969697",,,,,,,,,,,,,,
ETgdVCE6QxGb33MR522y0g,diadepizzatoledo@hotmail.com,,Pizza Média Baiana,85,1,44,"144,32","33,8664516129","41,58","41,58","48,9176470588","34,3277773256","R$ 41,58 (48,92%)","1,2992208485",5,"39,17","46,0823529412","R$ 39,17 (46,08%)","R$ 39,17 (46,08%)","636,9733969697","636,9733969697","636,9733969697","636,9733969697",,,,,,,,,,,,,,
E5bmdlKYSBKffYOwgVR-4Q,diadepizzatoledo@hotmail.com,,Pizza Média Bufala,85,1,44,"144,32","33,8664516129","29,36","29,36","34,5411764706","34,3277773256","R$ 29,36 (34,54%)","1,2992208485",5,"51,39","60,4588235294","R$ 51,39 (60,46%)","R$ 51,39 (60,46%)","636,9733969697","636,9733969697","636,9733969697","636,9733969697",,,,,,,,,,,,,,
ptDy7IYqSOy98Gdm2DZT8g,diadepizzatoledo@hotmail.com,,Pizza Média Calabresa Especial,85,1,44,"144,32","33,8664516129","42,67","42,67","50,2","34,3277773256","R$ 42,67 (50,20%)","1,2992208485",5,"38,08","44,8","R$ 38,08 (44,80%)","R$ 38,08 (44,80%)","636,9733969697","636,9733969697","636,9733969697","636,9733969697",,,,,,,,,,,,,,
VF20Mt-dSv6XrhAGtjipQA,diadepizzatoledo@hotmail.com,,Pizza Média Carne Seca,85,1,44,"144,32","33,8664516129","39,39","39,39","46,3411764706","34,3277773256","R$ 39,39 (46,34%)","1,2992208485",5,"41,36","48,6588235294","R$ 41,36 (48,66%)","R$ 41,36 (48,66%)","636,9733969697","636,9733969697","636,9733969697","636,9733969697",,,,,,,,,,,,,,
YTz1WiBgScK8.1N4EZYJdg,diadepizzatoledo@hotmail.com,,Pizza Média Gaucha,85,1,44,"144,32","33,8664516129","33,48","33,48","39,3882352941","34,3277773256","R$ 33,48 (39,39%)","1,2992208485",5,"47,27","55,6117647059","R$ 47,27 (55,61%)","R$ 47,27 (55,61%)","636,9733969697","636,9733969697","636,9733969697","636,9733969697",,,,,,,,,,,,,,
1gRtM6e2TACiHXO0j60dbA,diadepizzatoledo@hotmail.com,,Pizza Média Italiana ,85,1,44,"144,32","33,8664516129",37,37,"43,5294117647","34,3277773256","R$ 37,00 (43,53%)","1,2992208485",5,"43,75","51,4705882353","R$ 43,75 (51,47%)","R$ 43,75 (51,47%)","636,9733969697","636,9733969697","636,9733969697","636,9733969697",,,,,,,,,,,,,,
1O-pZY1jRVmTdFeBQPEzNA,diadepizzatoledo@hotmail.com,,Pizza Média Magnifica,85,1,44,"144,32","33,8664516129","39,85","39,85","46,8823529412","34,3277773256","R$ 39,85 (46,88%)","1,2992208485",5,"40,9","48,1176470588","R$ 40,90 (48,12%)","R$ 40,90 (48,12%)","636,9733969697","636,9733969697","636,9733969697","636,9733969697",,,,,,,,,,,,,,
4UEiarzcTxivIrU5WoYPQQ,diadepizzatoledo@hotmail.com,,Pizza Média Primavera,85,1,44,"144,32","33,8664516129","33,81","33,81","39,7764705882","34,3277773256","R$ 33,81 (39,78%)","1,2992208485",5,"46,94","55,2235294118","R$ 46,94 (55,22%)","R$ 46,94 (55,22%)","636,9733969697","636,9733969697","636,9733969697","636,9733969697",,,,,,,,,,,,,,
sAgvTRWXSDWsZb8AawA4Ww,diadepizzatoledo@hotmail.com,,Pizza Média 4 Queijos c/ Bacon,85,1,44,"144,32","33,8664516129","36,67","36,67","43,1411764706","34,3277773256","R$ 36,67 (43,14%)","1,2992208485",5,"44,08","51,8588235294","R$ 44,08 (51,86%)","R$ 44,08 (51,86%)","636,9733969697","636,9733969697","636,9733969697","636,9733969697",,,,,,,,,,,,,,
4r6UZhl6QSmEsT8c-xP71w,diadepizzatoledo@hotmail.com,,Pizza Média Suprema,85,1,44,"144,32","33,8664516129","30,62","30,62","36,0235294118","34,3277773256","R$ 30,62 (36,02%)","1,2992208485",5,"50,13","58,9764705882","R$ 50,13 (58,98%)","R$ 50,13 (58,98%)","636,9733969697","636,9733969697","636,9733969697","636,9733969697",,,,,,,,,,,,,,
j8r2UJ2sQJmtD1t5DxvTSg,diadepizzatoledo@hotmail.com,,Pizza Média Banana,99,1,44,"144,32","33,8664516129","14,63","14,63","14,7777777778","34,3277773256","R$ 14,63 (14,78%)","1,2992208485",5,"79,42","80,2222222222","R$ 79,42 (80,22%)","R$ 79,42 (80,22%)","636,9733969697","636,9733969697","636,9733969697","636,9733969697",,,,,,,,,,,,,,
74dQd.KDSh2tJYVn9NAQ-Q,diadepizzatoledo@hotmail.com,,Pizza Média Banana Nevada,99,1,44,"144,32","33,8664516129","12,86","12,86","12,9898989899","34,3277773256","R$ 12,86 (12,99%)","1,2992208485",5,"81,19","82,0101010101","R$ 81,19 (82,01%)","R$ 81,19 (82,01%)","636,9733969697","636,9733969697","636,9733969697","636,9733969697",,,,,,,,,,,,,,
cmu-PGzKSjOeK-eZXwc3BA,diadepizzatoledo@hotmail.com,,Pizza Média Chocolate Branco c/ Morango ,99,1,44,"144,32","33,8664516129","25,03","25,03","25,2828282828","34,3277773256","R$ 25,03 (25,28%)","1,2992208485",5,"69,02","69,7171717172","R$ 69,02 (69,72%)","R$ 69,02 (69,72%)","636,9733969697","636,9733969697","636,9733969697","636,9733969697",,,,,,,,,,,,,,
4olXcupqStykJ0f95U-wEw,diadepizzatoledo@hotmail.com,,Pizza Média Chocolate c/ M&M's,99,1,44,"144,32","33,8664516129","48,66","48,66","49,1515151515","34,3277773256","R$ 48,66 (49,15%)","1,2992208485",5,"45,39","45,8484848485","R$ 45,39 (45,85%)","R$ 45,39 (45,85%)","636,9733969697","636,9733969697","636,9733969697","636,9733969697",,,,,,,,,,,,,,
4dIRcq3MQ32vs0.Nr6ddFA,diadepizzatoledo@hotmail.com,,Pizza Média Chocolate C/ Morango ,99,1,44,"144,32","33,8664516129","46,66","46,66","47,1313131313","34,3277773256","R$ 46,66 (47,13%)","1,2992208485",5,"47,39","47,8686868687","R$ 47,39 (47,87%)","R$ 47,39 (47,87%)","636,9733969697","636,9733969697","636,9733969697","636,9733969697",,,,,,,,,,,,,,
mQmEXruVQPS7-dsiwutS4Q,diadepizzatoledo@hotmail.com,,Pizza Média Chocolate c/ Nutela,99,1,44,"144,32","33,8664516129","49,11","49,11","49,6060606061","34,3277773256","R$ 49,11 (49,61%)","1,2992208485",5,"44,94","45,3939393939","R$ 44,94 (45,39%)","R$ 44,94 (45,39%)","636,9733969697","636,9733969697","636,9733969697","636,9733969697",,,,,,,,,,,,,,
ESVlVNAYQty8BjJvWCE5BQ,diadepizzatoledo@hotmail.com,,Pizza Média Dois Amores,99,1,44,"144,32","33,8664516129","47,66","47,66","48,1414141414","34,3277773256","R$ 47,66 (48,14%)","1,2992208485",5,"46,39","46,8585858586","R$ 46,39 (46,86%)","R$ 46,39 (46,86%)","636,9733969697","636,9733969697","636,9733969697","636,9733969697",,,,,,,,,,,,,,
Ug5f092uRzqvKdgEFTXi6g,diadepizzatoledo@hotmail.com,,Pizza Média Merengue,99,1,44,"144,32","33,8664516129","41,99","41,99","42,4141414141","34,3277773256","R$ 41,99 (42,41%)","1,2992208485",5,"52,06","52,5858585859","R$ 52,06 (52,59%)","R$ 52,06 (52,59%)","636,9733969697","636,9733969697","636,9733969697","636,9733969697",,,,,,,,,,,,,,
tPsTs2RkS56CsZ24vfHGVA,diadepizzatoledo@hotmail.com,,Pizza Média Nutella C/ Ninho ,99,1,44,"144,32","33,8664516129","52,73","52,73","53,2626262626","34,3277773256","R$ 52,73 (53,26%)","1,2992208485",5,"41,32","41,7373737374","R$ 41,32 (41,74%)","R$ 41,32 (41,74%)","636,9733969697","636,9733969697","636,9733969697","636,9733969697",,,,,,,,,,,,,,
KJy5jiXJR8yKTAIWRdzaVQ,diadepizzatoledo@hotmail.com,,Pizza Média Pistache,99,1,44,"144,32","33,8664516129","33,91","33,91","34,2525252525","34,3277773256","R$ 33,91 (34,25%)","1,2992208485",5,"60,14","60,7474747475","R$ 60,14 (60,75%)","R$ 60,14 (60,75%)","636,9733969697","636,9733969697","636,9733969697","636,9733969697",,,,,,,,,,,,,,
bRSdfgE4Sx2-Q3ZQOtMKLg,diadepizzatoledo@hotmail.com,,Pizza Grande Bacon,85,1,44,"144,32","33,8664516129","33,95","33,95","39,9411764706","34,3277773256","R$ 33,95 (39,94%)","1,2992208485",5,"46,8","55,0588235294","R$ 46,80 (55,06%)","R$ 46,80 (55,06%)","636,9733969697","636,9733969697","636,9733969697","636,9733969697",,,,,,,,,,,,,,
GBgtcI04Qfi0jyFKvOezCA,diadepizzatoledo@hotmail.com,,Pizza Grande Brocolis,85,1,44,"144,32","33,8664516129","37,81","37,81","44,4823529412","34,3277773256","R$ 37,81 (44,48%)","1,2992208485",5,"42,94","50,5176470588","R$ 42,94 (50,52%)","R$ 42,94 (50,52%)","636,9733969697","636,9733969697","636,9733969697","636,9733969697",,,,,,,,,,,,,,
j8tVSyBwTTmB1sk2nv2HeQ,diadepizzatoledo@hotmail.com,,Pizza Grande Calabresa ,85,1,44,"144,32","33,8664516129","36,56","36,56","43,0117647059","34,3277773256","R$ 36,56 (43,01%)","1,2992208485",5,"44,19","51,9882352941","R$ 44,19 (51,99%)","R$ 44,19 (51,99%)","636,9733969697","636,9733969697","636,9733969697","636,9733969697",,,,,,,,,,,,,,
J1fv4CfdRV2Ln2lvHQn7GA,diadepizzatoledo@hotmail.com,,Pizza Grande Escarola ,85,1,44,"144,32","33,8664516129","33,5","33,5","39,4117647059","34,3277773256","R$ 33,50 (39,41%)","1,2992208485",5,"47,25","55,5882352941","R$ 47,25 (55,59%)","R$ 47,25 (55,59%)","636,9733969697","636,9733969697","636,9733969697","636,9733969697",,,,,,,,,,,,,,
WOMhBdG6QIyNXcTs1JBerA,diadepizzatoledo@hotmail.com,,Pizza Grande Frango c/ Bacon,85,1,44,"144,32","33,8664516129","38,64","38,64","45,4588235294","34,3277773256","R$ 38,64 (45,46%)","1,2992208485",5,"42,11","49,5411764706","R$ 42,11 (49,54%)","R$ 42,11 (49,54%)","636,9733969697","636,9733969697","636,9733969697","636,9733969697",,,,,,,,,,,,,,
L0DgU5bATYaU3SupsROUNQ,diadepizzatoledo@hotmail.com,,Pizza Grande Frango C/ Cheddar,85,1,44,"144,32","33,8664516129","40,45","40,45","47,5882352941","34,3277773256","R$ 40,45 (47,59%)","1,2992208485",5,"40,3","47,4117647059","R$ 40,30 (47,41%)","R$ 40,30 (47,41%)","636,9733969697","636,9733969697","636,9733969697","636,9733969697",,,,,,,,,,,,,,
I27y60YJR4SgiI3lyqKr8A,diadepizzatoledo@hotmail.com,,Pizza Grande Frango c/ Requeijão ,85,1,44,"144,32","33,8664516129","40,11","40,11","47,1882352941","34,3277773256","R$ 40,11 (47,19%)","1,2992208485",5,"40,64","47,8117647059","R$ 40,64 (47,81%)","R$ 40,64 (47,81%)","636,9733969697","636,9733969697","636,9733969697","636,9733969697",,,,,,,,,,,,,,
yiIIzdy8S-qFiaBA2ENesg,diadepizzatoledo@hotmail.com,,Pizza Grande Margherita,85,1,44,"144,32","33,8664516129","40,58","40,58","47,7411764706","34,3277773256","R$ 40,58 (47,74%)","1,2992208485",5,"40,17","47,2588235294","R$ 40,17 (47,26%)","R$ 40,17 (47,26%)","636,9733969697","636,9733969697","636,9733969697","636,9733969697",,,,,,,,,,,,,,
J94VFQuZTLiZozNKWVh24A,diadepizzatoledo@hotmail.com,,Pizza Grande Mussarela,85,1,44,"144,32","33,8664516129","33,84","33,84","39,8117647059","34,3277773256","R$ 33,84 (39,81%)","1,2992208485",5,"46,91","55,1882352941","R$ 46,91 (55,19%)","R$ 46,91 (55,19%)","636,9733969697","636,9733969697","636,9733969697","636,9733969697",,,,,,,,,,,,,,
oSeBR04JSHWVG-IcknO0nQ,diadepizzatoledo@hotmail.com,,Pizza Grande Napolitana,85,1,44,"144,32","33,8664516129","33,84","33,84","39,8117647059","34,3277773256","R$ 33,84 (39,81%)","1,2992208485",5,"46,91","55,1882352941","R$ 46,91 (55,19%)","R$ 46,91 (55,19%)","636,9733969697","636,9733969697","636,9733969697","636,9733969697",,,,,,,,,,,,,,
ZB5PHVumSbulhqXiqr6NIA,diadepizzatoledo@hotmail.com,,Pizza Grande Palmito,85,1,44,"144,32","33,8664516129","38,45","38,45","45,2352941176","34,3277773256","R$ 38,45 (45,24%)","1,2992208485",5,"42,3","49,7647058824","R$ 42,30 (49,76%)","R$ 42,30 (49,76%)","636,9733969697","636,9733969697","636,9733969697","636,9733969697",,,,,,,,,,,,,,
Xm3D9hj0RCmwW16oRPF4HA,diadepizzatoledo@hotmail.com,,Pizza Grande Peperoni,85,1,44,"144,32","33,8664516129","41,16","41,16","48,4235294118","34,3277773256","R$ 41,16 (48,42%)","1,2992208485",5,"39,59","46,5764705882","R$ 39,59 (46,58%)","R$ 39,59 (46,58%)","636,9733969697","636,9733969697","636,9733969697","636,9733969697",,,,,,,,,,,,,,
seXNCuEsQx2xGy5afUxfIg,diadepizzatoledo@hotmail.com,,Pizza Grande Portuguesa,85,1,44,"144,32","33,8664516129","39,54","39,54","46,5176470588","34,3277773256","R$ 39,54 (46,52%)","1,2992208485",5,"41,21","48,4823529412","R$ 41,21 (48,48%)","R$ 41,21 (48,48%)","636,9733969697","636,9733969697","636,9733969697","636,9733969697",,,,,,,,,,,,,,
q12ARxewQSGSdHSUxpN.MA,diadepizzatoledo@hotmail.com,,Pizza Grande Alcatra c/ Cheddar,95,1,44,"144,32","33,8664516129","39,93","39,93","42,0315789474","34,3277773256","R$ 39,93 (42,03%)","1,2992208485",5,"50,32","52,9684210526","R$ 50,32 (52,97%)","R$ 50,32 (52,97%)","636,9733969697","636,9733969697","636,9733969697","636,9733969697",,,,,,,,,,,,,,
vOwTnqPuT2CUEevrxDc9wA,diadepizzatoledo@hotmail.com,,Pizza Grande Americana,95,1,44,"144,32","33,8664516129","39,95","39,95","42,0526315789","34,3277773256","R$ 39,95 (42,05%)","1,2992208485",5,"50,3","52,9473684211","R$ 50,30 (52,95%)","R$ 50,30 (52,95%)","636,9733969697","636,9733969697","636,9733969697","636,9733969697",,,,,,,,,,,,,,
BGxHpRzgSxmsGKhtMfsj8w,diadepizzatoledo@hotmail.com,,Pizza Grande Bacon c/ Milho ,95,1,44,"144,32","33,8664516129","43,42","43,42","45,7052631579","34,3277773256","R$ 43,42 (45,71%)","1,2992208485",5,"46,83","49,2947368421","R$ 46,83 (49,29%)","R$ 46,83 (49,29%)","636,9733969697","636,9733969697","636,9733969697","636,9733969697",,,,,,,,,,,,,,
H.ex6aF5RbGL0dFlzQSEdA,diadepizzatoledo@hotmail.com,,Pizza Grande Brócolis C/ Bacon ,95,1,44,"144,32","33,8664516129","43,65","43,65","45,9473684211","34,3277773256","R$ 43,65 (45,95%)","1,2992208485",5,"46,6","49,0526315789","R$ 46,60 (49,05%)","R$ 46,60 (49,05%)","636,9733969697","636,9733969697","636,9733969697","636,9733969697",,,,,,,,,,,,,,
fcID--6lSD-.kyVlkteo9A,diadepizzatoledo@hotmail.com,,Pizza Grande Carbonara,95,1,44,"144,32","33,8664516129","39,76","39,76","41,8526315789","34,3277773256","R$ 39,76 (41,85%)","1,2992208485",5,"50,49","53,1473684211","R$ 50,49 (53,15%)","R$ 50,49 (53,15%)","636,9733969697","636,9733969697","636,9733969697","636,9733969697",,,,,,,,,,,,,,
qf5s4sv4S3eXvcjGlTcsoQ,diadepizzatoledo@hotmail.com,,Pizza Grande Dia de Pizza,95,1,44,"144,32","33,8664516129","47,82","47,82","50,3368421053","34,3277773256","R$ 47,82 (50,34%)","1,2992208485",5,"42,43","44,6631578947","R$ 42,43 (44,66%)","R$ 42,43 (44,66%)","636,9733969697","636,9733969697","636,9733969697","636,9733969697",,,,,,,,,,,,,,
7IB.hTtfTLKJYETwyzkDvQ,diadepizzatoledo@hotmail.com,,Pizza Grande Ferrucio,95,1,44,"144,32","33,8664516129","38,24","38,24","40,2526315789","34,3277773256","R$ 38,24 (40,25%)","1,2992208485",5,"52,01","54,7473684211","R$ 52,01 (54,75%)","R$ 52,01 (54,75%)","636,9733969697","636,9733969697","636,9733969697","636,9733969697",,,,,,,,,,,,,,
a.PAGTEEUQx68SyWoIU5-1A,diadepizzatoledo@hotmail.com,,Pizza Grande Forneiro ,95,1,44,"144,32","33,8664516129","45,9","45,9","48,3157894737","34,3277773256","R$ 45,90 (48,32%)","1,2992208485",5,"44,35","46,6842105263","R$ 44,35 (46,68%)","R$ 44,35 (46,68%)","636,9733969697","636,9733969697","636,9733969697","636,9733969697",,,,,,,,,,,,,,
8pLwRG3lQ0SPdj3BOyt-JQ,diadepizzatoledo@hotmail.com,,Pizza Grande Francesa,95,1,44,"144,32","33,8664516129","41,91","41,91","44,1157894737","34,3277773256","R$ 41,91 (44,12%)","1,2992208485",5,"48,34","50,8842105263","R$ 48,34 (50,88%)","R$ 48,34 (50,88%)","636,9733969697","636,9733969697","636,9733969697","636,9733969697",,,,,,,,,,,,,,
0k9qte3TRDiOIB3vk0aCKQ,diadepizzatoledo@hotmail.com,,Pizza Grande Frango ao Barbecue,95,1,44,"144,32","33,8664516129","43,89","43,89","46,2","34,3277773256","R$ 43,89 (46,20%)","1,2992208485",5,"46,36","48,8","R$ 46,36 (48,80%)","R$ 46,36 (48,80%)","636,9733969697","636,9733969697","636,9733969697","636,9733969697",,,,,,,,,,,,,,
WdzonG.jQxyUM-sQPTrBbw,monteiropimenta19@gmail.com,,Burguer Americano + Batata Frita,"29,9",1,44,"144,32","33,8664516129","14,4","14,4","48,1605351171","34,3277773256","R$ 14,40 (48,16%)","1,2992208485",5,"14,005","46,8394648829","R$ 14,00 (46,84%)","R$ 14,00 (46,84%)","636,9733969697","636,9733969697","636,9733969697","636,9733969697",,,,,,,,,,,,,,
fIIMe2zcRm2uMZgm3XGPgQ,diadepizzatoledo@hotmail.com,,Pizza Grande Frango Supremo,95,1,44,"144,32","33,8664516129","48,3","48,3","50,8421052632","34,3277773256","R$ 48,30 (50,84%)","1,2992208485",5,"41,95","44,1578947368","R$ 41,95 (44,16%)","R$ 41,95 (44,16%)","636,9733969697","636,9733969697","636,9733969697","636,9733969697",,,,,,,,,,,,,,
ljKY5v-5Q62..KibVyV81g,diadepizzatoledo@hotmail.com,,Pizza Grande Hot Dog,95,1,44,"144,32","33,8664516129","43,9","43,9","46,2105263158","34,3277773256","R$ 43,90 (46,21%)","1,2992208485",5,"46,35","48,7894736842","R$ 46,35 (48,79%)","R$ 46,35 (48,79%)","636,9733969697","636,9733969697","636,9733969697","636,9733969697",,,,,,,,,,,,,,
LNUwLGOlQhGnTNbvEsws.w,diadepizzatoledo@hotmail.com,,Pizza Grande Lombo,95,1,44,"144,32","33,8664516129","45,55","45,55","47,9473684211","34,3277773256","R$ 45,55 (47,95%)","1,2992208485",5,"44,7","47,0526315789","R$ 44,70 (47,05%)","R$ 44,70 (47,05%)","636,9733969697","636,9733969697","636,9733969697","636,9733969697",,,,,,,,,,,,,,
zmZV52alQ9GqKmusOynkRA,diadepizzatoledo@hotmail.com,,Pizza Grande Lombo ao Barbecue,95,1,44,"144,32","33,8664516129","43,49","43,49","45,7789473684","34,3277773256","R$ 43,49 (45,78%)","1,2992208485",5,"46,76","49,2210526316","R$ 46,76 (49,22%)","R$ 46,76 (49,22%)","636,9733969697","636,9733969697","636,9733969697","636,9733969697",,,,,,,,,,,,,,
dljF0QWQSsq1CXie-vNmNw,diadepizzatoledo@hotmail.com,,Pizza Grande Lombo c/ Abacaxi ,95,1,44,"144,32","33,8664516129","52,31","52,31","55,0631578947","34,3277773256","R$ 52,31 (55,06%)","1,2992208485",5,"37,94","39,9368421053","R$ 37,94 (39,94%)","R$ 37,94 (39,94%)","636,9733969697","636,9733969697","636,9733969697","636,9733969697",,,,,,,,,,,,,,
Qya-.y5XRGSw2Q0ws-VOJA,diadepizzatoledo@hotmail.com,,Pizza Grande Provolombo,95,1,44,"144,32","33,8664516129","46,87","46,87","49,3368421053","34,3277773256","R$ 46,87 (49,34%)","1,2992208485",5,"43,38","45,6631578947","R$ 43,38 (45,66%)","R$ 43,38 (45,66%)","636,9733969697","636,9733969697","636,9733969697","636,9733969697",,,,,,,,,,,,,,
L7wY9w2sQhiaMURRz-98hA,diadepizzatoledo@hotmail.com,,Pizza Grande 4 Queijos,95,1,44,"144,32","33,8664516129","44,5","44,5","46,8421052632","34,3277773256","R$ 44,50 (46,84%)","1,2992208485",5,"45,75","48,1578947368","R$ 45,75 (48,16%)","R$ 45,75 (48,16%)","636,9733969697","636,9733969697","636,9733969697","636,9733969697",,,,,,,,,,,,,,
VEA9RvlwQ8-iV99jEOROqA,diadepizzatoledo@hotmail.com,,Pizza Grande Toscana,95,1,44,"144,32","33,8664516129","38,98","38,98","41,0315789474","34,3277773256","R$ 38,98 (41,03%)","1,2992208485",5,"51,27","53,9684210526","R$ 51,27 (53,97%)","R$ 51,27 (53,97%)","636,9733969697","636,9733969697","636,9733969697","636,9733969697",,,,,,,,,,,,,,
q05LqlfIRCS5AoWs4CKz3Q,diadepizzatoledo@hotmail.com,,Pizza Grande Atum,99,1,44,"144,32","33,8664516129","63,63","63,63","64,2727272727","34,3277773256","R$ 63,63 (64,27%)","1,2992208485",5,"30,42","30,7272727273","R$ 30,42 (30,73%)","R$ 30,42 (30,73%)","636,9733969697","636,9733969697","636,9733969697","636,9733969697",,,,,,,,,,,,,,
nAUB10UdQpStv.TZxbn0zQ,diadepizzatoledo@hotmail.com,,Pizza Grande Baiana,99,1,44,"144,32","33,8664516129","57,71","57,71","58,2929292929","34,3277773256","R$ 57,71 (58,29%)","1,2992208485",5,"36,34","36,7070707071","R$ 36,34 (36,71%)","R$ 36,34 (36,71%)","636,9733969697","636,9733969697","636,9733969697","636,9733969697",,,,,,,,,,,,,,
qGGT3oPATz2-yO-GEdrkHA,diadepizzatoledo@hotmail.com,,Pizza Grande Bufala,99,1,44,"144,32","33,8664516129","39,2","39,2","39,595959596","34,3277773256","R$ 39,20 (39,60%)","1,2992208485",5,"54,85","55,404040404","R$ 54,85 (55,40%)","R$ 54,85 (55,40%)","636,9733969697","636,9733969697","636,9733969697","636,9733969697",,,,,,,,,,,,,,
XsBlckhfQxCYXRM6ajx3Ew,diadepizzatoledo@hotmail.com,,Pizza Grande Calabresa Especial,99,1,44,"144,32","33,8664516129","60,66","60,66","61,2727272727","34,3277773256","R$ 60,66 (61,27%)","1,2992208485",5,"33,39","33,7272727273","R$ 33,39 (33,73%)","R$ 33,39 (33,73%)","636,9733969697","636,9733969697","636,9733969697","636,9733969697",,,,,,,,,,,,,,
LxkvThVCR6CXnLz7kUkNtA,diadepizzatoledo@hotmail.com,,Pizza Grande Carne Seca,99,1,44,"144,32","33,8664516129","54,43","54,43","54,9797979798","34,3277773256","R$ 54,43 (54,98%)","1,2992208485",5,"39,62","40,0202020202","R$ 39,62 (40,02%)","R$ 39,62 (40,02%)","636,9733969697","636,9733969697","636,9733969697","636,9733969697",,,,,,,,,,,,,,
7eDJDgqgSpSvUp55CVyGcg,diadepizzatoledo@hotmail.com,,Pizza Grande Gaúcha,99,1,44,"144,32","33,8664516129","45,57","45,57","46,0303030303","34,3277773256","R$ 45,57 (46,03%)","1,2992208485",5,"48,48","48,9696969697","R$ 48,48 (48,97%)","R$ 48,48 (48,97%)","636,9733969697","636,9733969697","636,9733969697","636,9733969697",,,,,,,,,,,,,,
EjDXB13iQiGV9U2yq4LzFQ,diadepizzatoledo@hotmail.com,,Pizza Grande Italiana,99,1,44,"144,32","33,8664516129","50,84","50,84","51,3535353535","34,3277773256","R$ 50,84 (51,35%)","1,2992208485",5,"43,21","43,6464646465","R$ 43,21 (43,65%)","R$ 43,21 (43,65%)","636,9733969697","636,9733969697","636,9733969697","636,9733969697",,,,,,,,,,,,,,
RB9XLAZ4QDyUZIuQIBup8Q,diadepizzatoledo@hotmail.com,,Pizza Grande Magnífica,99,1,44,"144,32","33,8664516129","55,12","55,12","55,6767676768","34,3277773256","R$ 55,12 (55,68%)","1,2992208485",5,"38,93","39,3232323232","R$ 38,93 (39,32%)","R$ 38,93 (39,32%)","636,9733969697","636,9733969697","636,9733969697","636,9733969697",,,,,,,,,,,,,,
N7.5Zv72SC6p4FHCNQ0mxg,diadepizzatoledo@hotmail.com,,Pizza Grande Primavera,99,1,44,"144,32","33,8664516129","46,07","46,07","46,5353535354","34,3277773256","R$ 46,07 (46,54%)","1,2992208485",5,"47,98","48,4646464646","R$ 47,98 (48,46%)","R$ 47,98 (48,46%)","636,9733969697","636,9733969697","636,9733969697","636,9733969697",,,,,,,,,,,,,,
i-Awg3QYRNac-1E7F4emJg,diadepizzatoledo@hotmail.com,,Pizza Grande 4 Queijos c/ Bacon,99,1,44,"144,32","33,8664516129","47,23","47,23","47,7070707071","34,3277773256","R$ 47,23 (47,71%)","1,2992208485",5,"46,82","47,2929292929","R$ 46,82 (47,29%)","R$ 46,82 (47,29%)","636,9733969697","636,9733969697","636,9733969697","636,9733969697",,,,,,,,,,,,,,
SCx7bw2HTeeE5Sa1iK8J-w,diadepizzatoledo@hotmail.com,,Pizza Grande Suprema,99,1,44,"144,32","33,8664516129","41,28","41,28","41,696969697","34,3277773256","R$ 41,28 (41,70%)","1,2992208485",5,"52,77","53,303030303","R$ 52,77 (53,30%)","R$ 52,77 (53,30%)","636,9733969697","636,9733969697","636,9733969697","636,9733969697",,,,,,,,,,,,,,
vLRnq-hvR.ywWrjik9WpFg,diadepizzatoledo@hotmail.com,,Pizza Grande Banana,119,1,44,"144,32","33,8664516129","18,27","18,27","15,3529411765","34,3277773256","R$ 18,27 (15,35%)","1,2992208485",5,"94,78","79,6470588235","R$ 94,78 (79,65%)","R$ 94,78 (79,65%)","636,9733969697","636,9733969697","636,9733969697","636,9733969697",,,,,,,,,,,,,,
gjMPuucAQXKK7.kRJz-SrQ,diadepizzatoledo@hotmail.com,,Pizza Grande Banana Nevada,119,1,44,"144,32","33,8664516129","32,92","32,92","27,6638655462","34,3277773256","R$ 32,92 (27,66%)","1,2992208485",5,"80,13","67,3361344538","R$ 80,13 (67,34%)","R$ 80,13 (67,34%)","636,9733969697","636,9733969697","636,9733969697","636,9733969697",,,,,,,,,,,,,,
yp2R-v0qSjexD16aH08arw,diadepizzatoledo@hotmail.com,,Pizza Grande Chocolate Branco c/ Morango,119,1,44,"144,32","33,8664516129","69,41","69,41","58,3277310924","34,3277773256","R$ 69,41 (58,33%)","1,2992208485",5,"43,64","36,6722689076","R$ 43,64 (36,67%)","R$ 43,64 (36,67%)","636,9733969697","636,9733969697","636,9733969697","636,9733969697",,,,,,,,,,,,,,
LStUI1jFQ-KsYdpRUZk7nw,diadepizzatoledo@hotmail.com,,Pizza Grande C/ M&Ms,119,1,44,"144,32","33,8664516129","69,41","69,41","58,3277310924","34,3277773256","R$ 69,41 (58,33%)","1,2992208485",5,"43,64","36,6722689076","R$ 43,64 (36,67%)","R$ 43,64 (36,67%)","636,9733969697","636,9733969697","636,9733969697","636,9733969697",,,,,,,,,,,,,,
ySv0XY64R0motxYJErAPHw,diadepizzatoledo@hotmail.com,,Pizza Grande Chocolate c/ Morango ,119,1,44,"144,32","33,8664516129","66,41","66,41","55,8067226891","34,3277773256","R$ 66,41 (55,81%)","1,2992208485",5,"46,64","39,1932773109","R$ 46,64 (39,19%)","R$ 46,64 (39,19%)","636,9733969697","636,9733969697","636,9733969697","636,9733969697",,,,,,,,,,,,,,
IVMUwc7aQ.2vELBkNvOTlw,diadepizzatoledo@hotmail.com,,Pizza Grande Chocolate c/ Nutella,119,1,44,"144,32","33,8664516129","67,86","67,86","57,025210084","34,3277773256","R$ 67,86 (57,03%)","1,2992208485",5,"45,19","37,974789916","R$ 45,19 (37,97%)","R$ 45,19 (37,97%)","636,9733969697","636,9733969697","636,9733969697","636,9733969697",,,,,,,,,,,,,,
Dp8s7OqRQ9OG8nK3oV91ZA,diadepizzatoledo@hotmail.com,,Pizza Grande Dois Amores,119,1,44,"144,32","33,8664516129","67,91","67,91","57,0672268908","34,3277773256","R$ 67,91 (57,07%)","1,2992208485",5,"45,14","37,9327731092","R$ 45,14 (37,93%)","R$ 45,14 (37,93%)","636,9733969697","636,9733969697","636,9733969697","636,9733969697",,,,,,,,,,,,,,
YC.ITCa9R3eKIAJWL195zA,diadepizzatoledo@hotmail.com,,Pizza Grande Merengue,119,1,44,"144,32","33,8664516129","61,39","61,39","51,5882352941","34,3277773256","R$ 61,39 (51,59%)","1,2992208485",5,"51,66","43,4117647059","R$ 51,66 (43,41%)","R$ 51,66 (43,41%)","636,9733969697","636,9733969697","636,9733969697","636,9733969697",,,,,,,,,,,,,,
QtE1BRY2Rre23em1VUS.tg,diadepizzatoledo@hotmail.com,,Pizza Grande Nutella C/ Ninho,119,1,44,"144,32","33,8664516129","73,28","73,28","61,5798319328","34,3277773256","R$ 73,28 (61,58%)","1,2992208485",5,"39,77","33,4201680672","R$ 39,77 (33,42%)","R$ 39,77 (33,42%)","636,9733969697","636,9733969697","636,9733969697","636,9733969697",,,,,,,,,,,,,,
AqTKQFt7SO6jXT3lDqvDHA,diadepizzatoledo@hotmail.com,,Pizza Grande Pistache,119,1,44,"144,32","33,8664516129","49,27","49,27","41,4033613445","34,3277773256","R$ 49,27 (41,40%)","1,2992208485",5,"63,78","53,5966386555","R$ 63,78 (53,60%)","R$ 63,78 (53,60%)","636,9733969697","636,9733969697","636,9733969697","636,9733969697",,,,,,,,,,,,,,
OSRjS5ptRgOC6KEe9Uay4g,adrianorissi10@gmail.com,,Pescada ,35,1,44,"144,32","33,8664516129","7,788","7,788","22,2514285714","34,3277773256","R$ 7,79 (22,25%)","1,2992208485",5,"25,462","72,7485714286","R$ 25,46 (72,75%)","R$ 25,46 (72,75%)","636,9733969697","636,9733969697","636,9733969697","636,9733969697",,,,,,,,,,,,,,
R9.uaHsdS1mRHxBFiZjdbQ,adrianorissi10@gmail.com,,Bisteca ,"26,9",1,44,"144,32","33,8664516129","5,2865","5,2865","19,6524163569","34,3277773256","R$ 5,29 (19,65%)","1,2992208485",5,"20,2685","75,3475836431","R$ 20,27 (75,35%)","R$ 20,27 (75,35%)","636,9733969697","636,9733969697","636,9733969697","636,9733969697",,,,,,,,,,,,,,
Z7ECAkJ-Q2KZOTXLRJhMeA,adrianorissi10@gmail.com,,Strogonoff de frango ,"27,9",1,44,"144,32","33,8664516129","6,76","6,76","24,229390681","34,3277773256","R$ 6,76 (24,23%)","1,2992208485",5,"19,745","70,770609319","R$ 19,74 (70,77%)","R$ 19,74 (70,77%)","636,9733969697","636,9733969697","636,9733969697","636,9733969697",,,,,,,,,,,,,,
XIpc71QgS6uArwexYtOnmg,adrianorissi10@gmail.com,,Strogonoff dê carne ,"34,9",1,44,"144,32","33,8664516129","10,21","10,21","29,2550143266","34,3277773256","R$ 10,21 (29,26%)","1,2992208485",5,"22,945","65,7449856734","R$ 22,95 (65,74%)","R$ 22,95 (65,74%)","636,9733969697","636,9733969697","636,9733969697","636,9733969697",,,,,,,,,,,,,,
KRAj2PPnSYi9pseSDvqlvQ,diadepizzatoledo@hotmail.com,,Pizza Pequena Calabresa,"49,99",1,44,"144,32","33,8664516129","14,73","14,73","29,4658931786","34,3277773256","R$ 14,73 (29,47%)","1,2992208485",5,"32,7605","65,5341068214","R$ 32,76 (65,53%)","R$ 32,76 (65,53%)","636,9733969697","636,9733969697","636,9733969697","636,9733969697",,,,,,,,,,,,,,
XwVAigVOR4upvQpcRFz5Mg,diadepizzatoledo@hotmail.com,,"Oferta 2 Pizza Pequena
","94,9",1,44,"144,32","33,8664516129","29,98","29,98","31,5911485774","34,3277773256","R$ 29,98 (31,59%)","1,2992208485",5,"60,175","63,4088514226","R$ 60,18 (63,41%)","R$ 60,18 (63,41%)","636,9733969697","636,9733969697","636,9733969697","636,9733969697",,,,,,,,,,,,,,
qWCN5BpYRgWPxzyyX5rerw,diadepizzatoledo@hotmail.com,,Oferta 1 Pizza,"43,99",1,44,"144,32","33,8664516129","31,27","31,27","71,0843373494","34,3277773256","R$ 31,27 (71,08%)","1,2992208485",5,"10,5205","23,9156626506","R$ 10,52 (23,92%)","R$ 10,52 (23,92%)","636,9733969697","636,9733969697","636,9733969697","636,9733969697",,,,,,,,,,,,,,
iKwvTFrITjysdZJZXgpENQ,diadepizzatoledo@hotmail.com,,Oferta 1 Pizza + 1 Pizza de Banana Pequena,"69,99",1,44,"144,32","33,8664516129","39,59","39,59","56,5652236034","34,3277773256","R$ 39,59 (56,57%)","1,2992208485",5,"26,9005","38,4347763966","R$ 26,90 (38,43%)","R$ 26,90 (38,43%)","636,9733969697","636,9733969697","636,9733969697","636,9733969697",,,,,,,,,,,,,,
dMh2V0BiR6ubcwmAtdXQ0g,Fabinho122039@gmail.com,Admin,empadao de camarao 750g,"52,99",750,44,"144,32","33,8664516129","151,7218275824","0,2022957701","0,3817621629","34,3277773256","R$ 0,20 (0,38%)","1,2992208485",5,"50,1382042299","94,6182378371","R$ 50,14 (94,62%)","R$ 50,14 (94,62%)","636,9733969697","636,9733969697","636,9733969697","636,9733969697","117,5538461538",,,,,,,,,,,,,
nznUcH3GTiSlnxjvV-sC-A,diadepizzatreslagoas@gmail.com,,Pizza Grande - Calabresa ,75,1,44,"144,32","33,8664516129","27,0469","27,0469","36,0625333333","34,3277773256","R$ 27,05 (36,06%)","1,2992208485",5,"44,2031","58,9374666667","R$ 44,20 (58,94%)","R$ 44,20 (58,94%)","636,9733969697","636,9733969697","636,9733969697","636,9733969697",,,,,,,,,,,,,,
qqOoorANSAanU0wgPMPbsA,suavesaborbarreiro@gmail.com,,Suave Sabor especial,"31,9",1,44,"144,32","33,8664516129","11,0725","11,0725","34,710031348","34,3277773256","R$ 11,07 (34,71%)","1,2992208485",5,"19,2325","60,289968652","R$ 19,23 (60,29%)","R$ 19,23 (60,29%)","636,9733969697","636,9733969697","636,9733969697","636,9733969697",,,,,,,,,,,,,,
nq40ehMQSPu3IUfZb1su0Q,suavesaborbarreiro@gmail.com,,X Tudo,"28,9",1,44,"144,32","33,8664516129","9,8695","9,8695","34,1505190311","34,3277773256","R$ 9,87 (34,15%)","1,2992208485",5,"17,5855","60,8494809689","R$ 17,59 (60,85%)","R$ 17,59 (60,85%)","636,9733969697","636,9733969697","636,9733969697","636,9733969697",,,,,,,,,,,,,,
8J9miRZ7T-ulfTfpt4fuEw,suavesaborbarreiro@gmail.com,,X Egg Bacon,"24,9",1,44,"144,32","33,8664516129","8,3075","8,3075","33,3634538153","34,3277773256","R$ 8,31 (33,36%)","1,2992208485",5,"15,3475","61,6365461847","R$ 15,35 (61,64%)","R$ 15,35 (61,64%)","636,9733969697","636,9733969697","636,9733969697","636,9733969697",,,,,,,,,,,,,,
dTTY6CLqTTywaNYmffbzfg,suavesaborbarreiro@gmail.com,,X Bacon,"22,9",1,44,"144,32","33,8664516129","7,3975","7,3975","32,3034934498","34,3277773256","R$ 7,40 (32,30%)","1,2992208485",5,"14,3575","62,6965065502","R$ 14,36 (62,70%)","R$ 14,36 (62,70%)","636,9733969697","636,9733969697","636,9733969697","636,9733969697",,,,,,,,,,,,,,
b5kYAOrMRImrD-2.pdUCDA,suavesaborbarreiro@gmail.com,,X Egg,"21,9",1,44,"144,32","33,8664516129","6,895","6,895","31,4840182648","34,3277773256","R$ 6,90 (31,48%)","1,2992208485",5,"13,91","63,5159817352","R$ 13,91 (63,52%)","R$ 13,91 (63,52%)","636,9733969697","636,9733969697","636,9733969697","636,9733969697",,,,,,,,,,,,,,
8gmhTyxARVC3VzJUEcjMgw,suavesaborbarreiro@gmail.com,,X Burguer,"20,9",1,44,"144,32","33,8664516129","6,295","6,295","30,1196172249","34,3277773256","R$ 6,30 (30,12%)","1,2992208485",5,"13,56","64,8803827751","R$ 13,56 (64,88%)","R$ 13,56 (64,88%)","636,9733969697","636,9733969697","636,9733969697","636,9733969697",,,,,,,,,,,,,,
Rg41xjTkSLSEBbRQ5rnijA,suavesaborbarreiro@gmail.com,,Hamburguer,"19,9",1,44,"144,32","33,8664516129","5,5725","5,5725","28,0025125628","34,3277773256","R$ 5,57 (28,00%)","1,2992208485",5,"13,3325","66,9974874372","R$ 13,33 (67,00%)","R$ 13,33 (67,00%)","636,9733969697","636,9733969697","636,9733969697","636,9733969697",,,,,,,,,,,,,,
nnDq1RLQQ7ieDhL2WOnO8w,trigorei.delivery@gmail.com,Admin,Pão francês (5 Pães),"8,75",1,44,"144,32","33,8664516129","2,2984","2,2984","26,2674285714","34,3277773256","R$ 2,30 (26,27%)","1,2992208485",5,"6,0141","68,7325714286","R$ 6,01 (68,73%)","R$ 6,01 (68,73%)","636,9733969697","636,9733969697","636,9733969697","636,9733969697",,,,,,,,,,,,,,
nP6SKKqKRjG4B5pG3e8HEg,trigorei.delivery@gmail.com,Admin,Baguete Presunto e queijo,"29,99",1,44,"144,32","33,8664516129","8,805675","8,805675","29,3620373458","34,3277773256","R$ 8,81 (29,36%)","1,2992208485",5,"19,684825","65,6379626542","R$ 19,68 (65,64%)","R$ 19,68 (65,64%)","636,9733969697","636,9733969697","636,9733969697","636,9733969697",,,,,,,,,,,,,,
jur-nnLPRiuwhTL19hm85Q,trigorei.delivery@gmail.com,Admin,Baguete Peito de Peru e Queijo,"29,99",1,44,"144,32","33,8664516129","10,601175","10,601175","35,349033011","34,3277773256","R$ 10,60 (35,35%)","1,2992208485",5,"17,889325","59,650966989","R$ 17,89 (59,65%)","R$ 17,89 (59,65%)","636,9733969697","636,9733969697","636,9733969697","636,9733969697",,,,,,,,,,,,,,
mfuBid8RS.G4FzePIumfnA,trigorei.delivery@gmail.com,Admin,Misto Quente,"21,45",1,44,"144,32","33,8664516129","3,8978","3,8978","18,1715617716","34,3277773256","R$ 3,90 (18,17%)","1,2992208485",5,"16,4797","76,8284382284","R$ 16,48 (76,83%)","R$ 16,48 (76,83%)","636,9733969697","636,9733969697","636,9733969697","636,9733969697",,,,,,,,,,,,,,
1rY6xLVwSbmJLhOZiozj9w,gabrielsanrodrigues.15@gmail.com,,Sobre Coxa De Frango Com Fritas,"34,9",1,44,"144,32","33,8664516129",,,,"34,3277773256", (),"1,2992208485",5,"33,155",95,"R$ 33,16 (95,00%)",,"636,9733969697","636,9733969697","636,9733969697","636,9733969697",,,,,,,,,,,,,,
lyf87FT4SLCNZNlKfnj7oQ,leomrs@gmail.com,Admin,Pote 175ml açai,"19,99",1,44,"144,32","33,8664516129","4,7","4,7","23,5117558779","34,3277773256","R$ 4,70 (23,51%)","1,2992208485",5,"14,2905","71,4882441221","R$ 14,29 (71,49%)","R$ 14,29 (71,49%)","636,9733969697","636,9733969697","636,9733969697","636,9733969697",,,,,,,,,,,,,,
D3V0Gj4uT8a9wOZcchpNcA,assados70graus@gmail.com,,Frango Dry Rub metade - 1kg (In Natura),"42,5",1,44,"144,32","33,8664516129","15,7044375","15,7044375","36,9516176471","34,3277773256","R$ 15,70 (36,95%)","1,2992208485",5,"24,6705625","58,0483823529","R$ 24,67 (58,05%)","R$ 24,67 (58,05%)","636,9733969697","636,9733969697","636,9733969697","636,9733969697",,,,,,,,,,,,,,
Z2aIr9fISPiZmJAgpx8X3Q,pac.simone@hotmail.com,,Pizza Grande Frango Promoção,"69,9",1,44,"144,32","33,8664516129","19,96","19,96","28,5550786838","34,3277773256","R$ 19,96 (28,56%)","1,2992208485",5,"46,445","66,4449213162","R$ 46,45 (66,44%)","R$ 46,45 (66,44%)","636,9733969697","636,9733969697","636,9733969697","636,9733969697",,,,,,,,,,,,,,
lwBrBE2lT2i0sN5o7hN-nw,pac.simone@hotmail.com,,Combo 1 Pizza Mussarela + Coca Cola 2L,"84,9",1,44,"144,32","33,8664516129","25,0188","25,0188","29,4685512367","34,3277773256","R$ 25,02 (29,47%)","1,2992208485",5,"55,6362","65,5314487633","R$ 55,64 (65,53%)","R$ 55,64 (65,53%)","636,9733969697","636,9733969697","636,9733969697","636,9733969697",,,,,,,,,,,,,,
XOLo4EjUQ-iuj5iTZbxfjg,pac.simone@hotmail.com,,Pizza Grande Calabresa e Frango com Catupiry,"79,99",1,44,"144,32","33,8664516129","23,55","23,55","29,4411801475","34,3277773256","R$ 23,55 (29,44%)","1,2992208485",5,"52,4405","65,5588198525","R$ 52,44 (65,56%)","R$ 52,44 (65,56%)","636,9733969697","636,9733969697","636,9733969697","636,9733969697",,,,,,,,,,,,,,
AItacychRwWCRqVRwaeBQg,Fabinho122039@gmail.com,Admin,Fricasse de frango,"59,99",1,44,"144,32","33,8664516129","22,99","22,99","38,3230538423","34,3277773256","R$ 22,99 (38,32%)","1,2992208485",5,"34,0005","56,6769461577","R$ 34,00 (56,68%)","R$ 34,00 (56,68%)","636,9733969697","636,9733969697","636,9733969697","636,9733969697",,,,,,,,,,,,,,
HWoWBI.CSlSekZJecAzpPw,Fabinho122039@gmail.com,Admin,mousse de maracuja,"5,99",13,44,"144,32","33,8664516129","23,8089620253","1,8314586173","30,5752690707","34,3277773256","R$ 1,83 (30,58%)","1,2992208485",5,"3,8590413827","64,4247309293","R$ 3,86 (64,42%)","R$ 3,86 (64,42%)","636,9733969697","636,9733969697","636,9733969697","636,9733969697",,,,,,,,,,,,,,
1XvFTD0ARS-tWLzQLdG12g,frutosdegoiasinga@gmail.com,,Sorvete monte o seu copo personalizado 240g Sorvete Trad.,"17,9",1,44,"144,32","33,8664516129","5,68","5,68","31,7318435754","34,3277773256","R$ 5,68 (31,73%)","1,2992208485",5,"11,325","63,2681564246","R$ 11,33 (63,27%)","R$ 11,33 (63,27%)","636,9733969697","636,9733969697","636,9733969697","636,9733969697",,,,,,,,,,,,,,
QhRc4OajTsm48t26pchBhw,frutosdegoiasinga@gmail.com,,"Sorvete monte o seu copo personalizado 240g Sorvete Premium

","27,9",1,44,"144,32","33,8664516129","8,84","8,84","31,6845878136","34,3277773256","R$ 8,84 (31,68%)","1,2992208485",5,"17,665","63,3154121864","R$ 17,67 (63,32%)","R$ 17,67 (63,32%)","636,9733969697","636,9733969697","636,9733969697","636,9733969697",,,,,,,,,,,,,,
dEmLMdxUSqq0V-XYGJ16fQ,frutosdegoiasinga@gmail.com,,Sorvete monte o seu copo personalizado 370g Sorvete Premium,"41,9",1,44,"144,32","33,8664516129","13,4","13,4","31,9809069212","34,3277773256","R$ 13,40 (31,98%)","1,2992208485",5,"26,405","63,0190930788","R$ 26,40 (63,02%)","R$ 26,40 (63,02%)","636,9733969697","636,9733969697","636,9733969697","636,9733969697",,,,,,,,,,,,,,
QYIKqdeSRo-BsUb.BH36Sw,frutosdegoiasinga@gmail.com,,Sorvete monte o seu copo personalizado 370g Sorvete Trad.,"26,9",1,44,"144,32","33,8664516129","8,5314832536","8,5314832536","31,7155511286","34,3277773256","R$ 8,53 (31,72%)","1,2992208485",5,"17,0235167464","63,2844488714","R$ 17,02 (63,28%)","R$ 17,02 (63,28%)","636,9733969697","636,9733969697","636,9733969697","636,9733969697",,,,,,,,,,,,,,
MxYXfsejRASc4NHaNRwLzg,frutosdegoiasinga@gmail.com,,Sorvete monte o seu copo personalizado 450g Sorvete Trad.,"32,9",1,44,"144,32","33,8664516129","10,3031100478","10,3031100478","31,3164439144","34,3277773256","R$ 10,30 (31,32%)","1,2992208485",5,"20,9518899522","63,6835560856","R$ 20,95 (63,68%)","R$ 20,95 (63,68%)","636,9733969697","636,9733969697","636,9733969697","636,9733969697",,,,,,,,,,,,,,
8YiBcrCESSO7KeO8xaSdCg,frutosdegoiasinga@gmail.com,,Sorvete monte o seu copo personalizado 450g Sorvete Premium,"51,9",1,44,"144,32","33,8664516129","16,23","16,23","31,2716763006","34,3277773256","R$ 16,23 (31,27%)","1,2992208485",5,"33,075","63,7283236994","R$ 33,08 (63,73%)","R$ 33,08 (63,73%)","636,9733969697","636,9733969697","636,9733969697","636,9733969697",,,,,,,,,,,,,,
GTinQYLJRBmFs9SJ8zF6-w,frutosdegoiasinga@gmail.com,,Açai no Copo Transparente 300ml,"32,9",1,44,"144,32","33,8664516129","10,36","10,36","31,4893617021","34,3277773256","R$ 10,36 (31,49%)","1,2992208485",5,"20,895","63,5106382979","R$ 20,90 (63,51%)","R$ 20,90 (63,51%)","636,9733969697","636,9733969697","636,9733969697","636,9733969697",,,,,,,,,,,,,,
gctja6lfT5mmp7o9nUO4Iw,frutosdegoiasinga@gmail.com,,Açai no Copo Transparente 400ml,"44,9",1,44,"144,32","33,8664516129","14,19","14,19","31,6035634744","34,3277773256","R$ 14,19 (31,60%)","1,2992208485",5,"28,465","63,3964365256","R$ 28,47 (63,40%)","R$ 28,47 (63,40%)","636,9733969697","636,9733969697","636,9733969697","636,9733969697",,,,,,,,,,,,,,
1MGiO.2nQRmsszqBwpt4bQ,frutosdegoiasinga@gmail.com,,Açai no Copo Transparente 500ml,"55,9",1,44,"144,32","33,8664516129","17,67","17,67","31,6100178891","34,3277773256","R$ 17,67 (31,61%)","1,2992208485",5,"35,435","63,3899821109","R$ 35,44 (63,39%)","R$ 35,44 (63,39%)","636,9733969697","636,9733969697","636,9733969697","636,9733969697",,,,,,,,,,,,,,
NDhk9Y.jRZCKb-C1dp05oQ,frutosdegoiasinga@gmail.com,,milkshake 300ml,"19,9",1,44,"144,32","33,8664516129","6,301291866","6,301291866","31,6647832464","34,3277773256","R$ 6,30 (31,66%)","1,2992208485",5,"12,603708134","63,3352167536","R$ 12,60 (63,34%)","R$ 12,60 (63,34%)","636,9733969697","636,9733969697","636,9733969697","636,9733969697",,,,,,,,,,,,,,
bZCCxPDtRviTVEoCzD.qkA,frutosdegoiasinga@gmail.com,,Milkshake 400ml,"26,9",1,44,"144,32","33,8664516129","8,351722488","8,351722488","31,0472954946","34,3277773256","R$ 8,35 (31,05%)","1,2992208485",5,"17,203277512","63,9527045054","R$ 17,20 (63,95%)","R$ 17,20 (63,95%)","636,9733969697","636,9733969697","636,9733969697","636,9733969697",,,,,,,,,,,,,,
1kfqMVQ6RkGy8h0v6-g8Lw,frutosdegoiasinga@gmail.com,,MilkShake 500ml,"32,9",1,44,"144,32","33,8664516129","10,37215311","10,37215311","31,5263012463","34,3277773256","R$ 10,37 (31,53%)","1,2992208485",5,"20,88284689","63,4736987537","R$ 20,88 (63,47%)","R$ 20,88 (63,47%)","636,9733969697","636,9733969697","636,9733969697","636,9733969697",,,,,,,,,,,,,,
EAkCOYi7Q7Om.BV1WoHnmg,suavesaborbarreiro@gmail.com,,Pizza 4 sabores Gigante,53,1,44,"144,32","33,8664516129","19,07","19,07","35,9811320755","34,3277773256","R$ 19,07 (35,98%)","1,2992208485",5,"31,28","59,0188679245","R$ 31,28 (59,02%)","R$ 31,28 (59,02%)","636,9733969697","636,9733969697","636,9733969697","636,9733969697",,,,,,,,,,,,,,
6IYGfx-3ROW2gVf2Pr1qog,suavesaborbarreiro@gmail.com,,Pizza calabresa gigante,63,1,44,"144,32","33,8664516129","15,896","15,896","25,2317460317","34,3277773256","R$ 15,90 (25,23%)","1,2992208485",5,"43,954","69,7682539683","R$ 43,95 (69,77%)","R$ 43,95 (69,77%)","636,9733969697","636,9733969697","636,9733969697","636,9733969697",,,,,,,,,,,,,,
kAZK9DQJR3qS8uqsPGXCKw,viviane.bersanetti@gmail.com,,TEMAKI FRITO 1 UNIDADE,"28,9",1,44,"144,32","33,8664516129",,,,"34,3277773256", (),"1,2992208485",5,"27,455",95,"R$ 27,46 (95,00%)",,"636,9733969697","636,9733969697","636,9733969697","636,9733969697",,,,,,,,,,,,,,
17riQiTBSZGI77Ai3roepg,viviane.bersanetti@gmail.com,,POKE DE SALMÃO,"47,9",1,44,"144,32","33,8664516129",,,,"34,3277773256", (),"1,2992208485",5,"45,505",95,"R$ 45,50 (95,00%)",,"636,9733969697","636,9733969697","636,9733969697","636,9733969697",,,,,,,,,,,,,,
9C1Xw-.rQWivJz1e1lb9kQ,viviane.bersanetti@gmail.com,,CORN DOG COM QUEIJO 3 UNIDADES,"29,9",1,44,"144,32","33,8664516129",,,,"34,3277773256", (),"1,2992208485",5,"28,405",95,"R$ 28,40 (95,00%)",,"636,9733969697","636,9733969697","636,9733969697","636,9733969697",,,,,,,,,,,,,,
3OQuEKmwQuusRN5QBSnK.Q,viviane.bersanetti@gmail.com,,FAMILY TEMAKI E HOT ROLL 1 (4 TEMAKI/ 48 HOT ROLLS/ 1 COCA),"159,9",1,44,"144,32","33,8664516129",,,,"34,3277773256", (),"1,2992208485",5,"151,905",95,"R$ 151,91 (95,00%)",,"636,9733969697","636,9733969697","636,9733969697","636,9733969697",,,,,,,,,,,,,,
l.8agxv6Q52SoYiv0mw6MA,viviane.bersanetti@gmail.com,,FAMILY TEMAKI E HOT ROLL 2 (6 TEMAKI/ 48 HOT ROLLS/ 1 COCA),"179,9",1,44,"144,32","33,8664516129",,,,"34,3277773256", (),"1,2992208485",5,"170,905",95,"R$ 170,91 (95,00%)",,"636,9733969697","636,9733969697","636,9733969697","636,9733969697",,,,,,,,,,,,,,
IdS9MTocRWCYe9XpF66Ydg,viviane.bersanetti@gmail.com,,BIG HOT ROLL GRELHADO,"37,9",1,44,"144,32","33,8664516129",,,,"34,3277773256", (),"1,2992208485",5,"36,005",95,"R$ 36,00 (95,00%)",,"636,9733969697","636,9733969697","636,9733969697","636,9733969697",,,,,,,,,,,,,,
5jUkm8waTlWmyzEftqxTgQ,viviane.bersanetti@gmail.com,,POKE CAMARAO EMPANADO,"54,9",1,44,"144,32","33,8664516129",,,,"34,3277773256", (),"1,2992208485",5,"52,155",95,"R$ 52,16 (95,00%)",,"636,9733969697","636,9733969697","636,9733969697","636,9733969697",,,,,,,,,,,,,,
fbd9ImiPQ6GEa1btPiAADw,viviane.bersanetti@gmail.com,,POKE SALMÃO EMPANADO,"45,9",1,44,"144,32","33,8664516129",,,,"34,3277773256", (),"1,2992208485",5,"43,605",95,"R$ 43,61 (95,00%)",,"636,9733969697","636,9733969697","636,9733969697","636,9733969697",,,,,,,,,,,,,,
Fi4rtqI9TDe5m2MfJJQUKw,viviane.bersanetti@gmail.com,,COMBO 5 - 25 PEÇAS (10 SUSHI/5 JOY / 5 NIGUIRI/ 5 SASHIMI),"56,9",1,44,"144,32","33,8664516129",,,,"34,3277773256", (),"1,2992208485",5,"54,055",95,"R$ 54,06 (95,00%)",,"636,9733969697","636,9733969697","636,9733969697","636,9733969697",,,,,,,,,,,,,,
a-Go3wULgS8qKMQQA2AChfw,viviane.bersanetti@gmail.com,,COMBO 6 - 23 PEÇAS (INCLUI TEMAKI) (1 TEMAKI/ 12 HOT/ 5 JOY/ 5 SUSHI),"58,9",1,44,"144,32","33,8664516129",,,,"34,3277773256", (),"1,2992208485",5,"55,955",95,"R$ 55,96 (95,00%)",,"636,9733969697","636,9733969697","636,9733969697","636,9733969697",,,,,,,,,,,,,,
cela8KblQv-ek2.bDAAF8A,viviane.bersanetti@gmail.com,,COMBO 7 - 22 PEÇAS (12 HOT/ 5 URAMAKI/ 5 SUSHI),"55,9",1,44,"144,32","33,8664516129",,,,"34,3277773256", (),"1,2992208485",5,"53,105",95,"R$ 53,11 (95,00%)",,"636,9733969697","636,9733969697","636,9733969697","636,9733969697",,,,,,,,,,,,,,
9jffZYX4T.Gsgonq-CZlEA,viviane.bersanetti@gmail.com,,COMBO 8 - 23 PEÇAS (INCLUI TEMAKI) (12 HOT/ 1 TEMAKI/ 5 JOY/ 5 NIGUIRI),"58,9",1,44,"144,32","33,8664516129",,,,"34,3277773256", (),"1,2992208485",5,"55,955",95,"R$ 55,96 (95,00%)",,"636,9733969697","636,9733969697","636,9733969697","636,9733969697",,,,,,,,,,,,,,
zmS2xSEcSJKE2mq9eTRlDA,viviane.bersanetti@gmail.com,,BIG HOT ROLL CAMARAO EMPANADO,"54,9",1,44,"144,32","33,8664516129",,,,"34,3277773256", (),"1,2992208485",5,"52,155",95,"R$ 52,16 (95,00%)",,"636,9733969697","636,9733969697","636,9733969697","636,9733969697",,,,,,,,,,,,,,
xEHl1YCbRb21DCcPeyCxvA,viviane.bersanetti@gmail.com,,NIGUIRI FRITO 10 UNIDADES,"40,9",1,44,"144,32","33,8664516129",,,,"34,3277773256", (),"1,2992208485",5,"38,855",95,"R$ 38,86 (95,00%)",,"636,9733969697","636,9733969697","636,9733969697","636,9733969697",,,,,,,,,,,,,,
ftxEfXzFQVCBPXSmxZOThQ,viviane.bersanetti@gmail.com,,3 TEMAKIS,"61,9",1,44,"144,32","33,8664516129",,,,"34,3277773256", (),"1,2992208485",5,"58,805",95,"R$ 58,81 (95,00%)",,"636,9733969697","636,9733969697","636,9733969697","636,9733969697",,,,,,,,,,,,,,
HNDPmzknQ-6zUlFRM.fKgg,viviane.bersanetti@gmail.com,,36 HOT ROLLS,"60,9",1,44,"144,32","33,8664516129",,,,"34,3277773256", (),"1,2992208485",5,"57,855",95,"R$ 57,86 (95,00%)",,"636,9733969697","636,9733969697","636,9733969697","636,9733969697",,,,,,,,,,,,,,
OUPXmskzTOmSvAV9jfjeBA,viviane.bersanetti@gmail.com,,TEMAKI TRADICIONAL 2 UNIDADES,"42,9",1,44,"144,32","33,8664516129",,,,"34,3277773256", (),"1,2992208485",5,"40,755",95,"R$ 40,75 (95,00%)",,"636,9733969697","636,9733969697","636,9733969697","636,9733969697",,,,,,,,,,,,,,
DUpx22puQ2yBJXxzOQPJpw,viviane.bersanetti@gmail.com,,TEMAKI FRITO 2 UNIDADES,"47,9",1,44,"144,32","33,8664516129",,,,"34,3277773256", (),"1,2992208485",5,"45,505",95,"R$ 45,50 (95,00%)",,"636,9733969697","636,9733969697","636,9733969697","636,9733969697",,,,,,,,,,,,,,
NdUE0Un3SvaBNEk-yb6aYA,viviane.bersanetti@gmail.com,,TEMAKI GRELHADO 2 UNIDADES,"42,9",1,44,"144,32","33,8664516129",,,,"34,3277773256", (),"1,2992208485",5,"40,755",95,"R$ 40,75 (95,00%)",,"636,9733969697","636,9733969697","636,9733969697","636,9733969697",,,,,,,,,,,,,,
duAD7oPLQRmN8v7tUeBinQ,viviane.bersanetti@gmail.com,,TEMAKI DORITOS 2 UNIDADES,"47,9",1,44,"144,32","33,8664516129",,,,"34,3277773256", (),"1,2992208485",5,"45,505",95,"R$ 45,50 (95,00%)",,"636,9733969697","636,9733969697","636,9733969697","636,9733969697",,,,,,,,,,,,,,
i32RO5ivQnG7ODq.r.UDhg,viviane.bersanetti@gmail.com,,,,,44,"144,32","33,8664516129",,,,"34,3277773256", (),"1,2992208485",5,,, (),,"636,9733969697","636,9733969697","636,9733969697","636,9733969697",,,,,,,,,,,,,,
y94.LwR1Seyt9jEWruxGhg,viviane.bersanetti@gmail.com,,,,,44,"144,32","33,8664516129",,,,"34,3277773256", (),"1,2992208485",5,,, (),,"636,9733969697","636,9733969697","636,9733969697","636,9733969697",,,,,,,,,,,,,,
gVhoKSRsRUKah9D6Mv4Tzg,viviane.bersanetti@gmail.com,,,,,44,"144,32","33,8664516129",,,,"34,3277773256", (),"1,2992208485",5,,, (),,"636,9733969697","636,9733969697","636,9733969697","636,9733969697",,,,,,,,,,,,,,
jVhEFmJLSb2FOESsDXdCbA,viviane.bersanetti@gmail.com,,,,,44,"144,32","33,8664516129",,,,"34,3277773256", (),"1,2992208485",5,,, (),,"636,9733969697","636,9733969697","636,9733969697","636,9733969697",,,,,,,,,,,,,,
qz1KZodlRfOJFLe7caDglw,viviane.bersanetti@gmail.com,,,,,44,"144,32","33,8664516129",,,,"34,3277773256", (),"1,2992208485",5,,, (),,"636,9733969697","636,9733969697","636,9733969697","636,9733969697",,,,,,,,,,,,,,
4.66SXeOS9CfJS5Mj8L9Ng,viviane.bersanetti@gmail.com,,,,,44,"144,32","33,8664516129",,,,"34,3277773256", (),"1,2992208485",5,,, (),,"636,9733969697","636,9733969697","636,9733969697","636,9733969697",,,,,,,,,,,,,,
1CTtyxoOQQek9GYPCNq9eA,viviane.bersanetti@gmail.com,,,,,44,"144,32","33,8664516129",,,,"34,3277773256", (),"1,2992208485",5,,, (),,"636,9733969697","636,9733969697","636,9733969697","636,9733969697",,,,,,,,,,,,,,
ZKkmsMrqSgSVy9lMvEP5NA,viviane.bersanetti@gmail.com,,,,,44,"144,32","33,8664516129",,,,"34,3277773256", (),"1,2992208485",5,,, (),,"636,9733969697","636,9733969697","636,9733969697","636,9733969697",,,,,,,,,,,,,,
Ql1fXSo7SYKKeHExX4cEJg,viviane.bersanetti@gmail.com,,,,,44,"144,32","33,8664516129",,,,"34,3277773256", (),"1,2992208485",5,,, (),,"636,9733969697","636,9733969697","636,9733969697","636,9733969697",,,,,,,,,,,,,,
QWaO1eVPRzmsyT1QEtyUHQ,viviane.bersanetti@gmail.com,,,,,44,"144,32","33,8664516129",,,,"34,3277773256", (),"1,2992208485",5,,, (),,"636,9733969697","636,9733969697","636,9733969697","636,9733969697",,,,,,,,,,,,,,
A7OhjG2JSYyvBIG1-2z18A,viviane.bersanetti@gmail.com,,,,,44,"144,32","33,8664516129",,,,"34,3277773256", (),"1,2992208485",5,,, (),,"636,9733969697","636,9733969697","636,9733969697","636,9733969697",,,,,,,,,,,,,,
oXzls.-cRd6AV.zQ52uF6A,viviane.bersanetti@gmail.com,,,,,44,"144,32","33,8664516129",,,,"34,3277773256", (),"1,2992208485",5,,, (),,"636,9733969697","636,9733969697","636,9733969697","636,9733969697",,,,,,,,,,,,,,
OtwsbXZCSvKTWirKXMs5LA,viviane.bersanetti@gmail.com,,,,,44,"144,32","33,8664516129",,,,"34,3277773256", (),"1,2992208485",5,,, (),,"636,9733969697","636,9733969697","636,9733969697","636,9733969697",,,,,,,,,,,,,,
a-oqtn-0YQjqFHVc1pqj2iA,viviane.bersanetti@gmail.com,,,,,44,"144,32","33,8664516129",,,,"34,3277773256", (),"1,2992208485",5,,, (),,"636,9733969697","636,9733969697","636,9733969697","636,9733969697",,,,,,,,,,,,,,
aLseYjhcSUm36R2CpZq-dg,larissarodriguespiai@gmail.com,Admin,Cookies,"14,9",1,44,"144,32","33,8664516129","4,25","4,25","28,5234899329","34,3277773256","R$ 4,25 (28,52%)","1,2992208485",5,"9,905","66,4765100671","R$ 9,91 (66,48%)","R$ 9,91 (66,48%)","636,9733969697","636,9733969697","636,9733969697","636,9733969697",,,,,,,,,,,,,,
EMRnPwvbRie8ZWiChpTpMQ,pac.simone@hotmail.com,,PIZZA GRANDE PORTUGUESA + F. C.,"89,9",1,44,"144,32","33,8664516129","27,605","27,605","30,7063403782","34,3277773256","R$ 27,61 (30,71%)","1,2992208485",5,"57,8","64,2936596218","R$ 57,80 (64,29%)","R$ 57,80 (64,29%)","636,9733969697","636,9733969697","636,9733969697","636,9733969697",,,,,,,,,,,,,,
wT1X96xISY2RTkgfumFcyg,pac.simone@hotmail.com,,Pizza G Calabresa Paulista Promo ,"59,9",1,44,"144,32","33,8664516129","11,71","11,71","19,5492487479","34,3277773256","R$ 11,71 (19,55%)","1,2992208485",5,"45,195","75,4507512521","R$ 45,20 (75,45%)","R$ 45,20 (75,45%)","636,9733969697","636,9733969697","636,9733969697","636,9733969697",,,,,,,,,,,,,,
ER0PVaycQBap3TtQkl9iAw,larissarodriguespiai@gmail.com,Admin,Combo 1l - PREÇO LOJA,"42,5",1,44,"144,32","33,8664516129","24,46","24,46","57,5529411765","34,3277773256","R$ 24,46 (57,55%)","1,2992208485",5,"15,915","37,4470588235","R$ 15,92 (37,45%)","R$ 15,92 (37,45%)","636,9733969697","636,9733969697","636,9733969697","636,9733969697",,,,,,,,,,,,,,
yifV8ghGQIKTci8vqyeORw,larissarodriguespiai@gmail.com,Admin,Combo loja 20 picolés,45,1,44,"144,32","33,8664516129","22,35","22,35","49,6666666667","34,3277773256","R$ 22,35 (49,67%)","1,2992208485",5,"20,4","45,3333333333","R$ 20,40 (45,33%)","R$ 20,40 (45,33%)","636,9733969697","636,9733969697","636,9733969697","636,9733969697",,,,,,,,,,,,,,
5rbiivhOQBujJscMg4aAMg,monteiropimenta19@gmail.com,,Americano,"29,9",,44,"144,32","33,8664516129",,,,"34,3277773256", (),"1,2992208485",5,"28,405",95,"R$ 28,40 (95,00%)",,"636,9733969697","636,9733969697","636,9733969697","636,9733969697",,,,,,,,,,,,,,
V1GIwpK.S.Op2WbYySixTQ,monteiropimenta19@gmail.com,,Americano,"29,9",1,44,"144,32","33,8664516129",,,,"34,3277773256", (),"1,2992208485",5,"28,405",95,"R$ 28,40 (95,00%)",,"636,9733969697","636,9733969697","636,9733969697","636,9733969697",,,,,,,,,,,,,,
1tF54GDzRVmbXwFrCyTjuQ,monteiropimenta19@gmail.com,,Coreano,"28,9",1,44,"144,32","33,8664516129",,,,"34,3277773256", (),"1,2992208485",5,"27,455",95,"R$ 27,46 (95,00%)",,"636,9733969697","636,9733969697","636,9733969697","636,9733969697",,,,,,,,,,,,,,
glwi.EaTSsCqkdGFUiBHlg,x_bh@hotmail.com,x_bh@hotmail.com,Coreano,"41,9",1,44,"144,32","33,8664516129","18,57","18,57","44,3198090692","34,3277773256","R$ 18,57 (44,32%)","1,2992208485",5,"21,235","50,6801909308","R$ 21,24 (50,68%)","R$ 21,24 (50,68%)","636,9733969697","636,9733969697","636,9733969697","636,9733969697",,,,,,,,,,,,,,
aUcaW5j-Rw6aJm9e2YMJSA,monteiropimenta19@gmail.com,,americano,"29,9",1,44,"144,32","33,8664516129",,,,"34,3277773256", (),"1,2992208485",5,"28,405",95,"R$ 28,40 (95,00%)",,"636,9733969697","636,9733969697","636,9733969697","636,9733969697",,,,,,,,,,,,,,
prhZ74qoT2igVYcizxv0cg,monteiropimenta19@gmail.com,,americano,"29,9",1,44,"144,32","33,8664516129",,,,"34,3277773256", (),"1,2992208485",5,"28,405",95,"R$ 28,40 (95,00%)",,"636,9733969697","636,9733969697","636,9733969697","636,9733969697",,,,,,,,,,,,,,
yzBxqus7SymCve20LqRTLA,acyoli81@gmail.com,,Margherita G,40,1,44,"144,32","33,8664516129","13,675","13,675","34,1875","34,3277773256","R$ 13,68 (34,19%)","1,2992208485",5,"24,325","60,8125","R$ 24,32 (60,81%)","R$ 24,32 (60,81%)","636,9733969697","636,9733969697","636,9733969697","636,9733969697",,,,,,,,,,,,,,
vzwphtQWTqOrxjwqLJBfsg,acyoli81@gmail.com,,Margherita P,40,1,44,"144,32","33,8664516129","11,08","11,08","27,7","34,3277773256","R$ 11,08 (27,70%)","1,2992208485",5,"26,92","67,3","R$ 26,92 (67,30%)","R$ 26,92 (67,30%)","636,9733969697","636,9733969697","636,9733969697","636,9733969697","1,65",,,,,,,,,,,,,
5HxVWnETTu6AFaLuSRaKrg,acyoli81@gmail.com,,Margherita F,60,1,44,"144,32","33,8664516129","19,4","19,4","32,3333333333","34,3277773256","R$ 19,40 (32,33%)","1,2992208485",5,"37,6","62,6666666667","R$ 37,60 (62,67%)","R$ 37,60 (62,67%)","636,9733969697","636,9733969697","636,9733969697","636,9733969697",,,,,,,,,,,,,,
mR3kzAr8RwKqStH7GR1lXw,acyoli81@gmail.com,,Portuguesa P,38,1,44,"144,32","33,8664516129","13,355","13,355","35,1447368421","34,3277773256","R$ 13,36 (35,14%)","1,2992208485",5,"22,745","59,8552631579","R$ 22,75 (59,86%)","R$ 22,75 (59,86%)","636,9733969697","636,9733969697","636,9733969697","636,9733969697",,,,,,,,,,,,,,
Vq.WezUjTu6J4Ez6AupNcA,acyoli81@gmail.com,,Portuguesa G,40,1,44,"144,32","33,8664516129","15,69","15,69","39,225","34,3277773256","R$ 15,69 (39,23%)","1,2992208485",5,"22,31","55,775","R$ 22,31 (55,78%)","R$ 22,31 (55,78%)","636,9733969697","636,9733969697","636,9733969697","636,9733969697",,,,,,,,,,,,,,
QYVTZ70ETXeqXn1eC8gjbg,acyoli81@gmail.com,,Portuguesa F,60,1,44,"144,32","33,8664516129","24,65","24,65","41,0833333333","34,3277773256","R$ 24,65 (41,08%)","1,2992208485",5,"32,35","53,9166666667","R$ 32,35 (53,92%)","R$ 32,35 (53,92%)","636,9733969697","636,9733969697","636,9733969697","636,9733969697",,,,,,,,,,,,,,
fgEjlgTvTyiq7aoFf4mixQ,muccacookies@gmail.com,,Cookie Gotas de Chocolate  - 60g,"17,9",1,44,"144,32","33,8664516129",,,,"34,3277773256", (),"1,2992208485",5,"17,005",95,"R$ 17,01 (95,00%)",,"636,9733969697","636,9733969697","636,9733969697","636,9733969697",,,,,,,,,,,,,,
jwh6hdM-QHCY7EeOQc4Ufg,muccacookies@gmail.com,,Cookie Tradicional 60gr (un),"17,9",1,44,"144,32","33,8664516129","2,49","2,49","13,9106145251","34,3277773256","R$ 2,49 (13,91%)","1,2992208485",5,"14,515","81,0893854749","R$ 14,51 (81,09%)","R$ 14,51 (81,09%)","636,9733969697","636,9733969697","636,9733969697","636,9733969697",,,,,,,,,,,,,,
QoYpx-nwSwu20kkFLcSc-Q,muccacookies@gmail.com,,Oferta Combo 5un Cookies Tradicional,"69,9",1,44,"144,32","33,8664516129","10,13","10,13","14,4921316166","34,3277773256","R$ 10,13 (14,49%)","1,2992208485",5,"56,275","80,5078683834","R$ 56,28 (80,51%)","R$ 56,28 (80,51%)","636,9733969697","636,9733969697","636,9733969697","636,9733969697",,,,,,,,,,,,,,
h00Vcq7LRBaqvIaJabN28w,muccacookies@gmail.com,,Cookie de Nutella,"17,9",47,44,"144,32","33,8664516129","158,9463375887","3,38183697","18,8929439663","34,3277773256","R$ 3,38 (18,89%)","1,2992208485",5,"13,62316303","76,1070560337","R$ 13,62 (76,11%)","R$ 13,62 (76,11%)","636,9733969697","636,9733969697","636,9733969697","636,9733969697",,,,,,,,,,,,,,
s6ksUgILQvyXeOziT1Wasw,juulianalimaa074@gmail.com,,Batata Frita com Cheddar e Bacon,"35,9",1,44,"144,32","33,8664516129",5,5,"13,9275766017","34,3277773256","R$ 5,00 (13,93%)","1,2992208485",5,"29,105","81,0724233983","R$ 29,10 (81,07%)","R$ 29,10 (81,07%)","636,9733969697","636,9733969697","636,9733969697","636,9733969697",,,,,,,,,,,,,,
CQocLgj1S-2rpYsEZnv-cQ,juulianalimaa074@gmail.com,,Frango a Passarinho Com Fritas ou Aipim,"41,9",1,44,"144,32","33,8664516129","14,05","14,05","33,5322195704","34,3277773256","R$ 14,05 (33,53%)","1,2992208485",5,"25,755","61,4677804296","R$ 25,76 (61,47%)","R$ 25,76 (61,47%)","636,9733969697","636,9733969697","636,9733969697","636,9733969697",,,,,,,,,,,,,,
Exnbb7I6QdSLvQAHjNjWEg,brasilmaischocolatearuja@gmail.com,,Fondue medio 250 ml-morango,"34,99",1,44,"144,32","33,8664516129","18,4202857143","18,4202857143","52,6444290205","34,3277773256","R$ 18,42 (52,64%)","1,2992208485",5,"14,8202142857","42,3555709795","R$ 14,82 (42,36%)","R$ 14,82 (42,36%)","636,9733969697","636,9733969697","636,9733969697","636,9733969697",,,,,,,,,,,,,,
eNfd1KGyRhyS3238c3HkJQ,emporiodocgastrobar@gmail.com,,Combo Baguete com Espetinhos e Coca 310ml,"41,9",1,44,"144,32","33,8664516129","13,74","13,74","32,7923627685","34,3277773256","R$ 13,74 (32,79%)","1,2992208485",5,"26,065","62,2076372315","R$ 26,06 (62,21%)","R$ 26,06 (62,21%)","636,9733969697","636,9733969697","636,9733969697","636,9733969697",,,,,,,,,,,,,,
rwfwZHtRQhWK8WhJfKyYjQ,larissarodriguespiai@gmail.com,Admin,Taça Brownie,"29,9",1,44,"144,32","33,8664516129","10,5771875","10,5771875","35,3752090301","34,3277773256","R$ 10,58 (35,38%)","1,2992208485",5,"17,8278125","59,6247909699","R$ 17,83 (59,62%)","R$ 17,83 (59,62%)","636,9733969697","636,9733969697","636,9733969697","636,9733969697",,,,,,,,,,,,,,
a-qbigu.7QLSjSWwT8iAPLA,larissarodriguespiai@gmail.com,Admin,Taça Bueno,"34,9",1,44,"144,32","33,8664516129","14,8371875","14,8371875","42,5134312321","34,3277773256","R$ 14,84 (42,51%)","1,2992208485",5,"18,3178125","52,4865687679","R$ 18,32 (52,49%)","R$ 18,32 (52,49%)","636,9733969697","636,9733969697","636,9733969697","636,9733969697",,,,,,,,,,,,,,
dEaa-PH1RtGQaztntB0Kdw,adrianorissi10@gmail.com,,Combo assado ,135,1,44,"144,32","33,8664516129","41,5","41,5","30,7407407407","34,3277773256","R$ 41,50 (30,74%)","1,2992208485",5,"86,75","64,2592592593","R$ 86,75 (64,26%)","R$ 86,75 (64,26%)","636,9733969697","636,9733969697","636,9733969697","636,9733969697",,,,,,,,,,,,,,
Twgjly8.R5KmOC.y30mZlg,suavesaborbarreiro@gmail.com,,Pizza Presunto Gigante,63,1,44,"144,32","33,8664516129","13,8455","13,8455","21,976984127","34,3277773256","R$ 13,85 (21,98%)","1,2992208485",5,"46,0045","73,023015873","R$ 46,00 (73,02%)","R$ 46,00 (73,02%)","636,9733969697","636,9733969697","636,9733969697","636,9733969697",,,,,,,,,,,,,,
bwW1TPqBRR2byCJv3yHDuw,suavesaborbarreiro@gmail.com,,Pizza Mussarela Gigante,63,1,44,"144,32","33,8664516129","13,555","13,555","21,5158730159","34,3277773256","R$ 13,56 (21,52%)","1,2992208485",5,"46,295","73,4841269841","R$ 46,30 (73,48%)","R$ 46,30 (73,48%)","636,9733969697","636,9733969697","636,9733969697","636,9733969697",,,,,,,,,,,,,,
ixcmbbHfQ7-CfH5gpP772Q,suavesaborbarreiro@gmail.com,,Pizza Bacon Gigante,63,1,44,"144,32","33,8664516129",,,,"34,3277773256", (),"1,2992208485",5,"59,85",95,"R$ 59,85 (95,00%)",,"636,9733969697","636,9733969697","636,9733969697","636,9733969697",,,,,,,,,,,,,,
AsTcYfpSTZucjLml1lpvBg,suavesaborbarreiro@gmail.com,,Pizza Marguerita Gigante,63,1,44,"144,32","33,8664516129","12,205","12,205","19,373015873","34,3277773256","R$ 12,21 (19,37%)","1,2992208485",5,"47,645","75,626984127","R$ 47,64 (75,63%)","R$ 47,64 (75,63%)","636,9733969697","636,9733969697","636,9733969697","636,9733969697",,,,,,,,,,,,,,
a.mN91xq.TWegUh7b5Kvv2w,suavesaborbarreiro@gmail.com,,Pizza Milho Gigante,63,1,44,"144,32","33,8664516129",,,,"34,3277773256", (),"1,2992208485",5,"59,85",95,"R$ 59,85 (95,00%)",,"636,9733969697","636,9733969697","636,9733969697","636,9733969697",,,,,,,,,,,,,,
I7P-VO.BQ6ycF.Fz.LGw3g,suavesaborbarreiro@gmail.com,,Pizza Bacon e Milho Gigante,63,1,44,"144,32","33,8664516129",,,,"34,3277773256", (),"1,2992208485",5,"59,85",95,"R$ 59,85 (95,00%)",,"636,9733969697","636,9733969697","636,9733969697","636,9733969697",,,,,,,,,,,,,,
R7f51FdQSpKW2XZhxb-7gQ,cardapioanotaai@gmail.com,,BURGUE DO SAM,"34,99",1,44,"144,32","33,8664516129","11,64104","11,64104","33,2696198914","34,3277773256","R$ 11,64 (33,27%)","1,2992208485",5,"21,59946","61,7303801086","R$ 21,60 (61,73%)","R$ 21,60 (61,73%)","636,9733969697","636,9733969697","636,9733969697","636,9733969697",,,,,,,,,,,,,,
43Sj5TTkS.KcMxfydPLAew,cardapioanotaai@gmail.com,,BURGUER SUSHI,"32,99",1,44,"144,32","33,8664516129","9,929615","9,929615","30,0988632919","34,3277773256","R$ 9,93 (30,10%)","1,2992208485",5,"21,410885","64,9011367081","R$ 21,41 (64,90%)","R$ 21,41 (64,90%)","636,9733969697","636,9733969697","636,9733969697","636,9733969697",,,,,,,,,,,,,,
FzY-zcimQxi32uCHoiLlGw,cardapioanotaai@gmail.com,,HOSSOMAKI DE SALMAO,"17,99",1,44,"144,32","33,8664516129","4,62098","4,62098","25,686381323","34,3277773256","R$ 4,62 (25,69%)","1,2992208485",5,"12,46952","69,313618677","R$ 12,47 (69,31%)","R$ 12,47 (69,31%)","636,9733969697","636,9733969697","636,9733969697","636,9733969697",,,,,,,,,,,,,,
Y6bc9PSzQ9iwCHb2Mp.mQg,cardapioanotaai@gmail.com,,HOSSOMAKI DE SAL/GRELHADO,"15,99",1,44,"144,32","33,8664516129","5,21441","5,21441","32,6104440275","34,3277773256","R$ 5,21 (32,61%)","1,2992208485",5,"9,97609","62,3895559725","R$ 9,98 (62,39%)","R$ 9,98 (62,39%)","636,9733969697","636,9733969697","636,9733969697","636,9733969697",,,,,,,,,,,,,,
1WusaKagQgaDaI00LyUL1g,cardapioanotaai@gmail.com,,HOSSOMAKI SKIN,"15,99",1,44,"144,32","33,8664516129","3,82578","3,82578","23,9260787992","34,3277773256","R$ 3,83 (23,93%)","1,2992208485",5,"11,36472","71,0739212008","R$ 11,36 (71,07%)","R$ 11,36 (71,07%)","636,9733969697","636,9733969697","636,9733969697","636,9733969697",,,,,,,,,,,,,,
jtqDk93xTyGHmZ5q4jwjVw,cardapioanotaai@gmail.com,,URAMAKI DE SALMAO GRELHADO,"24,99",1,44,"144,32","33,8664516129","7,60368","7,60368","30,4268907563","34,3277773256","R$ 7,60 (30,43%)","1,2992208485",5,"16,13682","64,5731092437","R$ 16,14 (64,57%)","R$ 16,14 (64,57%)","636,9733969697","636,9733969697","636,9733969697","636,9733969697",,,,,,,,,,,,,,
xbXMRBTqQFWnKC8o7Rg.sg,cardapioanotaai@gmail.com,,URAMAKI DE SALMAO,"26,99",1,44,"144,32","33,8664516129","7,22688","7,22688","26,7761393109","34,3277773256","R$ 7,23 (26,78%)","1,2992208485",5,"18,41362","68,2238606891","R$ 18,41 (68,22%)","R$ 18,41 (68,22%)","636,9733969697","636,9733969697","636,9733969697","636,9733969697",,,,,,,,,,,,,,
fQlF0ktMQ8WIcs8SeiscHw,cardapioanotaai@gmail.com,,SASHIMI DE SALMAO,"28,99",1,44,"144,32","33,8664516129","4,00698","4,00698","13,8219385995","34,3277773256","R$ 4,01 (13,82%)","1,2992208485",5,"23,53352","81,1780614005","R$ 23,53 (81,18%)","R$ 23,53 (81,18%)","636,9733969697","636,9733969697","636,9733969697","636,9733969697",,,,,,,,,,,,,,
ENOwLbLqTEi24ld31XvTJw,cardapioanotaai@gmail.com,,SASHIMI DE SALMAO MASSARICADO,"31,99",1,44,"144,32","33,8664516129","3,70898","3,70898","11,594185683","34,3277773256","R$ 3,71 (11,59%)","1,2992208485",5,"26,68152","83,405814317","R$ 26,68 (83,41%)","R$ 26,68 (83,41%)","636,9733969697","636,9733969697","636,9733969697","636,9733969697",,,,,,,,,,,,,,
Z4JGOB-jQTC588KHFeiBoQ,cardapioanotaai@gmail.com,,NUGUIRI DE SALMAO,"23,99",1,44,"144,32","33,8664516129","3,20898","3,20898","13,3763234681","34,3277773256","R$ 3,21 (13,38%)","1,2992208485",5,"19,58152","81,6236765319","R$ 19,58 (81,62%)","R$ 19,58 (81,62%)","636,9733969697","636,9733969697","636,9733969697","636,9733969697",,,,,,,,,,,,,,
1u88tPSjTOC4HBodtbMkvg,cardapioanotaai@gmail.com,,NIGUIRI SALMAO MASSARICADO,"25,99",1,44,"144,32","33,8664516129","3,20898","3,20898","12,3469796075","34,3277773256","R$ 3,21 (12,35%)","1,2992208485",5,"21,48152","82,6530203925","R$ 21,48 (82,65%)","R$ 21,48 (82,65%)","636,9733969697","636,9733969697","636,9733969697","636,9733969697",,,,,,,,,,,,,,
jbZO3oCaSBWdHbXn0uGgjw,cardapioanotaai@gmail.com,,NIGUIRI SKIN,"22,99",1,44,"144,32","33,8664516129","4,21858","4,21858","18,349630274","34,3277773256","R$ 4,22 (18,35%)","1,2992208485",5,"17,62192","76,650369726","R$ 17,62 (76,65%)","R$ 17,62 (76,65%)","636,9733969697","636,9733969697","636,9733969697","636,9733969697",,,,,,,,,,,,,,
NnT9TTUFRb-fhQODyd5f2Q,cardapioanotaai@gmail.com,,JÔ DE SALMAO,"24,99",1,44,"144,32","33,8664516129","4,53798","4,53798","18,1591836735","34,3277773256","R$ 4,54 (18,16%)","1,2992208485",5,"19,20252","76,8408163265","R$ 19,20 (76,84%)","R$ 19,20 (76,84%)","636,9733969697","636,9733969697","636,9733969697","636,9733969697",,,,,,,,,,,,,,
BO0Ucy23TTmqY7eQuDdOcA,cardapioanotaai@gmail.com,,JÔ DE SALMAO MASSARICADO,"26,99",1,44,"144,32","33,8664516129","4,53798","4,53798","16,813560578","34,3277773256","R$ 4,54 (16,81%)","1,2992208485",5,"21,10252","78,186439422","R$ 21,10 (78,19%)","R$ 21,10 (78,19%)","636,9733969697","636,9733969697","636,9733969697","636,9733969697",,,,,,,,,,,,,,
a.supdqvNTruORxM9aI.Bmw,cardapioanotaai@gmail.com,,HOT ROLL DOCE,"19,99",1,44,"144,32","33,8664516129","5,58312","5,58312","27,9295647824","34,3277773256","R$ 5,58 (27,93%)","1,2992208485",5,"13,40738","67,0704352176","R$ 13,41 (67,07%)","R$ 13,41 (67,07%)","636,9733969697","636,9733969697","636,9733969697","636,9733969697",,,,,,,,,,,,,,
po9fUl5gQJyba7QtLgokZA,cardapioanotaai@gmail.com,,HOT ROLL SALMAO GRELHADO,"31,99",1,44,"144,32","33,8664516129","8,70648","8,70648","27,2162550797","34,3277773256","R$ 8,71 (27,22%)","1,2992208485",5,"21,68402","67,7837449203","R$ 21,68 (67,78%)","R$ 21,68 (67,78%)","636,9733969697","636,9733969697","636,9733969697","636,9733969697",,,,,,,,,,,,,,
SnPH4t7xTIyqvPZmBLSfpQ,cardapioanotaai@gmail.com,,HOT ROLL DO SAM,"35,99",1,44,"144,32","33,8664516129","9,05148","9,05148","25,1499861073","34,3277773256","R$ 9,05 (25,15%)","1,2992208485",5,"25,13902","69,8500138927","R$ 25,14 (69,85%)","R$ 25,14 (69,85%)","636,9733969697","636,9733969697","636,9733969697","636,9733969697",,,,,,,,,,,,,,
0ZUlZrzcQmyXGsYQc2mmmA,cardapioanotaai@gmail.com,,TEMAKI HOT EMPANADO,"37,99",1,44,"144,32","33,8664516129","9,77118","9,77118","25,7204001053","34,3277773256","R$ 9,77 (25,72%)","1,2992208485",5,"26,31932","69,2795998947","R$ 26,32 (69,28%)","R$ 26,32 (69,28%)","636,9733969697","636,9733969697","636,9733969697","636,9733969697",,,,,,,,,,,,,,
er6hfQcmQ.q5DH4u7lU9Ng,cardapioanotaai@gmail.com,,TEMAKI DE SALMAO GRELHADO,"26,99",1,44,"144,32","33,8664516129","8,31258","8,31258","30,7987402742","34,3277773256","R$ 8,31 (30,80%)","1,2992208485",5,"17,32792","64,2012597258","R$ 17,33 (64,20%)","R$ 17,33 (64,20%)","636,9733969697","636,9733969697","636,9733969697","636,9733969697",,,,,,,,,,,,,,
sAtPplDKRTmlc4L7.GFerg,cardapioanotaai@gmail.com,,TEMAKI SKIN,"21,99",1,44,"144,32","33,8664516129","5,41028","5,41028","24,603365166","34,3277773256","R$ 5,41 (24,60%)","1,2992208485",5,"15,48022","70,396634834","R$ 15,48 (70,40%)","R$ 15,48 (70,40%)","636,9733969697","636,9733969697","636,9733969697","636,9733969697",,,,,,,,,,,,,,
oeY.FcizTeO1AVR5bmbhIg,cardapioanotaai@gmail.com,,TEMAKI DE SALMAO,"32,99",1,44,"144,32","33,8664516129","8,85888","8,85888","26,853228251","34,3277773256","R$ 8,86 (26,85%)","1,2992208485",5,"22,48162","68,146771749","R$ 22,48 (68,15%)","R$ 22,48 (68,15%)","636,9733969697","636,9733969697","636,9733969697","636,9733969697",,,,,,,,,,,,,,
Xee9KlL5RS671H9ba-KIdQ,cardapioanotaai@gmail.com,,HOT DOG ROLL SUSHI,"32,99",1,44,"144,32","33,8664516129","8,91578","8,91578","27,025704759","34,3277773256","R$ 8,92 (27,03%)","1,2992208485",5,"22,42472","67,974295241","R$ 22,42 (67,97%)","R$ 22,42 (67,97%)","636,9733969697","636,9733969697","636,9733969697","636,9733969697",,,,,,,,,,,,,,
1EtksEINTp6bgIz2ozWU7A,cardapioanotaai@gmail.com,,HOT DOG ROLL DO SAM,"34,99",1,44,"144,32","33,8664516129","10,14148","10,14148","28,9839382681","34,3277773256","R$ 10,14 (28,98%)","1,2992208485",5,"23,09902","66,0160617319","R$ 23,10 (66,02%)","R$ 23,10 (66,02%)","636,9733969697","636,9733969697","636,9733969697","636,9733969697",,,,,,,,,,,,,,
2Sq6LoLzSoK2eShZ8u3i5w,cardapioanotaai@gmail.com,,COMBINADO DE SALMAO - 18 UN,"49,99",1,44,"144,32","33,8664516129","11,97188","11,97188","23,9485497099","34,3277773256","R$ 11,97 (23,95%)","1,2992208485",5,"35,51862","71,0514502901","R$ 35,52 (71,05%)","R$ 35,52 (71,05%)","636,9733969697","636,9733969697","636,9733969697","636,9733969697",,,,,,,,,,,,,,
ubjKM7NVTIi14LJiHS5wwA,cardapioanotaai@gmail.com,,COMNINADO EXECUTIVO - 17 UN,"41,99",1,44,"144,32","33,8664516129","11,83188","11,83188","28,1778518695","34,3277773256","R$ 11,83 (28,18%)","1,2992208485",5,"28,05862","66,8221481305","R$ 28,06 (66,82%)","R$ 28,06 (66,82%)","636,9733969697","636,9733969697","636,9733969697","636,9733969697",,,,,,,,,,,,,,
4pcahXlOSAS2syNbZQqI9Q,cardapioanotaai@gmail.com,,COMBINADO FAMILIA - 50 UN,"109,99",1,44,"144,32","33,8664516129","36,78178","36,78178","33,4410219111","34,3277773256","R$ 36,78 (33,44%)","1,2992208485",5,"67,70872","61,5589780889","R$ 67,71 (61,56%)","R$ 67,71 (61,56%)","636,9733969697","636,9733969697","636,9733969697","636,9733969697",,,,,,,,,,,,,,
9u0qI1hpQPW2N5dBOG97-g,cardapioanotaai@gmail.com,,COMBINADO MEGA SALMAO - 44 UN,"119,99",1,44,"144,32","33,8664516129","27,82178","27,82178","23,1867488957","34,3277773256","R$ 27,82 (23,19%)","1,2992208485",5,"86,16872","71,8132511043","R$ 86,17 (71,81%)","R$ 86,17 (71,81%)","636,9733969697","636,9733969697","636,9733969697","636,9733969697",,,,,,,,,,,,,,
3Z1PeQw1Q2qwde6PKY9qgw,cardapioanotaai@gmail.com,,COMBINADO NADA CRU - 36 UN,"84,99",1,44,"144,32","33,8664516129","27,40178","27,40178","32,2411813154","34,3277773256","R$ 27,40 (32,24%)","1,2992208485",5,"53,33872","62,7588186846","R$ 53,34 (62,76%)","R$ 53,34 (62,76%)","636,9733969697","636,9733969697","636,9733969697","636,9733969697",,,,,,,,,,,,,,
KJhLYwE2RuOI3bdDhXX2Rw,cardapioanotaai@gmail.com,,COMBINADO SHOGUN - 18 UN,"44,99",1,44,"144,32","33,8664516129","12,20188","12,20188","27,121315848","34,3277773256","R$ 12,20 (27,12%)","1,2992208485",5,"30,53862","67,878684152","R$ 30,54 (67,88%)","R$ 30,54 (67,88%)","636,9733969697","636,9733969697","636,9733969697","636,9733969697",,,,,,,,,,,,,,
a-wDdHQvsQmWqSPk7hFw0Gg,cardapioanotaai@gmail.com,,COMBINADO SUSHI - 20 UN,"47,99",1,44,"144,32","33,8664516129","12,92188","12,92188","26,9261929569","34,3277773256","R$ 12,92 (26,93%)","1,2992208485",5,"32,66862","68,0738070431","R$ 32,67 (68,07%)","R$ 32,67 (68,07%)","636,9733969697","636,9733969697","636,9733969697","636,9733969697",,,,,,,,,,,,,,
V2ictI15TNOnmRE7.4vIDw,cardapioanotaai@gmail.com,,COMBINADO TAKASHI - 36 UN,"89,99",1,44,"144,32","33,8664516129","27,14178","27,14178","30,1608845427","34,3277773256","R$ 27,14 (30,16%)","1,2992208485",5,"58,34872","64,8391154573","R$ 58,35 (64,84%)","R$ 58,35 (64,84%)","636,9733969697","636,9733969697","636,9733969697","636,9733969697",,,,,,,,,,,,,,
FtgLVGsbTnmXVcwO2Guy3w,cardapioanotaai@gmail.com,,TARÊ MITSUWA SACHÊ 250 UN,"0,49",1,44,"144,32","33,8664516129","0,14","0,14","28,5714285714","34,3277773256","R$ 0,14 (28,57%)","1,2992208485",5,"0,3255","66,4285714286","R$ 0,33 (66,43%)","R$ 0,33 (66,43%)","636,9733969697","636,9733969697","636,9733969697","636,9733969697",,,,,,,,,,,,,,
nVv8VmI4S8mUOiX5WImqkQ,cardapioanotaai@gmail.com,,SACHE SHOYU,"0,49",1,44,"144,32","33,8664516129","0,14","0,14","28,5714285714","34,3277773256","R$ 0,14 (28,57%)","1,2992208485",5,"0,3255","66,4285714286","R$ 0,33 (66,43%)","R$ 0,33 (66,43%)","636,9733969697","636,9733969697","636,9733969697","636,9733969697",,,,,,,,,,,,,,
fcLdCmZwT9WoZzVQvdWkqA,cardapioanotaai@gmail.com,,HASHI ,"0,59",1,44,"144,32","33,8664516129","0,1","0,1","16,9491525424","34,3277773256","R$ 0,10 (16,95%)","1,2992208485",5,"0,4605","78,0508474576","R$ 0,46 (78,05%)","R$ 0,46 (78,05%)","636,9733969697","636,9733969697","636,9733969697","636,9733969697",,,,,,,,,,,,,,
pdeSz-6hTRCp.HoSOSwgBQ,cardapioanotaai@gmail.com,,ADAPTADOR HASHI,"0,59",1,44,"144,32","33,8664516129","0,05","0,05","8,4745762712","34,3277773256","R$ 0,05 (8,47%)","1,2992208485",5,"0,5105","86,5254237288","R$ 0,51 (86,53%)","R$ 0,51 (86,53%)","636,9733969697","636,9733969697","636,9733969697","636,9733969697",,,,,,,,,,,,,,
WCx7A32uQnqk98Lpq3ajVQ,cardapioanotaai@gmail.com,,REFRIGERANTE GUARANA ANTARTICA 350ml,"7,99",1,44,"144,32","33,8664516129","3,38","3,38","42,3028785982","34,3277773256","R$ 3,38 (42,30%)","1,2992208485",5,"4,2105","52,6971214018","R$ 4,21 (52,70%)","R$ 4,21 (52,70%)","636,9733969697","636,9733969697","636,9733969697","636,9733969697",,,,,,,,,,,,,,
CUM8UBjKSKWRrUGGzJp6pA,cardapioanotaai@gmail.com,,REFRIGERANTE FANTA LARANJA 350ml,"7,99",1,44,"144,32","33,8664516129","3,59","3,59","44,9311639549","34,3277773256","R$ 3,59 (44,93%)","1,2992208485",5,"4,0005","50,0688360451","R$ 4,00 (50,07%)","R$ 4,00 (50,07%)","636,9733969697","636,9733969697","636,9733969697","636,9733969697",,,,,,,,,,,,,,
D0wd3rNHTeiL9AcDqzqHaA,cardapioanotaai@gmail.com,,REFRIGERANTE FANTA UVA 350 ml,"7,99",1,44,"144,32","33,8664516129","3,59","3,59","44,9311639549","34,3277773256","R$ 3,59 (44,93%)","1,2992208485",5,"4,0005","50,0688360451","R$ 4,00 (50,07%)","R$ 4,00 (50,07%)","636,9733969697","636,9733969697","636,9733969697","636,9733969697",,,,,,,,,,,,,,
g44rU3taQTWEagW8UQ7plQ,cardapioanotaai@gmail.com,,REFRIGERANTE COCA-COLA 350ml,"7,99",1,44,"144,32","33,8664516129","3,63","3,63","45,4317897372","34,3277773256","R$ 3,63 (45,43%)","1,2992208485",5,"3,9605","49,5682102628","R$ 3,96 (49,57%)","R$ 3,96 (49,57%)","636,9733969697","636,9733969697","636,9733969697","636,9733969697",,,,,,,,,,,,,,
3d6qagGaSpSs1v4sbQfcjQ,cardapioanotaai@gmail.com,,REFRIGERANTE COCA-COLA 2L,"19,99",1,44,"144,32","33,8664516129","10,59","10,59","52,9764882441","34,3277773256","R$ 10,59 (52,98%)","1,2992208485",5,"8,4005","42,0235117559","R$ 8,40 (42,02%)","R$ 8,40 (42,02%)","636,9733969697","636,9733969697","636,9733969697","636,9733969697",,,,,,,,,,,,,,
lmqmugysQ9aEEVSx2dIp8w,cardapioanotaai@gmail.com,,REFRIGERANTE GUARANA ANTARTICA 2L,"17,99",1,44,"144,32","33,8664516129","9,63","9,63","53,5297387437","34,3277773256","R$ 9,63 (53,53%)","1,2992208485",5,"7,4605","41,4702612563","R$ 7,46 (41,47%)","R$ 7,46 (41,47%)","636,9733969697","636,9733969697","636,9733969697","636,9733969697",,,,,,,,,,,,,,
3ZukvVQqTEe8i8vTo95ZVg,cardapioanotaai@gmail.com,,REFRIGERANTE FANTA LARANJA 2L,"17,99",1,44,"144,32","33,8664516129","9,99","9,99","55,5308504725","34,3277773256","R$ 9,99 (55,53%)","1,2992208485",5,"7,1005","39,4691495275","R$ 7,10 (39,47%)","R$ 7,10 (39,47%)","636,9733969697","636,9733969697","636,9733969697","636,9733969697",,,,,,,,,,,,,,
2oelyhzaRqijiBmcgboHoQ,cardapioanotaai@gmail.com,,REFRIGERANTE FANTA UVA 2L,17,1,44,"144,32","33,8664516129","9,99","9,99","58,7647058824","34,3277773256","R$ 9,99 (58,76%)","1,2992208485",5,"6,16","36,2352941176","R$ 6,16 (36,24%)","R$ 6,16 (36,24%)","636,9733969697","636,9733969697","636,9733969697","636,9733969697",,,,,,,,,,,,,,
pwAs-cV0ShOa5rWmGWPCRw,cardapioanotaai@gmail.com,,COMBO SAKURA,"68,99",1,44,"144,32","33,8664516129","30,29366","30,29366","43,9102188723","34,3277773256","R$ 30,29 (43,91%)","1,2992208485",5,"35,24684","51,0897811277","R$ 35,25 (51,09%)","R$ 35,25 (51,09%)","636,9733969697","636,9733969697","636,9733969697","636,9733969697",,,,,,,,,,,,,,
cEbma.5mTRCMDegno-u55Q,cardapioanotaai@gmail.com,,COMBO YAKI DUO,"69,99",1,44,"144,32","33,8664516129","24,07376","24,07376","34,3959994285","34,3277773256","R$ 24,07 (34,40%)","1,2992208485",5,"42,41674","60,6040005715","R$ 42,42 (60,60%)","R$ 42,42 (60,60%)","636,9733969697","636,9733969697","636,9733969697","636,9733969697",,,,,,,,,,,,,,
F.Wn5eonTFCqXQl707jCyw,cardapioanotaai@gmail.com,,COMBO SUMO,"71,99",1,44,"144,32","33,8664516129","24,06876","24,06876","33,4334768718","34,3277773256","R$ 24,07 (33,43%)","1,2992208485",5,"44,32174","61,5665231282","R$ 44,32 (61,57%)","R$ 44,32 (61,57%)","636,9733969697","636,9733969697","636,9733969697","636,9733969697",,,,,,,,,,,,,,
a-iMWe6OBSVqY216XrKbkRA,cardapioanotaai@gmail.com,,COMBO SAKUNÁ,"81,99",1,44,"144,32","33,8664516129","27,16366","27,16366","33,1304549335","34,3277773256","R$ 27,16 (33,13%)","1,2992208485",5,"50,72684","61,8695450665","R$ 50,73 (61,87%)","R$ 50,73 (61,87%)","636,9733969697","636,9733969697","636,9733969697","636,9733969697",,,,,,,,,,,,,,
bhI4Ck77RzGqoJxfJUj7Wg,classicosburguerstm@gmail.com,,corcel,24,1,44,"144,32","33,8664516129","9,1687509881","9,1687509881","38,2031291173","34,3277773256","R$ 9,17 (38,20%)","1,2992208485",5,"13,6312490119","56,7968708827","R$ 13,63 (56,80%)","R$ 13,63 (56,80%)","636,9733969697","636,9733969697","636,9733969697","636,9733969697",,,,,,,,,,,,,,
21lrwWRWQsupfrg6rFgChg,classicosburguerstm@gmail.com,,fiat 147,23,1,44,"144,32","33,8664516129","8,4297509881","8,4297509881","36,6510912528","34,3277773256","R$ 8,43 (36,65%)","1,2992208485",5,"13,4202490119","58,3489087472","R$ 13,42 (58,35%)","R$ 13,42 (58,35%)","636,9733969697","636,9733969697","636,9733969697","636,9733969697",,,,,,,,,,,,,,
a-9Cqtw5ZQfiQpNydrNRsEw,suavesaborbarreiro@gmail.com,,Pizza A Moda Gigante,79,1,44,"144,32","33,8664516129","18,671","18,671","23,6341772152","34,3277773256","R$ 18,67 (23,63%)","1,2992208485",5,"56,379","71,3658227848","R$ 56,38 (71,37%)","R$ 56,38 (71,37%)","636,9733969697","636,9733969697","636,9733969697","636,9733969697",,,,,,,,,,,,,,
gO-.PiLmS1CPjclNtbGlGA,classicosburguerstm@gmail.com,,chevette,25,1,44,"144,32","33,8664516129","10,3513988212","10,3513988212","41,4055952849","34,3277773256","R$ 10,35 (41,41%)","1,2992208485",5,"13,3986011788","53,5944047151","R$ 13,40 (53,59%)","R$ 13,40 (53,59%)","636,9733969697","636,9733969697","636,9733969697","636,9733969697",,,,,,,,,,,,,,
o7A6tKB0Sym.8SDJ4vAq7g,classicosburguerstm@gmail.com,,kadett,25,1,44,"144,32","33,8664516129","8,86395","8,86395","35,4558","34,3277773256","R$ 8,86 (35,46%)","1,2992208485",5,"14,88605","59,5442","R$ 14,89 (59,54%)","R$ 14,89 (59,54%)","636,9733969697","636,9733969697","636,9733969697","636,9733969697",,,,,,,,,,,,,,
rP5b-pWPSBq-LzNP-1hmqg,classicosburguerstm@gmail.com,,puma,24,1,44,"144,32","33,8664516129","8,2652509881","8,2652509881","34,4385457839","34,3277773256","R$ 8,27 (34,44%)","1,2992208485",5,"14,5347490119","60,5614542161","R$ 14,53 (60,56%)","R$ 14,53 (60,56%)","636,9733969697","636,9733969697","636,9733969697","636,9733969697",,,,,,,,,,,,,,
JQ4uve9pT4aSlfsTXe0q7w,classicosburguerstm@gmail.com,,maverick,32,1,44,"144,32","33,8664516129","12,8024823232","12,8024823232","40,0077572601","34,3277773256","R$ 12,80 (40,01%)","1,2992208485",5,"17,5975176768","54,9922427399","R$ 17,60 (54,99%)","R$ 17,60 (54,99%)","636,9733969697","636,9733969697","636,9733969697","636,9733969697",,,,,,,,,,,,,,
iExt1P9WTkC2PhJiC2bsPQ,classicosburguerstm@gmail.com,,brasilia,28,1,44,"144,32","33,8664516129","11,6015527842","11,6015527842","41,4341170865","34,3277773256","R$ 11,60 (41,43%)","1,2992208485",5,"14,9984472158","53,5658829135","R$ 15,00 (53,57%)","R$ 15,00 (53,57%)","636,9733969697","636,9733969697","636,9733969697","636,9733969697",,,,,,,,,,,,,,
k.sR2Y1LQVu89CJpRTiY2A,classicosburguerstm@gmail.com,,fusca,26,1,44,"144,32","33,8664516129","9,9217323232","9,9217323232","38,1605089355","34,3277773256","R$ 9,92 (38,16%)","1,2992208485",5,"14,7782676768","56,8394910645","R$ 14,78 (56,84%)","R$ 14,78 (56,84%)","636,9733969697","636,9733969697","636,9733969697","636,9733969697","3,555",,,,,,,,,,,,,
9-OL-MN4Q1C2XRgoJGw0qw,classicosburguerstm@gmail.com,,opala,35,1,44,"144,32","33,8664516129","13,9308550725","13,9308550725","39,8024430642","34,3277773256","R$ 13,93 (39,80%)","1,2992208485",5,"19,3191449275","55,1975569358","R$ 19,32 (55,20%)","R$ 19,32 (55,20%)","636,9733969697","636,9733969697","636,9733969697","636,9733969697",,,,,,,,,,,,,,
7PXqGwtARiC4LNgVfAxRFQ,classicosburguerstm@gmail.com,,Caravan ,30,1,44,"144,32","33,8664516129","10,5441857143","10,5441857143","35,1472857143","34,3277773256","R$ 10,54 (35,15%)","1,2992208485",5,"17,9558142857","59,8527142857","R$ 17,96 (59,85%)","R$ 17,96 (59,85%)","636,9733969697","636,9733969697","636,9733969697","636,9733969697",,,,,,,,,,,,,,
AyTKFJrtSNebLCOIJ5vZqA,cintiadauna@icloud.com,,Marmita Média Frango Crocante,"19,9",1,44,"144,32","33,8664516129","2,27","2,27","11,4070351759","34,3277773256","R$ 2,27 (11,41%)","1,2992208485",5,"16,635","83,5929648241","R$ 16,63 (83,59%)","R$ 16,63 (83,59%)","636,9733969697","636,9733969697","636,9733969697","636,9733969697",,,,,,,,,,,,,,
w-kphB77T0SGpjtCux1lWQ,adrianorissi10@gmail.com,,Combo Duplo Marmita de Frango a Milanesa,"43,9",1,44,"144,32","33,8664516129","9,98","9,98","22,7334851936","34,3277773256","R$ 9,98 (22,73%)","1,2992208485",5,"31,725","72,2665148064","R$ 31,72 (72,27%)","R$ 31,72 (72,27%)","636,9733969697","636,9733969697","636,9733969697","636,9733969697",,,,,,,,,,,,,,
H.EwSujnST-DRXLwh7iGKw,adrianorissi10@gmail.com,,Combo 2 Marmitas a Sua Escolha,"49,9",1,44,"144,32","33,8664516129","12,05","12,05","24,1482965932","34,3277773256","R$ 12,05 (24,15%)","1,2992208485",5,"35,355","70,8517034068","R$ 35,36 (70,85%)","R$ 35,36 (70,85%)","636,9733969697","636,9733969697","636,9733969697","636,9733969697",,,,,,,,,,,,,,
zmaZ1inGRuGuvG9qQCRhaw,brasilmaischocolatearuja@gmail.com,,fondue medio 250 ml-abacaxi,"34,99",1,44,"144,32","33,8664516129","16,7303742099","16,7303742099","47,8147305226","34,3277773256","R$ 16,73 (47,81%)","1,2992208485",5,"16,5101257901","47,1852694774","R$ 16,51 (47,19%)","R$ 16,51 (47,19%)","636,9733969697","636,9733969697","636,9733969697","636,9733969697",,,,,,,,,,,,,,
CQS.9wW6QnWzONKZfpt88g,brasilmaischocolatearuja@gmail.com,,fondue medio 250 ml-banana,"34,99",1,44,"144,32","33,8664516129","17,0166857143","17,0166857143","48,6329971829","34,3277773256","R$ 17,02 (48,63%)","1,2992208485",5,"16,2238142857","46,3670028171","R$ 16,22 (46,37%)","R$ 16,22 (46,37%)","636,9733969697","636,9733969697","636,9733969697","636,9733969697",,,,,,,,,,,,,,
z7CR.xdSTHm50fsSv8MJ8Q,brasilmaischocolatearuja@gmail.com,,fondue medio 250 ml-manga,"34,99",1,44,"144,32","33,8664516129","21,3062558635","21,3062558635","60,8924145857","34,3277773256","R$ 21,31 (60,89%)","1,2992208485",5,"11,9342441365","34,1075854143","R$ 11,93 (34,11%)","R$ 11,93 (34,11%)","636,9733969697","636,9733969697","636,9733969697","636,9733969697",,,,,,,,,,,,,,
7jXlPTyUQ52es3iv2aIYOA,brasilmaischocolatearuja@gmail.com,,fondue medio 250 ml-maçã,"34,99",1,44,"144,32","33,8664516129","17,2002857143","17,2002857143","49,1577185318","34,3277773256","R$ 17,20 (49,16%)","1,2992208485",5,"16,0402142857","45,8422814682","R$ 16,04 (45,84%)","R$ 16,04 (45,84%)","636,9733969697","636,9733969697","636,9733969697","636,9733969697",,,,,,,,,,,,,,
48RVOld9QFGrJZUeE43I4Q,brasilmaischocolatearuja@gmail.com,,fondue medio 250 ml-kiwi,"34,99",1,44,"144,32","33,8664516129","20,8002857143","20,8002857143","59,4463724329","34,3277773256","R$ 20,80 (59,45%)","1,2992208485",5,"12,4402142857","35,5536275671","R$ 12,44 (35,55%)","R$ 12,44 (35,55%)","636,9733969697","636,9733969697","636,9733969697","636,9733969697",,,,,,,,,,,,,,
oZTT9xc8RCyLyX0nnynVqw,brasilmaischocolatearuja@gmail.com,,fondue medio 250 ml-uva,"34,99",1,44,"144,32","33,8664516129","18,5802857143","18,5802857143","53,1017025273","34,3277773256","R$ 18,58 (53,10%)","1,2992208485",5,"14,6602142857","41,8982974727","R$ 14,66 (41,90%)","R$ 14,66 (41,90%)","636,9733969697","636,9733969697","636,9733969697","636,9733969697",,,,,,,,,,,,,,
O4VgJppDTuK9ckFfFAtqpA,brasilmaischocolatearuja@gmail.com,,fondue pequeno 175 ml-morango,25,1,44,"144,32","33,8664516129","10,1948095238","10,1948095238","40,7792380952","34,3277773256","R$ 10,19 (40,78%)","1,2992208485",5,"13,5551904762","54,2207619048","R$ 13,56 (54,22%)","R$ 13,56 (54,22%)","636,9733969697","636,9733969697","636,9733969697","636,9733969697",,,,,,,,,,,,,,
ShZlbArmRH-89cjKkzSh4A,brasilmaischocolatearuja@gmail.com,,fondue pequeno 175 ml-abacaxi,25,1,44,"144,32","33,8664516129","9,5137623262","9,5137623262","38,0550493047","34,3277773256","R$ 9,51 (38,06%)","1,2992208485",5,"14,2362376738","56,9449506953","R$ 14,24 (56,94%)","R$ 14,24 (56,94%)","636,9733969697","636,9733969697","636,9733969697","636,9733969697",,,,,,,,,,,,,,
M4TkmmsiSP6j88rkA.RXEA,brasilmaischocolatearuja@gmail.com,,fondue pequeno 175 ml-banana,25,1,44,"144,32","33,8664516129","9,5807428571","9,5807428571","38,3229714286","34,3277773256","R$ 9,58 (38,32%)","1,2992208485",5,"14,1692571429","56,6770285714","R$ 14,17 (56,68%)","R$ 14,17 (56,68%)","636,9733969697","636,9733969697","636,9733969697","636,9733969697",,,,,,,,,,,,,,
JChF1fuWQWi5LziwxWPXyw,monteiropimenta19@gmail.com,x_bh@hotmail.com,americano,"29,9",1,44,"144,32","33,8664516129","14,4","14,4","48,1605351171","34,3277773256","R$ 14,40 (48,16%)","1,2992208485",5,"14,005","46,8394648829","R$ 14,00 (46,84%)","R$ 14,00 (46,84%)","636,9733969697","636,9733969697","636,9733969697","636,9733969697",,,,,,,,,,,,,,
MUR6ITn9QxuYQ7BillawMg,monteiropimenta19@gmail.com,x_bh@hotmail.com,Brasileiro,"35,9",1,44,"144,32","33,8664516129","14,3","14,3","39,8328690808","34,3277773256","R$ 14,30 (39,83%)","1,2992208485",5,"19,805","55,1671309192","R$ 19,80 (55,17%)","R$ 19,80 (55,17%)","636,9733969697","636,9733969697","636,9733969697","636,9733969697",,,,,,,,,,,,,,
tq389dWeQSaSEOkQioasqA,brasilmaischocolatearuja@gmail.com,,fondue pequeno 175 ml-manga,25,1,44,"144,32","33,8664516129","12,7389637527","12,7389637527","50,9558550107","34,3277773256","R$ 12,74 (50,96%)","1,2992208485",5,"11,0110362473","44,0441449893","R$ 11,01 (44,04%)","R$ 11,01 (44,04%)","636,9733969697","636,9733969697","636,9733969697","636,9733969697",,,,,,,,,,,,,,
tw5vSiYjTimUfuNkxaiqow,monteiropimenta19@gmail.com,x_bh@hotmail.com,canadense,"29,9",1,44,"144,32","33,8664516129","13,57","13,57","45,3846153846","34,3277773256","R$ 13,57 (45,38%)","1,2992208485",5,"14,835","49,6153846154","R$ 14,83 (49,62%)","R$ 14,83 (49,62%)","636,9733969697","636,9733969697","636,9733969697","636,9733969697",,,,,,,,,,,,,,
IU9RpESRQVqr5QHrturFEA,monteiropimenta19@gmail.com,x_bh@hotmail.com,Mexicano,"36,9",1,44,"144,32","33,8664516129","19,57","19,57","53,0352303523","34,3277773256","R$ 19,57 (53,04%)","1,2992208485",5,"15,485","41,9647696477","R$ 15,49 (41,96%)","R$ 15,49 (41,96%)","636,9733969697","636,9733969697","636,9733969697","636,9733969697",,,,,,,,,,,,,,
MNTcbNhhTT-EBfmfTV07xA,monteiropimenta19@gmail.com,x_bh@hotmail.com,Português,"37,9",1,44,"144,32","33,8664516129","14,57","14,57","38,4432717678","34,3277773256","R$ 14,57 (38,44%)","1,2992208485",5,"21,435","56,5567282322","R$ 21,44 (56,56%)","R$ 21,44 (56,56%)","636,9733969697","636,9733969697","636,9733969697","636,9733969697",,,,,,,,,,,,,,
6TQPi5wZT7S1wDWG-hiUMQ,monteiropimenta19@gmail.com,x_bh@hotmail.com,Australiano,"35,9",1,44,"144,32","33,8664516129","15,57","15,57","43,3704735376","34,3277773256","R$ 15,57 (43,37%)","1,2992208485",5,"18,535","51,6295264624","R$ 18,53 (51,63%)","R$ 18,53 (51,63%)","636,9733969697","636,9733969697","636,9733969697","636,9733969697",,,,,,,,,,,,,,
paSCsv-HTCSesCXvuhrPiw,monteiropimenta19@gmail.com,x_bh@hotmail.com,Árabe,"34,9",1,44,"144,32","33,8664516129",11,11,"31,5186246418","34,3277773256","R$ 11,00 (31,52%)","1,2992208485",5,"22,155","63,4813753582","R$ 22,16 (63,48%)","R$ 22,16 (63,48%)","636,9733969697","636,9733969697","636,9733969697","636,9733969697",,,,,,,,,,,,,,
SvkqgnJMQEqUOXz3xXJwsw,monteiropimenta19@gmail.com,x_bh@hotmail.com,x-frango,"36,9",1,44,"144,32","33,8664516129",12,12,"32,5203252033","34,3277773256","R$ 12,00 (32,52%)","1,2992208485",5,"23,055","62,4796747967","R$ 23,06 (62,48%)","R$ 23,06 (62,48%)","636,9733969697","636,9733969697","636,9733969697","636,9733969697",,,,,,,,,,,,,,
ZAc6OM0YTo60ewNSS9GwHg,monteiropimenta19@gmail.com,x_bh@hotmail.com,Natural de frango,"31,9",1,44,"144,32","33,8664516129",10,10,"31,3479623824","34,3277773256","R$ 10,00 (31,35%)","1,2992208485",5,"20,305","63,6520376176","R$ 20,30 (63,65%)","R$ 20,30 (63,65%)","636,9733969697","636,9733969697","636,9733969697","636,9733969697",,,,,,,,,,,,,,
4OL4tqHdS8OgD6oS.8tHpg,monteiropimenta19@gmail.com,x_bh@hotmail.com,Smash Cheese,"24,9",1,44,"144,32","33,8664516129",11,11,"44,1767068273","34,3277773256","R$ 11,00 (44,18%)","1,2992208485",5,"12,655","50,8232931727","R$ 12,65 (50,82%)","R$ 12,65 (50,82%)","636,9733969697","636,9733969697","636,9733969697","636,9733969697",,,,,,,,,,,,,,
a.2xmnh6EQfC25jzwOAaxow,brasilmaischocolatearuja@gmail.com,,fondue pequeno 175 ml-maçã,25,1,44,"144,32","33,8664516129","9,6131428571","9,6131428571","38,4525714286","34,3277773256","R$ 9,61 (38,45%)","1,2992208485",5,"14,1368571429","56,5474285714","R$ 14,14 (56,55%)","R$ 14,14 (56,55%)","636,9733969697","636,9733969697","636,9733969697","636,9733969697",,,,,,,,,,,,,,
ZbncK2BJRlG3Q6MzG7ozLg,monteiropimenta19@gmail.com,x_bh@hotmail.com,Smash bacon,"23,9",1,44,"144,32","33,8664516129","12,35","12,35","51,6736401674","34,3277773256","R$ 12,35 (51,67%)","1,2992208485",5,"10,355","43,3263598326","R$ 10,35 (43,33%)","R$ 10,35 (43,33%)","636,9733969697","636,9733969697","636,9733969697","636,9733969697",,,,,,,,,,,,,,
XxO07ykYSESjBi3pD78Gfw,monteiropimenta19@gmail.com,x_bh@hotmail.com,Smash corea,"27,9",1,44,"144,32","33,8664516129",13,13,"46,5949820789","34,3277773256","R$ 13,00 (46,59%)","1,2992208485",5,"13,505","48,4050179211","R$ 13,50 (48,41%)","R$ 13,50 (48,41%)","636,9733969697","636,9733969697","636,9733969697","636,9733969697",,,,,,,,,,,,,,
5hCTGUhhT2aiFFOgDJm4ew,monteiropimenta19@gmail.com,x_bh@hotmail.com,Smash Brasil,"29,9",1,44,"144,32","33,8664516129",10,10,"33,4448160535","34,3277773256","R$ 10,00 (33,44%)","1,2992208485",5,"18,405","61,5551839465","R$ 18,40 (61,56%)","R$ 18,40 (61,56%)","636,9733969697","636,9733969697","636,9733969697","636,9733969697",,,,,,,,,,,,,,
bPu7Yl4nROmXvwhAJJqJeQ,brasilmaischocolatearuja@gmail.com,,fondue pequeno 175 ml-kiwi,25,1,44,"144,32","33,8664516129","12,9781428571","12,9781428571","51,9125714286","34,3277773256","R$ 12,98 (51,91%)","1,2992208485",5,"10,7718571429","43,0874285714","R$ 10,77 (43,09%)","R$ 10,77 (43,09%)","636,9733969697","636,9733969697","636,9733969697","636,9733969697",,,,,,,,,,,,,,
jeOYfjXYTHCdkk-HNyFkRg,brasilmaischocolatearuja@gmail.com,,fondue pequeno 175 ml-uva,25,1,44,"144,32","33,8664516129","10,7831428571","10,7831428571","43,1325714286","34,3277773256","R$ 10,78 (43,13%)","1,2992208485",5,"12,9668571429","51,8674285714","R$ 12,97 (51,87%)","R$ 12,97 (51,87%)","636,9733969697","636,9733969697","636,9733969697","636,9733969697",,,,,,,,,,,,,,
wZKodq3HTuazfihwZqKSYQ,brasilmaischocolatearuja@gmail.com,,fondue grande 500 ml-morango,45,1,44,"144,32","33,8664516129","29,6569285714","29,6569285714","65,9042857143","34,3277773256","R$ 29,66 (65,90%)","1,2992208485",5,"13,0930714286","29,0957142857","R$ 13,09 (29,10%)","R$ 13,09 (29,10%)","636,9733969697","636,9733969697","636,9733969697","636,9733969697",,,,,,,,,,,,,,
NT4n7yViQZ6qw8hfQn9m8Q,brasilmaischocolatearuja@gmail.com,,fondue grande 500 ml-abacaxi,45,1,44,"144,32","33,8664516129","26,8057117573","26,8057117573","59,5682483495","34,3277773256","R$ 26,81 (59,57%)","1,2992208485",5,"15,9442882427","35,4317516505","R$ 15,94 (35,43%)","R$ 15,94 (35,43%)","636,9733969697","636,9733969697","636,9733969697","636,9733969697",,,,,,,,,,,,,,
wZyLa1kxS3O13w2Q7E1ppg,brasilmaischocolatearuja@gmail.com,,fondue grande 500 ml-banana,45,1,44,"144,32","33,8664516129","27,2925285714","27,2925285714","60,6500634921","34,3277773256","R$ 27,29 (60,65%)","1,2992208485",5,"15,4574714286","34,3499365079","R$ 15,46 (34,35%)","R$ 15,46 (34,35%)","636,9733969697","636,9733969697","636,9733969697","636,9733969697",,,,,,,,,,,,,,
TAwCQMDkT-Gj57Jfi1wWyA,cardapioanotaai@gmail.com,,TEMAKI SEM ARROZ,"47,99",1,44,"144,32","33,8664516129","12,76988","12,76988","26,6094603042","34,3277773256","R$ 12,77 (26,61%)","1,2992208485",5,"32,82062","68,3905396958","R$ 32,82 (68,39%)","R$ 32,82 (68,39%)","636,9733969697","636,9733969697","636,9733969697","636,9733969697",,,,,,,,,,,,,,
K5hv58u7T1aJ5QWlEh8HwA,brasilmaischocolatearuja@gmail.com,,fondue grande 500 ml-manga,45,1,44,"144,32","33,8664516129","36,6186823028","36,6186823028","81,3748495617","34,3277773256","R$ 36,62 (81,37%)","1,2992208485",5,"6,1313176972","13,6251504383","R$ 6,13 (13,63%)","R$ 6,13 (13,63%)","636,9733969697","636,9733969697","636,9733969697","636,9733969697",,,,,,,,,,,,,,
oErQcPnjT2KEY.RqNhbPOA,brasilmaischocolatearuja@gmail.com,,fondue grande 500 ml-maçã,45,1,44,"144,32","33,8664516129","26,5194285714","26,5194285714","58,9320634921","34,3277773256","R$ 26,52 (58,93%)","1,2992208485",5,"16,2305714286","36,0679365079","R$ 16,23 (36,07%)","R$ 16,23 (36,07%)","636,9733969697","636,9733969697","636,9733969697","636,9733969697",,,,,,,,,,,,,,
UJ9wyjjSRkKnQ0jgIatzkw,brasilmaischocolatearuja@gmail.com,,fondue grande 500 ml-kiwi,45,1,44,"144,32","33,8664516129","36,1194285714","36,1194285714","80,2653968254","34,3277773256","R$ 36,12 (80,27%)","1,2992208485",5,"6,6305714286","14,7346031746","R$ 6,63 (14,73%)","R$ 6,63 (14,73%)","636,9733969697","636,9733969697","636,9733969697","636,9733969697",,,,,,,,,,,,,,
I9CNAKtyTVejJMxT1HG4jw,brasilmaischocolatearuja@gmail.com,,fondue grande 500 ml-uva,45,1,44,"144,32","33,8664516129","30,6294285714","30,6294285714","68,0653968254","34,3277773256","R$ 30,63 (68,07%)","1,2992208485",5,"12,1205714286","26,9346031746","R$ 12,12 (26,93%)","R$ 12,12 (26,93%)","636,9733969697","636,9733969697","636,9733969697","636,9733969697",,,,,,,,,,,,,,
jpYWhjxsTBiptB3JyulKkQ,brasilmaischocolatearuja@gmail.com,,fondue extra grande 750 ml-morango,75,1,44,"144,32","33,8664516129","45,528047619","45,528047619","60,7040634921","34,3277773256","R$ 45,53 (60,70%)","1,2992208485",5,"25,721952381","34,2959365079","R$ 25,72 (34,30%)","R$ 25,72 (34,30%)","636,9733969697","636,9733969697","636,9733969697","636,9733969697",,,,,,,,,,,,,,
4GGfBUCaRq2qgoz6itCzbw,brasilmaischocolatearuja@gmail.com,,fondue extra grande 750 ml abacaxi,75,1,44,"144,32","33,8664516129","42,7644045512","42,7644045512","57,0192060683","34,3277773256","R$ 42,76 (57,02%)","1,2992208485",5,"28,4855954488","37,9807939317","R$ 28,49 (37,98%)","R$ 28,49 (37,98%)","636,9733969697","636,9733969697","636,9733969697","636,9733969697",,,,,,,,,,,,,,
hBzmioeXRn6Rb1gdyMBuew,brasilmaischocolatearuja@gmail.com,,fondue extra grande 750 ml-uva,75,1,44,"144,32","33,8664516129","48,0897142857","48,0897142857","64,1196190476","34,3277773256","R$ 48,09 (64,12%)","1,2992208485",5,"23,1602857143","30,8803809524","R$ 23,16 (30,88%)","R$ 23,16 (30,88%)","636,9733969697","636,9733969697","636,9733969697","636,9733969697",,,,,,,,,,,,,,
JPdadb7nQdS4SOeuTo0VvA,brasilmaischocolatearuja@gmail.com,,fondue extra grande 750 ml-kiwi,75,1,44,"144,32","33,8664516129","54,0697142857","54,0697142857","72,092952381","34,3277773256","R$ 54,07 (72,09%)","1,2992208485",5,"17,1802857143","22,907047619","R$ 17,18 (22,91%)","R$ 17,18 (22,91%)","636,9733969697","636,9733969697","636,9733969697","636,9733969697",,,,,,,,,,,,,,
jOfOJu0ITa6QoNc2KMhqZg,brasilmaischocolatearuja@gmail.com,,fondue extra grande 750 ml-maçã,75,1,44,"144,32","33,8664516129","43,3197142857","43,3197142857","57,7596190476","34,3277773256","R$ 43,32 (57,76%)","1,2992208485",5,"27,9302857143","37,2403809524","R$ 27,93 (37,24%)","R$ 27,93 (37,24%)","636,9733969697","636,9733969697","636,9733969697","636,9733969697",,,,,,,,,,,,,,
c-1pZtzzRqCBdMo5YaMk9A,brasilmaischocolatearuja@gmail.com,,fondue extra grande 750 ml-manga,75,1,44,"144,32","33,8664516129","53,7637441365","53,7637441365","71,6849921819","34,3277773256","R$ 53,76 (71,68%)","1,2992208485",5,"17,4862558635","23,3150078181","R$ 17,49 (23,32%)","R$ 17,49 (23,32%)","636,9733969697","636,9733969697","636,9733969697","636,9733969697",,,,,,,,,,,,,,
dZ-6z4mmSoaG0O5Lf7XJtw,brasilmaischocolatearuja@gmail.com,,fondue extra grande 750 ml-banana,75,1,44,"144,32","33,8664516129","43,0005142857","43,0005142857","57,3340190476","34,3277773256","R$ 43,00 (57,33%)","1,2992208485",5,"28,2494857143","37,6659809524","R$ 28,25 (37,67%)","R$ 28,25 (37,67%)","636,9733969697","636,9733969697","636,9733969697","636,9733969697",,,,,,,,,,,,,,
eFIT-8ksSOGJCw5SO9S.qw,cintiadauna@icloud.com,,Parmegiana Frango Casal,"39,99",1,44,"144,32","33,8664516129","11,6","11,6","29,007251813","34,3277773256","R$ 11,60 (29,01%)","1,2992208485",5,"26,3905","65,992748187","R$ 26,39 (65,99%)","R$ 26,39 (65,99%)","636,9733969697","636,9733969697","636,9733969697","636,9733969697",,,,,,,,,,,,,,
igesSIidSD2MmH2EKlo8Eg,cintiadauna@icloud.com,,Parmegiana Frango Familia,56,1,44,"144,32","33,8664516129","16,8","16,8",30,"34,3277773256","R$ 16,80 (30,00%)","1,2992208485",5,"36,4",65,"R$ 36,40 (65,00%)","R$ 36,40 (65,00%)","636,9733969697","636,9733969697","636,9733969697","636,9733969697",,,,,,,,,,,,,,
b-YzsOvfRMWvvpDczo4HTg,cintiadauna@icloud.com,,"Parmegiana Carne Família

",62,1,44,"144,32","33,8664516129","18,5","18,5","29,8387096774","34,3277773256","R$ 18,50 (29,84%)","1,2992208485",5,"40,4","65,1612903226","R$ 40,40 (65,16%)","R$ 40,40 (65,16%)","636,9733969697","636,9733969697","636,9733969697","636,9733969697",,,,,,,,,,,,,,
OqzspH-nTu-PLqAs8Suxxg,cintiadauna@icloud.com,,Parmegiana Carne Casal,44,1,44,"144,32","33,8664516129","13,06","13,06","29,6818181818","34,3277773256","R$ 13,06 (29,68%)","1,2992208485",5,"28,74","65,3181818182","R$ 28,74 (65,32%)","R$ 28,74 (65,32%)","636,9733969697","636,9733969697","636,9733969697","636,9733969697",,,,,,,,,,,,,,
ZkFj1rhLQoiuHy4UPI650Q,boiburgerhamburgueria@gmail.com,,Boi Burger ,"33,9",,44,"144,32","33,8664516129","9,68",,,"34,3277773256", (),"1,2992208485",5,"32,205",95,"R$ 32,21 (95,00%)","R$ 32,21 (95,00%)","636,9733969697","636,9733969697","636,9733969697","636,9733969697",,,,,,,,,,,,,,
eOLJ8rt8Sv-J6h9CYMruBw,acyoli81@gmail.com,,Brigadeiro P,20,1,44,"144,32","33,8664516129",11,11,55,"34,3277773256","R$ 11,00 (55,00%)","1,2992208485",5,8,40,"R$ 8,00 (40,00%)","R$ 8,00 (40,00%)","636,9733969697","636,9733969697","636,9733969697","636,9733969697",,,,,,,,,,,,,,
FU5FfHxdS8CewFQq5GKpmg,acyoli81@gmail.com,,Brigadeiro G,40,1,44,"144,32","33,8664516129","15,75","15,75","39,375","34,3277773256","R$ 15,75 (39,38%)","1,2992208485",5,"22,25","55,625","R$ 22,25 (55,63%)","R$ 22,25 (55,63%)","636,9733969697","636,9733969697","636,9733969697","636,9733969697",,,,,,,,,,,,,,
BpwC5ehLS1mtAov4LVZ-ig,acyoli81@gmail.com,,Brigadeiro F,40,1,44,"144,32","33,8664516129","24,01","24,01","60,025","34,3277773256","R$ 24,01 (60,02%)","1,2992208485",5,"13,99","34,975","R$ 13,99 (34,98%)","R$ 13,99 (34,98%)","636,9733969697","636,9733969697","636,9733969697","636,9733969697",,,,,,,,,,,,,,
TWmstI6sSb6a6gkwEfM8lQ,muccacookies@gmail.com,,CooKie Brigadeiro Tradicional,"17,9",47,44,"144,32","33,8664516129","101,2980654798","2,1552779889","12,040659156","34,3277773256","R$ 2,16 (12,04%)","1,2992208485",5,"14,8497220111","82,959340844","R$ 14,85 (82,96%)","R$ 14,85 (82,96%)","636,9733969697","636,9733969697","636,9733969697","636,9733969697",,,,,,,,,,,,,,
vCriiSbSTCWmnvcLxMosXg,cintiadauna@icloud.com,,Nome do Produto ,,1,44,"144,32","33,8664516129",,,,"34,3277773256", (),"1,2992208485",5,,, (),,"636,9733969697","636,9733969697","636,9733969697","636,9733969697",,,,,,,,,,,,,,
a.Z6hFMttQJqAoV2hFtDamQ,fabriciogguedes@hotmail.com,,Pizza de Strogonoff de Carne,"99,8",1,44,"144,32","33,8664516129","27,2566666667","27,2566666667","27,3112892452","34,3277773256","R$ 27,26 (27,31%)","1,2992208485",5,"67,5533333333","67,6887107548","R$ 67,55 (67,69%)","R$ 67,55 (67,69%)","636,9733969697","636,9733969697","636,9733969697","636,9733969697",,,,,,,,,,,,,,
e2CJJ7.ISLOTrpANBFfOtA,fabriciogguedes@hotmail.com,,Pizza Baina,"65,9",1,44,"144,32","33,8664516129","17,4051666667","17,4051666667","26,4114820435","34,3277773256","R$ 17,41 (26,41%)","1,2992208485",5,"45,1998333333","68,5885179565","R$ 45,20 (68,59%)","R$ 45,20 (68,59%)","636,9733969697","636,9733969697","636,9733969697","636,9733969697",,,,,,,,,,,,,,
7VujfVVnQ5GV1MEj1msQnw,fabriciogguedes@hotmail.com,,Pizza Portuguesa,"65,9",1,44,"144,32","33,8664516129","14,06","14,06","21,3353566009","34,3277773256","R$ 14,06 (21,34%)","1,2992208485",5,"48,545","73,6646433991","R$ 48,55 (73,66%)","R$ 48,55 (73,66%)","636,9733969697","636,9733969697","636,9733969697","636,9733969697",,,,,,,,,,,,,,
EDjB7NZRQ9ODQLE8B99Y4Q,braseiro.burger19@gmail.com,,BRASA PRIME,"33,9",1,44,"144,32","33,8664516129","9,04","9,04","26,6666666667","34,3277773256","R$ 9,04 (26,67%)","1,2992208485",5,"23,165","68,3333333333","R$ 23,17 (68,33%)","R$ 23,17 (68,33%)","636,9733969697","636,9733969697","636,9733969697","636,9733969697",,,,,,,,,,,,,,
UqBhN25eQKmlT2rFLmJcfQ,labibeb@gmail.com,,FOCACCIA,,,44,"144,32","33,8664516129",,,,"34,3277773256", (),"1,2992208485",5,,, (),,"636,9733969697","636,9733969697","636,9733969697","636,9733969697",,,,,,,,,,,,,,
ccjW8J7SRH20YEpQ4aZuXw,diadepizzatreslagoas@gmail.com,,Pizza Grande - Ferrúcio,"79,99",1,44,"144,32","33,8664516129","28,3571","28,3571","35,4508063508","34,3277773256","R$ 28,36 (35,45%)","1,2992208485",5,"47,6334","59,5491936492","R$ 47,63 (59,55%)","R$ 47,63 (59,55%)","636,9733969697","636,9733969697","636,9733969697","636,9733969697",,,,,,,,,,,,,,
i78hUbnpRfKuIiKHD6-sCw,edocessistemahunter@gmail.com,,Duo Cookie - Brigadeiro,"14,9",8,44,"144,32","33,8664516129","38,9606255149","4,8700781894","32,6850885192","34,3277773256","R$ 4,87 (32,69%)","1,2992208485",5,"9,2849218106","62,3149114808","R$ 9,28 (62,31%)","R$ 9,28 (62,31%)","636,9733969697","636,9733969697","636,9733969697","636,9733969697",,,,,,,,,,,,,,
u4muW.uxTZSR9nkYL1GSUg,edocessistemahunter@gmail.com,,Brownie - Brigadeiro,"15,99",24,44,"144,32","33,8664516129","73,0372257426","3,0432177393","19,0320058741","34,3277773256","R$ 3,04 (19,03%)","1,2992208485",5,"12,1472822607","75,9679941259","R$ 12,15 (75,97%)","R$ 12,15 (75,97%)","636,9733969697","636,9733969697","636,9733969697","636,9733969697",,,,,,,,,,,,,,
fxDz1Oc2SMSt2F0oC7RAcg,edocessistemahunter@gmail.com,,Brownie - Doce de Leite,"15,99",24,44,"144,32","33,8664516129","82,3278924092","3,4303288504","21,452963417","34,3277773256","R$ 3,43 (21,45%)","1,2992208485",5,"11,7601711496","73,547036583","R$ 11,76 (73,55%)","R$ 11,76 (73,55%)","636,9733969697","636,9733969697","636,9733969697","636,9733969697",,,,,,,,,,,,,,
XuGbPdagS7eg4mD621NVig,edocessistemahunter@gmail.com,,Brownie - Ninho,"15,99",24,44,"144,32","33,8664516129","75,7465590759","3,1561066282","19,7380026777","34,3277773256","R$ 3,16 (19,74%)","1,2992208485",5,"12,0343933718","75,2619973223","R$ 12,03 (75,26%)","R$ 12,03 (75,26%)","636,9733969697","636,9733969697","636,9733969697","636,9733969697",,,,,,,,,,,,,,
CqEf.yB-T8CIM02P2YDOxg,edocessistemahunter@gmail.com,,Fatia Cookie - Brigadeiro,"30,99",8,44,"144,32","33,8664516129","41,4173418022","5,1771677253","16,705930059","34,3277773256","R$ 5,18 (16,71%)","1,2992208485",5,"24,2633322747","78,294069941","R$ 24,26 (78,29%)","R$ 24,26 (78,29%)","636,9733969697","636,9733969697","636,9733969697","636,9733969697",,,,,,,,,,,,,,
0bsL-M0DT2enF5G-cYWI5w,edocessistemahunter@gmail.com,,Fatia Cookie - Nutella,"32,99",8,44,"144,32","33,8664516129","77,9062306911","9,7382788364","29,5188809833","34,3277773256","R$ 9,74 (29,52%)","1,2992208485",5,"21,6022211636","65,4811190167","R$ 21,60 (65,48%)","R$ 21,60 (65,48%)","636,9733969697","636,9733969697","636,9733969697","636,9733969697",,,,,,,,,,,,,,
ITl1D6QRQFGbeQ5cpl-viw,edocessistemahunter@gmail.com,,Fatia Brownie - Ninho com Nutella,"31,99",8,44,"144,32","33,8664516129","74,8203368537","9,3525421067","29,2358302804","34,3277773256","R$ 9,35 (29,24%)","1,2992208485",5,"21,0379578933","65,7641697196","R$ 21,04 (65,76%)","R$ 21,04 (65,76%)","636,9733969697","636,9733969697","636,9733969697","636,9733969697",,,,,,,,,,,,,,
0qttSOKeRbmDZoVi4mWbPA,edocessistemahunter@gmail.com,,Palha Italiana - Ninho,"16,99",17,44,"144,32","33,8664516129","62,5006666667","3,6765098039","21,6392572332","34,3277773256","R$ 3,68 (21,64%)","1,2992208485",5,"12,4639901961","73,3607427668","R$ 12,46 (73,36%)","R$ 12,46 (73,36%)","636,9733969697","636,9733969697","636,9733969697","636,9733969697",,,,,,,,,,,,,,
OH-hD0PQQH-X8TbXZGL6mA,edocessistemahunter@gmail.com,,Palha Italiana - Ninho com Oreo,"16,99",18,44,"144,32","33,8664516129","73,4626666667","4,0812592593","24,0215377237","34,3277773256","R$ 4,08 (24,02%)","1,2992208485",5,"12,0592407407","70,9784622763","R$ 12,06 (70,98%)","R$ 12,06 (70,98%)","636,9733969697","636,9733969697","636,9733969697","636,9733969697",,,,,,,,,,,,,,
YYuPIJ59QuGujkUXMHcJEA,edocessistemahunter@gmail.com,,Palha Italiana - Tradicional,"16,99",15,44,"144,32","33,8664516129","53,0944253795","3,5396283586","20,8335983439","34,3277773256","R$ 3,54 (20,83%)","1,2992208485",5,"12,6008716414","74,1664016561","R$ 12,60 (74,17%)","R$ 12,60 (74,17%)","636,9733969697","636,9733969697","636,9733969697","636,9733969697",,,,,,,,,,,,,,
H.Y542mGT2WKZr870J8lBQ,edocessistemahunter@gmail.com,,Cookie,7,17,44,"144,32","33,8664516129","20,497931748","1,2057606911","17,2251527294","34,3277773256","R$ 1,21 (17,23%)","1,2992208485",5,"5,4442393089","77,7748472706","R$ 5,44 (77,77%)","R$ 5,44 (77,77%)","636,9733969697","636,9733969697","636,9733969697","636,9733969697",,,,,,,,,,,,,,
f8fOP10TTBm4BPYcXmuJ2w,braseiro.burger19@gmail.com,,BRASEIRO,"37,9",1,44,"144,32","33,8664516129","11,325","11,325","29,8812664908","34,3277773256","R$ 11,32 (29,88%)","1,2992208485",5,"24,68","65,1187335092","R$ 24,68 (65,12%)","R$ 24,68 (65,12%)","636,9733969697","636,9733969697","636,9733969697","636,9733969697",,,,,,,,,,,,,,
GgfGvv-DS1G1a45l-2es8g,braseiro.burger19@gmail.com,,BRASEIRO DUPLO,"54,9",1,44,"144,32","33,8664516129","18,47","18,47","33,6429872495","34,3277773256","R$ 18,47 (33,64%)","1,2992208485",5,"33,685","61,3570127505","R$ 33,69 (61,36%)","R$ 33,69 (61,36%)","636,9733969697","636,9733969697","636,9733969697","636,9733969697",,,,,,,,,,,,,,
txZW91xrQNaxd5f6C3QQvQ,edocessistemahunter@gmail.com,,Brigadeiro - Ao Leite Mole,,450,44,"144,32","33,8664516129","9,7198514851","0,02159967",,"34,3277773256","R$ 0,02 ()","1,2992208485",5,,, (), (),"636,9733969697","636,9733969697","636,9733969697","636,9733969697",,,,,,,,,,,,,,
o9ZwuwFKS7SymHZD2zBofw,edocessistemahunter@gmail.com,,Brigadeiro - Ao Leite Duro,,450,44,"144,32","33,8664516129","9,5306848185","0,0211792996",,"34,3277773256","R$ 0,02 ()","1,2992208485",5,,, (), (),"636,9733969697","636,9733969697","636,9733969697","636,9733969697",,,,,,,,,,,,,,
7d8.6VDBQ5G5g8-6yOdQzw,edocessistemahunter@gmail.com,,Brigadeiro - Branco Mole,,450,44,"144,32","33,8664516129","13,3323170732","0,0296273713",,"34,3277773256","R$ 0,03 ()","1,2992208485",5,,, (), (),"636,9733969697","636,9733969697","636,9733969697","636,9733969697",,,,,,,,,,,,,,
2CmPY.YjQFe-qQe9cvc3qA,edocessistemahunter@gmail.com,,Brigadeiro - Branco Duro,,450,44,"144,32","33,8664516129","13,1431504065","0,0292070009",,"34,3277773256","R$ 0,03 ()","1,2992208485",5,,, (), (),"636,9733969697","636,9733969697","636,9733969697","636,9733969697",,,,,,,,,,,,,,
GCht8HSHQ72z8mgcrFbPIA,edocessistemahunter@gmail.com,,Brigadeiro - Ninho Mole,,450,44,"144,32","33,8664516129","10,985","0,0244111111",,"34,3277773256","R$ 0,02 ()","1,2992208485",5,,, (), (),"636,9733969697","636,9733969697","636,9733969697","636,9733969697",,,,,,,,,,,,,,
UUAsf81YTnCKOfNzT7-uLQ,edocessistemahunter@gmail.com,,Brigadeiro - Ninho Duro,,450,44,"144,32","33,8664516129","10,7958333333","0,0239907407",,"34,3277773256","R$ 0,02 ()","1,2992208485",5,,, (), (),"636,9733969697","636,9733969697","636,9733969697","636,9733969697",,,,,,,,,,,,,,
xHrUifcJTgS9NcePNX0FZg,braseiro.burger19@gmail.com,,COSTELA,"50,9",1,44,"144,32","33,8664516129","13,02","13,02","25,57956778","34,3277773256","R$ 13,02 (25,58%)","1,2992208485",5,"35,335","69,42043222","R$ 35,34 (69,42%)","R$ 35,34 (69,42%)","636,9733969697","636,9733969697","636,9733969697","636,9733969697",,,,,,,,,,,,,,
CIaRidiqT9S5pD.-iQPuzg,braseiro.burger19@gmail.com,,FRALDINHA,"41,9",1,44,"144,32","33,8664516129","12,98","12,98","30,9785202864","34,3277773256","R$ 12,98 (30,98%)","1,2992208485",5,"26,825","64,0214797136","R$ 26,83 (64,02%)","R$ 26,83 (64,02%)","636,9733969697","636,9733969697","636,9733969697","636,9733969697",,,,,,,,,,,,,,
ON9ZNVxKRwCClvGesaIicA,braseiro.burger19@gmail.com,,SWEET BURGER,"36,9",1,44,"144,32","33,8664516129","10,2","10,2","27,6422764228","34,3277773256","R$ 10,20 (27,64%)","1,2992208485",5,"24,855","67,3577235772","R$ 24,85 (67,36%)","R$ 24,85 (67,36%)","636,9733969697","636,9733969697","636,9733969697","636,9733969697",,,,,,,,,,,,,,
CG45LWnqQpOD4oyroyKhow,braseiro.burger19@gmail.com,,CHEESE CRISPY,"39,5",1,44,"144,32","33,8664516129","13,92","13,92","35,2405063291","34,3277773256","R$ 13,92 (35,24%)","1,2992208485",5,"23,605","59,7594936709","R$ 23,60 (59,76%)","R$ 23,60 (59,76%)","636,9733969697","636,9733969697","636,9733969697","636,9733969697",,,,,,,,,,,,,,
iobwcGykRoCpnp7TBZ3S4Q,braseiro.burger19@gmail.com,,VEGETARIANO,"34,9",1,44,"144,32","33,8664516129","8,36","8,36","23,9541547278","34,3277773256","R$ 8,36 (23,95%)","1,2992208485",5,"24,795","71,0458452722","R$ 24,79 (71,05%)","R$ 24,79 (71,05%)","636,9733969697","636,9733969697","636,9733969697","636,9733969697",,,,,,,,,,,,,,
JAZqQHTsTxutKELCOUt5rw,braseiro.burger19@gmail.com,,SMASH K,"24,9",1,44,"144,32","33,8664516129","6,57","6,57","26,3855421687","34,3277773256","R$ 6,57 (26,39%)","1,2992208485",5,"17,085","68,6144578313","R$ 17,09 (68,61%)","R$ 17,09 (68,61%)","636,9733969697","636,9733969697","636,9733969697","636,9733969697",,,,,,,,,,,,,,
drxCe4EyTrKD2EIbFQygLg,braseiro.burger19@gmail.com,,SMASH,"32,9",1,44,"144,32","33,8664516129","9,95","9,95","30,2431610942","34,3277773256","R$ 9,95 (30,24%)","1,2992208485",5,"21,305","64,7568389058","R$ 21,31 (64,76%)","R$ 21,31 (64,76%)","636,9733969697","636,9733969697","636,9733969697","636,9733969697",,,,,,,,,,,,,,
7-Qa-ukyQzKWpIC--LCMsg,diadepizzatoledo@hotmail.com,,combo duplo especial 2 pizzas pequenas,"89,9",1,44,"144,32","33,8664516129","31,64","31,64","35,1946607341","34,3277773256","R$ 31,64 (35,19%)","1,2992208485",5,"53,765","59,8053392659","R$ 53,77 (59,81%)","R$ 53,77 (59,81%)","636,9733969697","636,9733969697","636,9733969697","636,9733969697",,,,,,,,,,,,,,
J1FWmYecS7y2xuvm2Awwig,diadepizzatoledo@hotmail.com,,Pizza Média Calabresa com Cebola,78,1,44,"144,32","33,8664516129","24,62","24,62","31,5641025641","34,3277773256","R$ 24,62 (31,56%)","1,2992208485",5,"49,48","63,4358974359","R$ 49,48 (63,44%)","R$ 49,48 (63,44%)","636,9733969697","636,9733969697","636,9733969697","636,9733969697",,,,,,,,,,,,,,
epN.LjNnSvS2JGhwikT0SQ,frangodobaiao.manaus@gmail.com,,Coxa+sobrecoxa na brasa completa,"33,9",1,44,"144,32","33,8664516129","9,5201333333","9,5201333333","28,0829891839","34,3277773256","R$ 9,52 (28,08%)","1,2992208485",5,"22,6848666667","66,9170108161","R$ 22,68 (66,92%)","R$ 22,68 (66,92%)","636,9733969697","636,9733969697","636,9733969697","636,9733969697",,,,,,,,,,,,,,
U45Sg8wdSG6v6nNbB-lDYQ,cheff150394@hotmail.com,,Prato de Contra Filé Teste,"36,99",1,44,"144,32","33,8664516129","10,55","10,55","28,5212219519","34,3277773256","R$ 10,55 (28,52%)","1,2992208485",5,"24,5905","66,4787780481","R$ 24,59 (66,48%)","R$ 24,59 (66,48%)","636,9733969697","636,9733969697","636,9733969697","636,9733969697",,,,,,,,,,,,,,
a-xcr-B4YSt-QkuUFA0sEeQ,Kilsilene@gmail.com,,Combo Casal com Coca 1 Litro,"99,9",1,44,"144,32","33,8664516129","29,9","29,9","29,9299299299","34,3277773256","R$ 29,90 (29,93%)","1,2992208485",5,"65,005","65,0700700701","R$ 65,01 (65,07%)","R$ 65,01 (65,07%)","636,9733969697","636,9733969697","636,9733969697","636,9733969697",,,,,,,,,,,,,,
yPf.UJ5QQe-erkNDeCcbug,cheff150394@hotmail.com,,prato contra filé pronto,"36,99",1,44,"144,32","33,8664516129",0,0,0,"34,3277773256","R$ 0,00 (0,00%)","1,2992208485",5,"35,1405",95,"R$ 35,14 (95,00%)","R$ 35,14 (95,00%)","636,9733969697","636,9733969697","636,9733969697","636,9733969697",,,,,,,,,,,,,,
Y4xY8rtEQMSh3dbQUcHFAQ,braseiro.burger19@gmail.com,,BATATA P,"17,9",1,44,"144,32","33,8664516129","4,24","4,24","23,687150838","34,3277773256","R$ 4,24 (23,69%)","1,2992208485",5,"12,765","71,312849162","R$ 12,76 (71,31%)","R$ 12,76 (71,31%)","636,9733969697","636,9733969697","636,9733969697","636,9733969697",,,,,,,,,,,,,,
sm8NKncDRSGJI29qc8CYJA,braseiro.burger19@gmail.com,,BATATA G,"30,9",1,44,"144,32","33,8664516129","9,27","9,27",30,"34,3277773256","R$ 9,27 (30,00%)","1,2992208485",5,"20,085",65,"R$ 20,09 (65,00%)","R$ 20,09 (65,00%)","636,9733969697","636,9733969697","636,9733969697","636,9733969697",,,,,,,,,,,,,,
9XaqbwOfSoaF50OxjAV1gA,braseiro.burger19@gmail.com,,BATATA CHEDDAR E BACON,"40,9",1,44,"144,32","33,8664516129","12,46","12,46","30,4645476773","34,3277773256","R$ 12,46 (30,46%)","1,2992208485",5,"26,395","64,5354523227","R$ 26,39 (64,54%)","R$ 26,39 (64,54%)","636,9733969697","636,9733969697","636,9733969697","636,9733969697",,,,,,,,,,,,,,
8xJPASHDTuOwAyn5YpbxcQ,braseiro.burger19@gmail.com,,SUCO MARACUJÁ - 500ML,"15,9",1,44,"144,32","33,8664516129","4,8","4,8","30,1886792453","34,3277773256","R$ 4,80 (30,19%)","1,2992208485",5,"10,305","64,8113207547","R$ 10,31 (64,81%)","R$ 10,31 (64,81%)","636,9733969697","636,9733969697","636,9733969697","636,9733969697",,,,,,,,,,,,,,
YTXPXr2nQrKlPdrgTGVf-g,braseiro.burger19@gmail.com,,SUCO MORANGO C/ MARACUJÁ - 500ML,"15,9",1,44,"144,32","33,8664516129","5,22","5,22","32,8301886792","34,3277773256","R$ 5,22 (32,83%)","1,2992208485",5,"9,885","62,1698113208","R$ 9,88 (62,17%)","R$ 9,88 (62,17%)","636,9733969697","636,9733969697","636,9733969697","636,9733969697",,,,,,,,,,,,,,
pPGSksXhQVWQ0dscqfNJ7w,braseiro.burger19@gmail.com,,PINK LEMONADE,"17,9",1,44,"144,32","33,8664516129","2,17","2,17","12,1229050279","34,3277773256","R$ 2,17 (12,12%)","1,2992208485",5,"14,835","82,8770949721","R$ 14,83 (82,88%)","R$ 14,83 (82,88%)","636,9733969697","636,9733969697","636,9733969697","636,9733969697",,,,,,,,,,,,,,
o8Sc.NAtT4OMkmjMwDjc3w,braseiro.burger19@gmail.com,,LIMONADA ESPECIAL,"15,9",1,44,"144,32","33,8664516129","1,61","1,61","10,1257861635","34,3277773256","R$ 1,61 (10,13%)","1,2992208485",5,"13,495","84,8742138365","R$ 13,50 (84,87%)","R$ 13,50 (84,87%)","636,9733969697","636,9733969697","636,9733969697","636,9733969697",,,,,,,,,,,,,,
oiM9AU9AQDqmOmnoTK2veg,braseiro.burger19@gmail.com,,MAIONESE VERDE,"3,5",1,44,"144,32","33,8664516129","0,71","0,71","20,2857142857","34,3277773256","R$ 0,71 (20,29%)","1,2992208485",5,"2,615","74,7142857143","R$ 2,62 (74,71%)","R$ 2,62 (74,71%)","636,9733969697","636,9733969697","636,9733969697","636,9733969697",,,,,,,,,,,,,,
kKTpMMy1TW6AJ2WDH6czHw,braseiro.burger19@gmail.com,,MAIONESE ALHO,"3,5",1,44,"144,32","33,8664516129","0,54","0,54","15,4285714286","34,3277773256","R$ 0,54 (15,43%)","1,2992208485",5,"2,785","79,5714285714","R$ 2,79 (79,57%)","R$ 2,79 (79,57%)","636,9733969697","636,9733969697","636,9733969697","636,9733969697",,,,,,,,,,,,,,
S74n5rLgSB2JHaJWwSPyHQ,braseiro.burger19@gmail.com,,COCA - 350ML,"7,9",1,44,"144,32","33,8664516129","3,69","3,69","46,7088607595","34,3277773256","R$ 3,69 (46,71%)","1,2992208485",5,"3,815","48,2911392405","R$ 3,82 (48,29%)","R$ 3,82 (48,29%)","636,9733969697","636,9733969697","636,9733969697","636,9733969697",,,,,,,,,,,,,,
v8pLcV8PRB2fer9l0K29Ng,braseiro.burger19@gmail.com,,COCA ZERO - 350ML,"7,9",1,44,"144,32","33,8664516129","3,69","3,69","46,7088607595","34,3277773256","R$ 3,69 (46,71%)","1,2992208485",5,"3,815","48,2911392405","R$ 3,82 (48,29%)","R$ 3,82 (48,29%)","636,9733969697","636,9733969697","636,9733969697","636,9733969697",,,,,,,,,,,,,,
a-EtyysyFRmCDmLE2iy3fUQ,braseiro.burger19@gmail.com,,GUARANA - 350ML,"7,9",1,44,"144,32","33,8664516129","3,61","3,61","45,6962025316","34,3277773256","R$ 3,61 (45,70%)","1,2992208485",5,"3,895","49,3037974684","R$ 3,90 (49,30%)","R$ 3,90 (49,30%)","636,9733969697","636,9733969697","636,9733969697","636,9733969697",,,,,,,,,,,,,,
ZwRBQVsqSxGB5wh-99r.rQ,braseiro.burger19@gmail.com,,GUARANA ZERO - 350ML,"7,9",1,44,"144,32","33,8664516129","3,61","3,61","45,6962025316","34,3277773256","R$ 3,61 (45,70%)","1,2992208485",5,"3,895","49,3037974684","R$ 3,90 (49,30%)","R$ 3,90 (49,30%)","636,9733969697","636,9733969697","636,9733969697","636,9733969697",,,,,,,,,,,,,,
WOvqQ34nTamYw8lig9YAzg,braseiro.burger19@gmail.com,,GUARANÁ - 269ML,"6,9",1,44,"144,32","33,8664516129","2,53","2,53","36,6666666667","34,3277773256","R$ 2,53 (36,67%)","1,2992208485",5,"4,025","58,3333333333","R$ 4,03 (58,33%)","R$ 4,03 (58,33%)","636,9733969697","636,9733969697","636,9733969697","636,9733969697",,,,,,,,,,,,,,
Vm1zzTfVSoSKxg9NAosGPg,braseiro.burger19@gmail.com,,GUARANÁ ZERO - 269ML,"6,9",1,44,"144,32","33,8664516129","2,53","2,53","36,6666666667","34,3277773256","R$ 2,53 (36,67%)","1,2992208485",5,"4,025","58,3333333333","R$ 4,03 (58,33%)","R$ 4,03 (58,33%)","636,9733969697","636,9733969697","636,9733969697","636,9733969697",,,,,,,,,,,,,,
7RHgydPHRcy797N9bEBesQ,braseiro.burger19@gmail.com,,ÁGUA C / GÁS - 500ML,6,1,44,"144,32","33,8664516129","2,04","2,04",34,"34,3277773256","R$ 2,04 (34,00%)","1,2992208485",5,"3,66",61,"R$ 3,66 (61,00%)","R$ 3,66 (61,00%)","636,9733969697","636,9733969697","636,9733969697","636,9733969697",,,,,,,,,,,,,,
djPm0TnyRI6.yWrJQxkCbA,braseiro.burger19@gmail.com,,ÁGUA - 500ML,4,1,44,"144,32","33,8664516129","1,44","1,44",36,"34,3277773256","R$ 1,44 (36,00%)","1,2992208485",5,"2,36",59,"R$ 2,36 (59,00%)","R$ 2,36 (59,00%)","636,9733969697","636,9733969697","636,9733969697","636,9733969697",,,,,,,,,,,,,,
R0Uyk.FkQzm2CQ33IBUIQA,braseiro.burger19@gmail.com,,COMBO I BRASA PRIME + REFRIGERANTE - 350ML,"39,9",1,44,"144,32","33,8664516129","12,65","12,65","31,7042606516","34,3277773256","R$ 12,65 (31,70%)","1,2992208485",5,"25,255","63,2957393484","R$ 25,26 (63,30%)","R$ 25,26 (63,30%)","636,9733969697","636,9733969697","636,9733969697","636,9733969697",,,,,,,,,,,,,,
rrDF6poqSpiKvY330ieOow,braseiro.burger19@gmail.com,,COMBO I SMASH K + REFRIGERANTE - 350ML,"42,9",1,44,"144,32","33,8664516129","10,18","10,18","23,7296037296","34,3277773256","R$ 10,18 (23,73%)","1,2992208485",5,"30,575","71,2703962704","R$ 30,58 (71,27%)","R$ 30,58 (71,27%)","636,9733969697","636,9733969697","636,9733969697","636,9733969697",,,,,,,,,,,,,,
YKD2xodLTNW-g-0XJQYo8w,bigpizzamagu@gmail.com,,Pizza Gigante | 12 Fatias | Calabresa,87,1,44,"144,32","33,8664516129","32,5310555556","32,5310555556","37,3920178799","34,3277773256","R$ 32,53 (37,39%)","1,2992208485",5,"50,1189444444","57,6079821201","R$ 50,12 (57,61%)","R$ 50,12 (57,61%)","636,9733969697","636,9733969697","636,9733969697","636,9733969697",,,,,,,,,,,,,,
o5MfgU6oSB-fBqNkXbDfTg,braseiro.burger19@gmail.com,,COMBO I CHEESE CRISPY BURGER + REFRIGERANTE 350ML,"63,9",1,44,"144,32","33,8664516129","17,53","17,53","27,4334898279","34,3277773256","R$ 17,53 (27,43%)","1,2992208485",5,"43,175","67,5665101721","R$ 43,18 (67,57%)","R$ 43,18 (67,57%)","636,9733969697","636,9733969697","636,9733969697","636,9733969697",,,,,,,,,,,,,,
pzcbYnyPQemUKqbywEpNIw,braseiro.burger19@gmail.com,,COMBO I BRASEIRO BURGER + REFRIGERANTE 350ML,"67,9",1,44,"144,32","33,8664516129","14,93","14,93","21,9882179676","34,3277773256","R$ 14,93 (21,99%)","1,2992208485",5,"49,575","73,0117820324","R$ 49,58 (73,01%)","R$ 49,58 (73,01%)","636,9733969697","636,9733969697","636,9733969697","636,9733969697",,,,,,,,,,,,,,
eOiKFxZBTgedmX-Uo5hZeA,braseiro.burger19@gmail.com,,COMBO I COSTELA BURGER + REFRIGERANTE 350ML,"75,9",1,44,"144,32","33,8664516129","16,63","16,63","21,9104084321","34,3277773256","R$ 16,63 (21,91%)","1,2992208485",5,"55,475","73,0895915679","R$ 55,48 (73,09%)","R$ 55,48 (73,09%)","636,9733969697","636,9733969697","636,9733969697","636,9733969697",,,,,,,,,,,,,,
mEh.wCHZS625dYSvbNA8qQ,braseiro.burger19@gmail.com,,COMBO CASAL I 2 BURGERS BRASA PRIME + GUARANA 269ML GRATIS,"63,8",1,44,"144,32","33,8664516129","22,52","22,52","35,2978056426","34,3277773256","R$ 22,52 (35,30%)","1,2992208485",5,"38,09","59,7021943574","R$ 38,09 (59,70%)","R$ 38,09 (59,70%)","636,9733969697","636,9733969697","636,9733969697","636,9733969697",,,,,,,,,,,,,,
7qpUY1OAT0aO8zSM5VPh8Q,braseiro.burger19@gmail.com,,COMBO CASAL I 2 BURGERS VEGETARIANO PRIME + GUARANA 269ML GRATIS,"109,8",1,44,"144,32","33,8664516129","27,3","27,3","24,8633879781","34,3277773256","R$ 27,30 (24,86%)","1,2992208485",5,"77,01","70,1366120219","R$ 77,01 (70,14%)","R$ 77,01 (70,14%)","636,9733969697","636,9733969697","636,9733969697","636,9733969697",,,,,,,,,,,,,,
KM.tQcGYS5S6ASrjISxMiQ,braseiro.burger19@gmail.com,,COMBO CASAL I 2 BURGERS SWEET + GUARANA 269ML GRATIS,"115,8",1,44,"144,32","33,8664516129","24,84","24,84","21,4507772021","34,3277773256","R$ 24,84 (21,45%)","1,2992208485",5,"85,17","73,5492227979","R$ 85,17 (73,55%)","R$ 85,17 (73,55%)","636,9733969697","636,9733969697","636,9733969697","636,9733969697",,,,,,,,,,,,,,
z6WDzgUfTC6xixUmuS4NyQ,braseiro.burger19@gmail.com,,COMBO CASAL I 2 BURGERS BRASEIRO + GUARANA 269ML GRATIS,"117,8",1,44,"144,32","33,8664516129","24,59","24,59","20,8743633277","34,3277773256","R$ 24,59 (20,87%)","1,2992208485",5,"87,32","74,1256366723","R$ 87,32 (74,13%)","R$ 87,32 (74,13%)","636,9733969697","636,9733969697","636,9733969697","636,9733969697",,,,,,,,,,,,,,
Gj65eeLPR46ZNVkSP4krlw,braseiro.burger19@gmail.com,,COMBO CASAL I 2 BURGERS FRALDINHA + GUARANA 269ML GRATIS,"123,8",1,44,"144,32","33,8664516129","21,96","21,96","17,7382875606","34,3277773256","R$ 21,96 (17,74%)","1,2992208485",5,"95,65","77,2617124394","R$ 95,65 (77,26%)","R$ 95,65 (77,26%)","636,9733969697","636,9733969697","636,9733969697","636,9733969697",,,,,,,,,,,,,,
U1Lk.T1aTzuGSRWYd6Lltw,diadepizzatreslagoas@gmail.com,,Pizza Grande - Abacaxi Nevado,85,1,44,"144,32","33,8664516129","30,6931","30,6931","36,1095294118","34,3277773256","R$ 30,69 (36,11%)","1,2992208485",5,"50,0569","58,8904705882","R$ 50,06 (58,89%)","R$ 50,06 (58,89%)","636,9733969697","636,9733969697","636,9733969697","636,9733969697",,,,,,,,,,,,,,
l17S4w4CSVeadr0AzgBGNA,diadepizzatreslagoas@gmail.com,,Pizza Grande - Alcatra com Cheddar,"79,99",1,44,"144,32","33,8664516129","34,3977","34,3977","43,0025003125","34,3277773256","R$ 34,40 (43,00%)","1,2992208485",5,"41,5928","51,9974996875","R$ 41,59 (52,00%)","R$ 41,59 (52,00%)","636,9733969697","636,9733969697","636,9733969697","636,9733969697",,,,,,,,,,,,,,
D3QN1U6TQKalfKUnv.PzCg,diadepizzatreslagoas@gmail.com,,Pizza Grande - Americana,"79,99",1,44,"144,32","33,8664516129","28,7245","28,7245","35,9101137642","34,3277773256","R$ 28,72 (35,91%)","1,2992208485",5,"47,266","59,0898862358","R$ 47,27 (59,09%)","R$ 47,27 (59,09%)","636,9733969697","636,9733969697","636,9733969697","636,9733969697",,,,,,,,,,,,,,
EEpFw5f0TrqKwb9aShISpA,diadepizzatreslagoas@gmail.com,,Pizza Grande - Atum,85,1,44,"144,32","33,8664516129","45,3599","45,3599","53,3645882353","34,3277773256","R$ 45,36 (53,36%)","1,2992208485",5,"35,3901","41,6354117647","R$ 35,39 (41,64%)","R$ 35,39 (41,64%)","636,9733969697","636,9733969697","636,9733969697","636,9733969697",,,,,,,,,,,,,,
CUW-KA56Spyex.sQZAa8lg,diadepizzatreslagoas@gmail.com,,Pizza Grande - Atum Especial,85,1,44,"144,32","33,8664516129","52,8975","52,8975","62,2323529412","34,3277773256","R$ 52,90 (62,23%)","1,2992208485",5,"27,8525","32,7676470588","R$ 27,85 (32,77%)","R$ 27,85 (32,77%)","636,9733969697","636,9733969697","636,9733969697","636,9733969697",,,,,,,,,,,,,,
xz2DtCcERwqoTzNPGo4iGA,diadepizzatreslagoas@gmail.com,,Pizza Grande - Bacon,75,1,44,"144,32","33,8664516129","25,8821","25,8821","34,5094666667","34,3277773256","R$ 25,88 (34,51%)","1,2992208485",5,"45,3679","60,4905333333","R$ 45,37 (60,49%)","R$ 45,37 (60,49%)","636,9733969697","636,9733969697","636,9733969697","636,9733969697",,,,,,,,,,,,,,
Pg-L9frsSyS5xmw5aKRMNg,diadepizzatreslagoas@gmail.com,,Pizza Grande - Bacon com Milho,"79,99",1,44,"144,32","33,8664516129","34,5715","34,5715","43,2197774722","34,3277773256","R$ 34,57 (43,22%)","1,2992208485",5,"41,419","51,7802225278","R$ 41,42 (51,78%)","R$ 41,42 (51,78%)","636,9733969697","636,9733969697","636,9733969697","636,9733969697",,,,,,,,,,,,,,
3nZqr-LVQ7-6HlcPwnf-yg,diadepizzatreslagoas@gmail.com,,Pizza Grande - Baiana,85,1,44,"144,32","33,8664516129",,,,"34,3277773256", (),"1,2992208485",5,"80,75",95,"R$ 80,75 (95,00%)",,"636,9733969697","636,9733969697","636,9733969697","636,9733969697",,,,,,,,,,,,,,
PeE7QI7kRoSkCRZ0go.q2Q,diadepizzatreslagoas@gmail.com,,Pizza Grande - Brócolis,75,1,44,"144,32","33,8664516129",,,,"34,3277773256", (),"1,2992208485",5,"71,25",95,"R$ 71,25 (95,00%)",,"636,9733969697","636,9733969697","636,9733969697","636,9733969697",,,,,,,,,,,,,,
GTbLQie0R7C.Fdg-GybxOg,diadepizzatreslagoas@gmail.com,,Pizza Grande - Carbonara,"79,99",1,44,"144,32","33,8664516129","28,6306","28,6306","35,7927240905","34,3277773256","R$ 28,63 (35,79%)","1,2992208485",5,"47,3599","59,2072759095","R$ 47,36 (59,21%)","R$ 47,36 (59,21%)","636,9733969697","636,9733969697","636,9733969697","636,9733969697",,,,,,,,,,,,,,
ZVEb4gRKSuiQ68bShkBZ2Q,diadepizzatreslagoas@gmail.com,,Pizza Grande - Carne Seca,85,1,44,"144,32","33,8664516129",,,,"34,3277773256", (),"1,2992208485",5,"80,75",95,"R$ 80,75 (95,00%)",,"636,9733969697","636,9733969697","636,9733969697","636,9733969697",,,,,,,,,,,,,,
OYyIDADMTzed201aKsv-aQ,diadepizzatreslagoas@gmail.com,,Pizza Grande - Dia de Pizza,"79,99",1,44,"144,32","33,8664516129","34,4901","34,4901","43,1180147518","34,3277773256","R$ 34,49 (43,12%)","1,2992208485",5,"41,5004","51,8819852482","R$ 41,50 (51,88%)","R$ 41,50 (51,88%)","636,9733969697","636,9733969697","636,9733969697","636,9733969697",,,,,,,,,,,,,,
nIiHDtO5R5GA5rL7F2wcyw,diadepizzatreslagoas@gmail.com,,Pizza Grande - Escarola,75,1,44,"144,32","33,8664516129",,,,"34,3277773256", (),"1,2992208485",5,"71,25",95,"R$ 71,25 (95,00%)",,"636,9733969697","636,9733969697","636,9733969697","636,9733969697",,,,,,,,,,,,,,
n.LrcHokRX-ONSiqjIcBow,diadepizzatreslagoas@gmail.com,,Pizza Grande - Forneiro,"79,99",1,44,"144,32","33,8664516129","33,2325","33,2325","41,5458182273","34,3277773256","R$ 33,23 (41,55%)","1,2992208485",5,"42,758","53,4541817727","R$ 42,76 (53,45%)","R$ 42,76 (53,45%)","636,9733969697","636,9733969697","636,9733969697","636,9733969697",,,,,,,,,,,,,,
6zy4DRT-R5KQUG.zvXVLaQ,diadepizzatreslagoas@gmail.com,,Pizza Grande - Francesa,"79,99",1,44,"144,32","33,8664516129",,,,"34,3277773256", (),"1,2992208485",5,"75,9905",95,"R$ 75,99 (95,00%)",,"636,9733969697","636,9733969697","636,9733969697","636,9733969697",,,,,,,,,,,,,,
NZs1C99gTIuPW.rK8EoiPA,diadepizzatreslagoas@gmail.com,,Pizza Grande - Frango ao Barbecue,"79,99",1,44,"144,32","33,8664516129",,,,"34,3277773256", (),"1,2992208485",5,"75,9905",95,"R$ 75,99 (95,00%)",,"636,9733969697","636,9733969697","636,9733969697","636,9733969697",,,,,,,,,,,,,,
85Le0dQrRq-JAqJFiSJ7cQ,diadepizzatreslagoas@gmail.com,,Pizza Grande - Frango com Bacon,75,1,44,"144,32","33,8664516129",,,,"34,3277773256", (),"1,2992208485",5,"71,25",95,"R$ 71,25 (95,00%)",,"636,9733969697","636,9733969697","636,9733969697","636,9733969697",,,,,,,,,,,,,,
1C9qPCvFQ8e.x2r.N.9PhA,diadepizzatreslagoas@gmail.com,,Pizza Grande - Frango com Cheddar,75,1,44,"144,32","33,8664516129",,,,"34,3277773256", (),"1,2992208485",5,"71,25",95,"R$ 71,25 (95,00%)",,"636,9733969697","636,9733969697","636,9733969697","636,9733969697",,,,,,,,,,,,,,
CWj9Wg9ATb-5PLAkEuEP1A,diadepizzatreslagoas@gmail.com,,Pizza Grande - Frango com Requeijão,75,1,44,"144,32","33,8664516129",,,,"34,3277773256", (),"1,2992208485",5,"71,25",95,"R$ 71,25 (95,00%)",,"636,9733969697","636,9733969697","636,9733969697","636,9733969697",,,,,,,,,,,,,,
igVpoklxSIi7-ca-Lc7Uqw,diadepizzatreslagoas@gmail.com,,Pizza Grande - Frango Supremo,"79,99",1,44,"144,32","33,8664516129",,,,"34,3277773256", (),"1,2992208485",5,"75,9905",95,"R$ 75,99 (95,00%)",,"636,9733969697","636,9733969697","636,9733969697","636,9733969697",,,,,,,,,,,,,,
mnLpy.6wQf28x4uwwrxdMA,diadepizzatreslagoas@gmail.com,,Pizza Grande - Gaúcha,85,1,44,"144,32","33,8664516129",,,,"34,3277773256", (),"1,2992208485",5,"80,75",95,"R$ 80,75 (95,00%)",,"636,9733969697","636,9733969697","636,9733969697","636,9733969697",,,,,,,,,,,,,,
osaRaScNQ9-RkGD4TyrJcA,diadepizzatreslagoas@gmail.com,,Pizza Grande - Hot Dog,"79,99",1,44,"144,32","33,8664516129",,,,"34,3277773256", (),"1,2992208485",5,"75,9905",95,"R$ 75,99 (95,00%)",,"636,9733969697","636,9733969697","636,9733969697","636,9733969697",,,,,,,,,,,,,,
zJ6TuSd3QMOYPoeiQb1eXQ,diadepizzatreslagoas@gmail.com,,Pizza Grande - Italiana,85,1,44,"144,32","33,8664516129",,,,"34,3277773256", (),"1,2992208485",5,"80,75",95,"R$ 80,75 (95,00%)",,"636,9733969697","636,9733969697","636,9733969697","636,9733969697",,,,,,,,,,,,,,
qmODYbMVQlimbD5-SKp1Mg,diadepizzatreslagoas@gmail.com,,Pizza Grande - Lombo,"79,99",1,44,"144,32","33,8664516129",,,,"34,3277773256", (),"1,2992208485",5,"75,9905",95,"R$ 75,99 (95,00%)",,"636,9733969697","636,9733969697","636,9733969697","636,9733969697",,,,,,,,,,,,,,
5I4U5m4pQWapQ7vL0y7GFQ,diadepizzatreslagoas@gmail.com,,Pizza Grande - Lombo ao Barbecue,"79,99",1,44,"144,32","33,8664516129",,,,"34,3277773256", (),"1,2992208485",5,"75,9905",95,"R$ 75,99 (95,00%)",,"636,9733969697","636,9733969697","636,9733969697","636,9733969697",,,,,,,,,,,,,,
7RRJW302ShWoOwyj-RBDeA,diadepizzatreslagoas@gmail.com,,Pizza Grande - Magnífica,85,1,44,"144,32","33,8664516129",,,,"34,3277773256", (),"1,2992208485",5,"80,75",95,"R$ 80,75 (95,00%)",,"636,9733969697","636,9733969697","636,9733969697","636,9733969697",,,,,,,,,,,,,,
p376jvqNS8mSY9k5bnfHnQ,diadepizzatreslagoas@gmail.com,,Pizza Grande - Mussarela,75,1,44,"144,32","33,8664516129","25,1099","25,1099","33,4798666667","34,3277773256","R$ 25,11 (33,48%)","1,2992208485",5,"46,1401","61,5201333333","R$ 46,14 (61,52%)","R$ 46,14 (61,52%)","636,9733969697","636,9733969697","636,9733969697","636,9733969697",,,,,,,,,,,,,,
QEaZY7A0SCe7ENxL3CNOVw,diadepizzatreslagoas@gmail.com,,Pizza Grande - Napolitana,75,1,44,"144,32","33,8664516129",,,,"34,3277773256", (),"1,2992208485",5,"71,25",95,"R$ 71,25 (95,00%)",,"636,9733969697","636,9733969697","636,9733969697","636,9733969697",,,,,,,,,,,,,,
aL4R-VOqT5ihnJtXMp5nbQ,diadepizzatreslagoas@gmail.com,,Pizza Grande - Palmito,75,1,44,"144,32","33,8664516129",,,,"34,3277773256", (),"1,2992208485",5,"71,25",95,"R$ 71,25 (95,00%)",,"636,9733969697","636,9733969697","636,9733969697","636,9733969697",,,,,,,,,,,,,,
RMqOKXPzTq-kYZ9SXCjnnQ,diadepizzatreslagoas@gmail.com,,Pizza Grande - Pepperoni,75,1,44,"144,32","33,8664516129",,,,"34,3277773256", (),"1,2992208485",5,"71,25",95,"R$ 71,25 (95,00%)",,"636,9733969697","636,9733969697","636,9733969697","636,9733969697",,,,,,,,,,,,,,
ttcrWjLVQ96G197HFLgWsg,diadepizzatreslagoas@gmail.com,,Pizza Grande - Portuguesa,75,1,44,"144,32","33,8664516129","28,6427","28,6427","38,1902666667","34,3277773256","R$ 28,64 (38,19%)","1,2992208485",5,"42,6073","56,8097333333","R$ 42,61 (56,81%)","R$ 42,61 (56,81%)","636,9733969697","636,9733969697","636,9733969697","636,9733969697",,,,,,,,,,,,,,
PzIdSR5FQVWgms3L6ozYUg,diadepizzatreslagoas@gmail.com,,Pizza Grande - Primavera,85,1,44,"144,32","33,8664516129",,,,"34,3277773256", (),"1,2992208485",5,"80,75",95,"R$ 80,75 (95,00%)",,"636,9733969697","636,9733969697","636,9733969697","636,9733969697",,,,,,,,,,,,,,
a-rW5JIcvSdS6ZMwtx4BF.w,diadepizzatreslagoas@gmail.com,,Pizza Grande - Provolombo,"79,99",1,44,"144,32","33,8664516129","31,8013","31,8013","39,7565945743","34,3277773256","R$ 31,80 (39,76%)","1,2992208485",5,"44,1892","55,2434054257","R$ 44,19 (55,24%)","R$ 44,19 (55,24%)","636,9733969697","636,9733969697","636,9733969697","636,9733969697",,,,,,,,,,,,,,
hXL7zmAiQBK79zbm4kIu5Q,diadepizzatreslagoas@gmail.com,,Pizza Grande - Quatro Queijos,"79,99",1,44,"144,32","33,8664516129",,,,"34,3277773256", (),"1,2992208485",5,"75,9905",95,"R$ 75,99 (95,00%)",,"636,9733969697","636,9733969697","636,9733969697","636,9733969697",,,,,,,,,,,,,,
a-lUJM2QmQQa-WdBmgCQMvg,diadepizzatreslagoas@gmail.com,,Pizza Grande - Rúcula com Tomate Seco,75,1,44,"144,32","33,8664516129",,,,"34,3277773256", (),"1,2992208485",5,"71,25",95,"R$ 71,25 (95,00%)",,"636,9733969697","636,9733969697","636,9733969697","636,9733969697",,,,,,,,,,,,,,
kystgBKkQ2uWEfGvgFzU1w,diadepizzatreslagoas@gmail.com,,Pizza Grande - Strogonoff de Carne,"79,99",1,44,"144,32","33,8664516129",,,,"34,3277773256", (),"1,2992208485",5,"75,9905",95,"R$ 75,99 (95,00%)",,"636,9733969697","636,9733969697","636,9733969697","636,9733969697",,,,,,,,,,,,,,
Q57vMcl0RRag3u39P5NvTQ,diadepizzatreslagoas@gmail.com,,Pizza Grande - Suprema,85,1,44,"144,32","33,8664516129",,,,"34,3277773256", (),"1,2992208485",5,"80,75",95,"R$ 80,75 (95,00%)",,"636,9733969697","636,9733969697","636,9733969697","636,9733969697",,,,,,,,,,,,,,
penXE-sbRauM7XrDGcntVA,diadepizzatreslagoas@gmail.com,,Pizza Grande - Toscana,"79,99",1,44,"144,32","33,8664516129",,,,"34,3277773256", (),"1,2992208485",5,"75,9905",95,"R$ 75,99 (95,00%)",,"636,9733969697","636,9733969697","636,9733969697","636,9733969697",,,,,,,,,,,,,,
5AC4m2r2Szu9.3pcscSalQ,diadepizzatreslagoas@gmail.com,,Pizza Grande - Gaúcha com Cebola,85,1,44,"144,32","33,8664516129",,,,"34,3277773256", (),"1,2992208485",5,"80,75",95,"R$ 80,75 (95,00%)",,"636,9733969697","636,9733969697","636,9733969697","636,9733969697",,,,,,,,,,,,,,
W1TswWmWT5-dOuymtQzETw,diadepizzatreslagoas@gmail.com,,Pizza Grande - Brócolis com Bacon,"79,99",1,44,"144,32","33,8664516129",,,,"34,3277773256", (),"1,2992208485",5,"75,9905",95,"R$ 75,99 (95,00%)",,"636,9733969697","636,9733969697","636,9733969697","636,9733969697",,,,,,,,,,,,,,
Z5Ad18n6Q2ebXClmNMrTrw,diadepizzatreslagoas@gmail.com,,Pizza Grande - Quatro Queijos com Bacon,85,1,44,"144,32","33,8664516129",,,,"34,3277773256", (),"1,2992208485",5,"80,75",95,"R$ 80,75 (95,00%)",,"636,9733969697","636,9733969697","636,9733969697","636,9733969697",,,,,,,,,,,,,,
cz.Q5pOFSRewfe4ToeUYCQ,diadepizzatreslagoas@gmail.com,,Pizza Grande - Calabresa com Cebola,75,1,44,"144,32","33,8664516129","24,7803","24,7803","33,0404","34,3277773256","R$ 24,78 (33,04%)","1,2992208485",5,"46,4697","61,9596","R$ 46,47 (61,96%)","R$ 46,47 (61,96%)","636,9733969697","636,9733969697","636,9733969697","636,9733969697",,,,,,,,,,,,,,
ziTGPMkcSE-ZKukDlfDKQw,diadepizzatreslagoas@gmail.com,,Pizza Grande - Atum com Cebola,85,1,44,"144,32","33,8664516129",,,,"34,3277773256", (),"1,2992208485",5,"80,75",95,"R$ 80,75 (95,00%)",,"636,9733969697","636,9733969697","636,9733969697","636,9733969697",,,,,,,,,,,,,,
47Vi-UtCQ6Of8SxMX8rKVQ,diadepizzatreslagoas@gmail.com,,Pizza Grande - Lombo com Abacaxi,"79,99",1,44,"144,32","33,8664516129",,,,"34,3277773256", (),"1,2992208485",5,"75,9905",95,"R$ 75,99 (95,00%)",,"636,9733969697","636,9733969697","636,9733969697","636,9733969697",,,,,,,,,,,,,,
16bWog.GSturSPpi9SG6Cw,diadepizzatreslagoas@gmail.com,,Pizza Grande - Calabresa Especial,85,1,44,"144,32","33,8664516129",,,,"34,3277773256", (),"1,2992208485",5,"80,75",95,"R$ 80,75 (95,00%)",,"636,9733969697","636,9733969697","636,9733969697","636,9733969697",,,,,,,,,,,,,,
wY6CFB3rQ3-0KbX2Cbd31w,diadepizzatreslagoas@gmail.com,,Pizza Grande - Brasileiríssima,85,1,44,"144,32","33,8664516129",,,,"34,3277773256", (),"1,2992208485",5,"80,75",95,"R$ 80,75 (95,00%)",,"636,9733969697","636,9733969697","636,9733969697","636,9733969697",,,,,,,,,,,,,,
LCFJNTFRR5epeR2D.6oErw,diadepizzatreslagoas@gmail.com,,Pizza Grande - Cinco Queijos,85,1,44,"144,32","33,8664516129","37,8558","37,8558","44,5362352941","34,3277773256","R$ 37,86 (44,54%)","1,2992208485",5,"42,8942","50,4637647059","R$ 42,89 (50,46%)","R$ 42,89 (50,46%)","636,9733969697","636,9733969697","636,9733969697","636,9733969697",,,,,,,,,,,,,,
MXmK-P8GTKie25KLxZZq6Q,diadepizzatreslagoas@gmail.com,,Pizza Grande - Cupim com Creme de Alho,85,1,44,"144,32","33,8664516129",,,,"34,3277773256", (),"1,2992208485",5,"80,75",95,"R$ 80,75 (95,00%)",,"636,9733969697","636,9733969697","636,9733969697","636,9733969697",,,,,,,,,,,,,,
HxYnIX-pSgS75aigMzapnQ,diadepizzatreslagoas@gmail.com,,Pizza Grande - Cupim com Queijo Coalho,85,1,44,"144,32","33,8664516129",,,,"34,3277773256", (),"1,2992208485",5,"80,75",95,"R$ 80,75 (95,00%)",,"636,9733969697","636,9733969697","636,9733969697","636,9733969697",,,,,,,,,,,,,,
mG4HSdwERMmr4FOeuCI04Q,diadepizzatreslagoas@gmail.com,,Pizza Grande - Portugesa Especial,85,1,44,"144,32","33,8664516129","32,5387","32,5387","38,2808235294","34,3277773256","R$ 32,54 (38,28%)","1,2992208485",5,"48,2113","56,7191764706","R$ 48,21 (56,72%)","R$ 48,21 (56,72%)","636,9733969697","636,9733969697","636,9733969697","636,9733969697",,,,,,,,,,,,,,
XKi3Pyl6QbaD9ZRKoblVpQ,diadepizzatreslagoas@gmail.com,,,,,44,"144,32","33,8664516129",,,,"34,3277773256", (),"1,2992208485",5,,, (),,"636,9733969697","636,9733969697","636,9733969697","636,9733969697",,,,,,,,,,,,,,
zIPOUKdFQOmgcbxCV6qiUg,diadepizzatreslagoas@gmail.com,,Pizza Grande - Margherita,75,1,44,"144,32","33,8664516129",,,,"34,3277773256", (),"1,2992208485",5,"71,25",95,"R$ 71,25 (95,00%)",,"636,9733969697","636,9733969697","636,9733969697","636,9733969697",,,,,,,,,,,,,,
B9e3Ab2sSnCtAF0-727wCw,diadepizzatreslagoas@gmail.com,,Pizza Grande - Banana,85,1,44,"144,32","33,8664516129","14,4991","14,4991","17,0577647059","34,3277773256","R$ 14,50 (17,06%)","1,2992208485",5,"66,2509","77,9422352941","R$ 66,25 (77,94%)","R$ 66,25 (77,94%)","636,9733969697","636,9733969697","636,9733969697","636,9733969697",,,,,,,,,,,,,,
JNJwfeesTO-3fpD0q1sgaA,diadepizzatreslagoas@gmail.com,,Pizza Grande - Banana Nevada,85,1,44,"144,32","33,8664516129","23,9041","23,9041","28,1224705882","34,3277773256","R$ 23,90 (28,12%)","1,2992208485",5,"56,8459","66,8775294118","R$ 56,85 (66,88%)","R$ 56,85 (66,88%)","636,9733969697","636,9733969697","636,9733969697","636,9733969697",,,,,,,,,,,,,,
p2Wae0HSRNKXIvgCPrTCzA,diadepizzatreslagoas@gmail.com,,Pizza Grande - Chocolate Branco com Morango,85,1,44,"144,32","33,8664516129",,,,"34,3277773256", (),"1,2992208485",5,"80,75",95,"R$ 80,75 (95,00%)",,"636,9733969697","636,9733969697","636,9733969697","636,9733969697",,,,,,,,,,,,,,
g1x68Ya.TVSudfIeBcnaBg,diadepizzatreslagoas@gmail.com,,Pizza Grande - Chocolate com M&M's',85,1,44,"144,32","33,8664516129",,,,"34,3277773256", (),"1,2992208485",5,"80,75",95,"R$ 80,75 (95,00%)",,"636,9733969697","636,9733969697","636,9733969697","636,9733969697",,,,,,,,,,,,,,
FbkgZs68QdOJ.AjlrddGCg,diadepizzatreslagoas@gmail.com,,Pizza Grande - Chocolate com Morango,85,1,44,"144,32","33,8664516129",,,,"34,3277773256", (),"1,2992208485",5,"80,75",95,"R$ 80,75 (95,00%)",,"636,9733969697","636,9733969697","636,9733969697","636,9733969697",,,,,,,,,,,,,,
lsa24nxtQrC6LJ6u7m4WEQ,diadepizzatreslagoas@gmail.com,,Pizza Grande - Chocolate com Nutella,85,1,44,"144,32","33,8664516129",,,,"34,3277773256", (),"1,2992208485",5,"80,75",95,"R$ 80,75 (95,00%)",,"636,9733969697","636,9733969697","636,9733969697","636,9733969697",,,,,,,,,,,,,,
QAtgt9zrQ6eqzkRdvdn4aw,diadepizzatreslagoas@gmail.com,,Pizza Grande - Dois Amores,85,1,44,"144,32","33,8664516129",,,,"34,3277773256", (),"1,2992208485",5,"80,75",95,"R$ 80,75 (95,00%)",,"636,9733969697","636,9733969697","636,9733969697","636,9733969697",,,,,,,,,,,,,,
7AIhuxZCRhGWvHhYHTdL3g,diadepizzatreslagoas@gmail.com,,Pizza Grande - Ninho com Nutella,85,1,44,"144,32","33,8664516129",,,,"34,3277773256", (),"1,2992208485",5,"80,75",95,"R$ 80,75 (95,00%)",,"636,9733969697","636,9733969697","636,9733969697","636,9733969697",,,,,,,,,,,,,,
icseaMjtTbK579CuVhAODQ,diadepizzatreslagoas@gmail.com,,Pizza Grande - Merengue,85,1,44,"144,32","33,8664516129",,,,"34,3277773256", (),"1,2992208485",5,"80,75",95,"R$ 80,75 (95,00%)",,"636,9733969697","636,9733969697","636,9733969697","636,9733969697",,,,,,,,,,,,,,
gYZVcw8iTQa4fIlvARPz.g,diadepizzatreslagoas@gmail.com,,Pizza Grande - Uva com Chocolate,85,1,44,"144,32","33,8664516129",,,,"34,3277773256", (),"1,2992208485",5,"80,75",95,"R$ 80,75 (95,00%)",,"636,9733969697","636,9733969697","636,9733969697","636,9733969697",,,,,,,,,,,,,,
DBsUhsLrQY20aOYx7BR28Q,limaeliseu016@gmail.com,,Copo de 300 Ml - Monte seu açai,22,1,44,"144,32","33,8664516129","7,0685773333","7,0685773333","32,1298969697","34,3277773256","R$ 7,07 (32,13%)","1,2992208485",5,"13,8314226667","62,8701030303","R$ 13,83 (62,87%)","R$ 13,83 (62,87%)","636,9733969697","636,9733969697","636,9733969697","636,9733969697",,,,,,,,,,,,,,
DytY9IrZRBKU49FDHJ-gWw,limaeliseu016@gmail.com,,Copo de 400 Ml - Monte seu açai,25,1,44,"144,32","33,8664516129","7,9111566667","7,9111566667","31,6446266667","34,3277773256","R$ 7,91 (31,64%)","1,2992208485",5,"15,8388433333","63,3553733333","R$ 15,84 (63,36%)","R$ 15,84 (63,36%)","636,9733969697","636,9733969697","636,9733969697","636,9733969697",,,,,,,,,,,,,,
04MYGOZCTdCXaAE4OMrV.A,limaeliseu016@gmail.com,,Copo de 500 Ml - Monte seu açai,"34,9",1,44,"144,32","33,8664516129","10,9117533333","10,9117533333","31,2657688634","34,3277773256","R$ 10,91 (31,27%)","1,2992208485",5,"22,2432466667","63,7342311366","R$ 22,24 (63,73%)","R$ 22,24 (63,73%)","636,9733969697","636,9733969697","636,9733969697","636,9733969697",,,,,,,,,,,,,,
otOHp.KER6G-WSYzCfOM8A,limaeliseu016@gmail.com,,Copo de 700 Ml - Monte seu açai,33,1,44,"144,32","33,8664516129","11,9808420513","11,9808420513","36,3055819736","34,3277773256","R$ 11,98 (36,31%)","1,2992208485",5,"19,3691579487","58,6944180264","R$ 19,37 (58,69%)","R$ 19,37 (58,69%)","636,9733969697","636,9733969697","636,9733969697","636,9733969697",,,,,,,,,,,,,,
6zE5NbAuRW-C7x6mgez5Lw,limaeliseu016@gmail.com,,Tigela de 300ml - Monte o seu açai,"28,9",1,44,"144,32","33,8664516129","9,7275166667","9,7275166667","33,6592272203","34,3277773256","R$ 9,73 (33,66%)","1,2992208485",5,"17,7274833333","61,3407727797","R$ 17,73 (61,34%)","R$ 17,73 (61,34%)","636,9733969697","636,9733969697","636,9733969697","636,9733969697",,,,,,,,,,,,,,
CTpp3m0bQZCguDsx2FuWMw,limaeliseu016@gmail.com,,Tigela de 400 Ml - Monte seu Açai,"26,99",1,44,"144,32","33,8664516129","15,8865366667","15,8865366667","58,8608249969","34,3277773256","R$ 15,89 (58,86%)","1,2992208485",5,"9,7539633333","36,1391750031","R$ 9,75 (36,14%)","R$ 9,75 (36,14%)","636,9733969697","636,9733969697","636,9733969697","636,9733969697",,,,,,,,,,,,,,
fivD423xRC-wOF-RvpWiww,limaeliseu016@gmail.com,,Tigela de 500 Ml - Monte seu açai,"30,99",1,44,"144,32","33,8664516129","16,4812866667","16,4812866667","53,1825965365","34,3277773256","R$ 16,48 (53,18%)","1,2992208485",5,"12,9592133333","41,8174034635","R$ 12,96 (41,82%)","R$ 12,96 (41,82%)","636,9733969697","636,9733969697","636,9733969697","636,9733969697",,,,,,,,,,,,,,
qIRGluAASTuJ4QtmXqqkyg,limaeliseu016@gmail.com,,Tapioca Salgada - Frango c/ Catupiry,22,1,44,"144,32","33,8664516129","6,259","6,259","28,45","34,3277773256","R$ 6,26 (28,45%)","1,2992208485",5,"14,641","66,55","R$ 14,64 (66,55%)","R$ 14,64 (66,55%)","636,9733969697","636,9733969697","636,9733969697","636,9733969697",,,,,,,,,,,,,,
d4ciAFlISWC8yfhULkhPFA,limaeliseu016@gmail.com,,Tapioca Doce - Nutella,21,1,44,"144,32","33,8664516129","7,0923333333","7,0923333333","33,773015873","34,3277773256","R$ 7,09 (33,77%)","1,2992208485",5,"12,8576666667","61,226984127","R$ 12,86 (61,23%)","R$ 12,86 (61,23%)","636,9733969697","636,9733969697","636,9733969697","636,9733969697",,,,,,,,,,,,,,
4Hl6jQnSRqmayOl-5B-4wQ,limaeliseu016@gmail.com,,Picolés de aguá,5,1,44,"144,32","33,8664516129","1,45","1,45",29,"34,3277773256","R$ 1,45 (29,00%)","1,2992208485",5,"3,3",66,"R$ 3,30 (66,00%)","R$ 3,30 (66,00%)","636,9733969697","636,9733969697","636,9733969697","636,9733969697",,,,,,,,,,,,,,
RauF3VPWR9OHTpVtBlW3Ew,limaeliseu016@gmail.com,,Picolé de leite ,7,1,44,"144,32","33,8664516129","1,85","1,85","26,4285714286","34,3277773256","R$ 1,85 (26,43%)","1,2992208485",5,"4,8","68,5714285714","R$ 4,80 (68,57%)","R$ 4,80 (68,57%)","636,9733969697","636,9733969697","636,9733969697","636,9733969697",,,,,,,,,,,,,,
zU36QSzESROg44T1Vpuc5A,limaeliseu016@gmail.com,,Adicional Nutella,10,1,44,"144,32","33,8664516129","3,3333333333","3,3333333333","33,3333333333","34,3277773256","R$ 3,33 (33,33%)","1,2992208485",5,"6,1666666667","61,6666666667","R$ 6,17 (61,67%)","R$ 6,17 (61,67%)","636,9733969697","636,9733969697","636,9733969697","636,9733969697",,,,,,,,,,,,,,
iQZ0D-d-R.-lcJt8FUxg6A,limaeliseu016@gmail.com,,Adicional Paçoca,5,1,44,"144,32","33,8664516129","0,7384615385","0,7384615385","14,7692307692","34,3277773256","R$ 0,74 (14,77%)","1,2992208485",5,"4,0115384615","80,2307692308","R$ 4,01 (80,23%)","R$ 4,01 (80,23%)","636,9733969697","636,9733969697","636,9733969697","636,9733969697",,,,,,,,,,,,,,
sfuXlz7DRJuf3tuUIui8RQ,limaeliseu016@gmail.com,,Adicional KitKat,10,1,44,"144,32","33,8664516129","3,7495833333","3,7495833333","37,4958333333","34,3277773256","R$ 3,75 (37,50%)","1,2992208485",5,"5,7504166667","57,5041666667","R$ 5,75 (57,50%)","R$ 5,75 (57,50%)","636,9733969697","636,9733969697","636,9733969697","636,9733969697",,,,,,,,,,,,,,
btzY2FLATPiBLsto9ZrBxw,limaeliseu016@gmail.com,,Adicional oreo,5,1,44,"144,32","33,8664516129","1,845","1,845","36,9","34,3277773256","R$ 1,85 (36,90%)","1,2992208485",5,"2,905","58,1","R$ 2,91 (58,10%)","R$ 2,91 (58,10%)","636,9733969697","636,9733969697","636,9733969697","636,9733969697",,,,,,,,,,,,,,
yewOjXwrSkmavfv2SCH3-g,limaeliseu016@gmail.com,,Adicional de sonho de valsa,5,1,44,"144,32","33,8664516129","1,1198","1,1198","22,396","34,3277773256","R$ 1,12 (22,40%)","1,2992208485",5,"3,6302","72,604","R$ 3,63 (72,60%)","R$ 3,63 (72,60%)","636,9733969697","636,9733969697","636,9733969697","636,9733969697",,,,,,,,,,,,,,
RRdL8trAQg2T0j2eGb7rkg,limaeliseu016@gmail.com,,Adicional de ouro branco,5,1,44,"144,32","33,8664516129","1,1198","1,1198","22,396","34,3277773256","R$ 1,12 (22,40%)","1,2992208485",5,"3,6302","72,604","R$ 3,63 (72,60%)","R$ 3,63 (72,60%)","636,9733969697","636,9733969697","636,9733969697","636,9733969697",,,,,,,,,,,,,,
aZ8tQ9KsQAuezCd8d-Z.2g,limaeliseu016@gmail.com,,Adicional de chocoball,5,1,44,"144,32","33,8664516129","1,3374","1,3374","26,748","34,3277773256","R$ 1,34 (26,75%)","1,2992208485",5,"3,4126","68,252","R$ 3,41 (68,25%)","R$ 3,41 (68,25%)","636,9733969697","636,9733969697","636,9733969697","636,9733969697",,,,,,,,,,,,,,
6n0BZD2bQMSs2AKKjprxbw,limaeliseu016@gmail.com,,Adicional Creme de morango,7,1,44,"144,32","33,8664516129","1,54242","1,54242","22,0345714286","34,3277773256","R$ 1,54 (22,03%)","1,2992208485",5,"5,10758","72,9654285714","R$ 5,11 (72,97%)","R$ 5,11 (72,97%)","636,9733969697","636,9733969697","636,9733969697","636,9733969697",,,,,,,,,,,,,,
BH8oraqMTHqgiAgMjDqKqg,limaeliseu016@gmail.com,,Adicional de Creme de paçoca,7,1,44,"144,32","33,8664516129","0,89339","0,89339","12,7627142857","34,3277773256","R$ 0,89 (12,76%)","1,2992208485",5,"5,75661","82,2372857143","R$ 5,76 (82,24%)","R$ 5,76 (82,24%)","636,9733969697","636,9733969697","636,9733969697","636,9733969697",,,,,,,,,,,,,,
u0zOhJd-Sp6OP0EfvBd1ww,limaeliseu016@gmail.com,,Adicional de Creme de ninho,7,1,44,"144,32","33,8664516129","1,63959","1,63959","23,4227142857","34,3277773256","R$ 1,64 (23,42%)","1,2992208485",5,"5,01041","71,5772857143","R$ 5,01 (71,58%)","R$ 5,01 (71,58%)","636,9733969697","636,9733969697","636,9733969697","636,9733969697",,,,,,,,,,,,,,
i3.UpjsORdKL3a8d.JlM4w,limaeliseu016@gmail.com,,Adicional de Creme de kitkat,7,1,44,"144,32","33,8664516129","2,4969","2,4969","35,67","34,3277773256","R$ 2,50 (35,67%)","1,2992208485",5,"4,1531","59,33","R$ 4,15 (59,33%)","R$ 4,15 (59,33%)","636,9733969697","636,9733969697","636,9733969697","636,9733969697",,,,,,,,,,,,,,
CSWl8CxNRBqOnc9q.vPIfw,limaeliseu016@gmail.com,,Adicional de Creme de Ovo maltine,10,1,44,"144,32","33,8664516129","2,3426619048","2,3426619048","23,4266190476","34,3277773256","R$ 2,34 (23,43%)","1,2992208485",5,"7,1573380952","71,5733809524","R$ 7,16 (71,57%)","R$ 7,16 (71,57%)","636,9733969697","636,9733969697","636,9733969697","636,9733969697",,,,,,,,,,,,,,
bKjL2mV8SJq5eNpALz6caw,limaeliseu016@gmail.com,,Adicional de Manga,3,1,44,"144,32","33,8664516129","0,12","0,12",4,"34,3277773256","R$ 0,12 (4,00%)","1,2992208485",5,"2,73",91,"R$ 2,73 (91,00%)","R$ 2,73 (91,00%)","636,9733969697","636,9733969697","636,9733969697","636,9733969697",,,,,,,,,,,,,,
1aTttsKmRTyDd2-0ZX4dhA,limaeliseu016@gmail.com,,Adicional de kiwi,3,1,44,"144,32","33,8664516129","0,0666666667","0,0666666667","2,2222222222","34,3277773256","R$ 0,07 (2,22%)","1,2992208485",5,"2,7833333333","92,7777777778","R$ 2,78 (92,78%)","R$ 2,78 (92,78%)","636,9733969697","636,9733969697","636,9733969697","636,9733969697",,,,,,,,,,,,,,
0qDK01fyQ3qq9M1naiRQiA,limaeliseu016@gmail.com,,Adicional de Uva,5,1,44,"144,32","33,8664516129","1,4285714286","1,4285714286","28,5714285714","34,3277773256","R$ 1,43 (28,57%)","1,2992208485",5,"3,3214285714","66,4285714286","R$ 3,32 (66,43%)","R$ 3,32 (66,43%)","636,9733969697","636,9733969697","636,9733969697","636,9733969697",,,,,,,,,,,,,,
l2fAWqwGQq2WIaUl9ekPRw,limaeliseu016@gmail.com,,Açaí comum - Clássico 500ml Banana + Granola,"29,99",1,44,"144,32","33,8664516129","9,5317166667","9,5317166667","31,7829832166","34,3277773256","R$ 9,53 (31,78%)","1,2992208485",5,"18,9587833333","63,2170167834","R$ 18,96 (63,22%)","R$ 18,96 (63,22%)","636,9733969697","636,9733969697","636,9733969697","636,9733969697",,,,,,,,,,,,,,
GXRa6yUeTvOc5kus9Kfv2Q,limaeliseu016@gmail.com,,Açaí Tropical de frutas 500ml no copo morango+banana+uva+leite condensado,"29,99",1,44,"144,32","33,8664516129","10,253446381","10,253446381","34,1895511202","34,3277773256","R$ 10,25 (34,19%)","1,2992208485",5,"18,237053619","60,8104488798","R$ 18,24 (60,81%)","R$ 18,24 (60,81%)","636,9733969697","636,9733969697","636,9733969697","636,9733969697",,,,,,,,,,,,,,
ttVdz3o2TACqQzscYPs5pQ,limaeliseu016@gmail.com,,Açaí na tigela 300ml Morango+leite condensado+leite em pó,"28,9",1,44,"144,32","33,8664516129","9,5614666667","9,5614666667","33,0846597463","34,3277773256","R$ 9,56 (33,08%)","1,2992208485",5,"17,8935333333","61,9153402537","R$ 17,89 (61,92%)","R$ 17,89 (61,92%)","636,9733969697","636,9733969697","636,9733969697","636,9733969697",,,,,,,,,,,,,,
783MFpGOT-mSvmwgKvTmbA,limaeliseu016@gmail.com,,Açaí na tigela 500ml +morango+leite condensado+leite em pó,"30,99",1,44,"144,32","33,8664516129","9,6088166667","9,6088166667","31,0061847908","34,3277773256","R$ 9,61 (31,01%)","1,2992208485",5,"19,8316833333","63,9938152092","R$ 19,83 (63,99%)","R$ 19,83 (63,99%)","636,9733969697","636,9733969697","636,9733969697","636,9733969697",,,,,,,,,,,,,,
VsvpuWWlTyyodBKDIUOOTg,diadepizzatreslagoas@gmail.com,,Pizza Gigante - Mussarela,"89,99",1,44,"144,32","33,8664516129",,,,"34,3277773256", (),"1,2992208485",5,"85,4905",95,"R$ 85,49 (95,00%)",,"636,9733969697","636,9733969697","636,9733969697","636,9733969697",,,,,,,,,,,,,,
YrxM.pvuRviLlvOEoeE2Qw,diadepizzatreslagoas@gmail.com,,Pizza Gigante - Bacon,"89,99",1,44,"144,32","33,8664516129",,,,"34,3277773256", (),"1,2992208485",5,"85,4905",95,"R$ 85,49 (95,00%)",,"636,9733969697","636,9733969697","636,9733969697","636,9733969697",,,,,,,,,,,,,,
UJP8bh-oTAWczs-OXd.1Cw,diadepizzatreslagoas@gmail.com,,Pizza Gigante - Ferrúcio,95,1,44,"144,32","33,8664516129",,,,"34,3277773256", (),"1,2992208485",5,"90,25",95,"R$ 90,25 (95,00%)",,"636,9733969697","636,9733969697","636,9733969697","636,9733969697",,,,,,,,,,,,,,
Laym25CFTd-EfDc.ikCG1A,diadepizzatreslagoas@gmail.com,,Pizza Gigante - Americana,95,1,44,"144,32","33,8664516129",,,,"34,3277773256", (),"1,2992208485",5,"90,25",95,"R$ 90,25 (95,00%)",,"636,9733969697","636,9733969697","636,9733969697","636,9733969697",,,,,,,,,,,,,,
XmWzAKbdTt-JeXaFyjPKxg,diadepizzatreslagoas@gmail.com,,Pizza Gigante - Calabresa,"89,99",1,44,"144,32","33,8664516129",,,,"34,3277773256", (),"1,2992208485",5,"85,4905",95,"R$ 85,49 (95,00%)",,"636,9733969697","636,9733969697","636,9733969697","636,9733969697",,,,,,,,,,,,,,
HsdyCK3GRYaeUA-dKPd-ug,limaeliseu016@gmail.com,,Combo casal 2x Açai na tigela +acrescimos a  escolha -300ml,"43,98",1,44,"144,32","33,8664516129","16,0528474359","16,0528474359","36,500335234","34,3277773256","R$ 16,05 (36,50%)","1,2992208485",5,"25,7281525641","58,499664766","R$ 25,73 (58,50%)","R$ 25,73 (58,50%)","636,9733969697","636,9733969697","636,9733969697","636,9733969697",,,,,,,,,,,,,,
NM3pvKELRLaAD7HKQ1Pevw,diadepizzatreslagoas@gmail.com,,Pizza Gigante - Portuguesa,"89,99",1,44,"144,32","33,8664516129",,,,"34,3277773256", (),"1,2992208485",5,"85,4905",95,"R$ 85,49 (95,00%)",,"636,9733969697","636,9733969697","636,9733969697","636,9733969697",,,,,,,,,,,,,,
RsP9XyYFTmu0S7F-SFunOA,diadepizzatreslagoas@gmail.com,,Pizza Gigante - Portuguesa Especial,"99,99",1,44,"144,32","33,8664516129",,,,"34,3277773256", (),"1,2992208485",5,"94,9905",95,"R$ 94,99 (95,00%)",,"636,9733969697","636,9733969697","636,9733969697","636,9733969697",,,,,,,,,,,,,,
icAJ7PpGRDOun0bw9WAX5w,limaeliseu016@gmail.com,,Combo casal 2x açai no copo + acrescimos a sua escolha - 300ml,"52,99",1,44,"144,32","33,8664516129","11,4298107692","11,4298107692","21,5697504609","34,3277773256","R$ 11,43 (21,57%)","1,2992208485",5,"38,9106892308","73,4302495391","R$ 38,91 (73,43%)","R$ 38,91 (73,43%)","636,9733969697","636,9733969697","636,9733969697","636,9733969697",,,,,,,,,,,,,,
ck6npGy4QxOuh0TZzAOc9w,limaeliseu016@gmail.com,,Combo Triplo 3x açai na tigela + acrescimos a escolha - 300ml,"63,99",1,44,"144,32","33,8664516129","21,1974930769","21,1974930769","33,1262589106","34,3277773256","R$ 21,20 (33,13%)","1,2992208485",5,"39,5930069231","61,8737410894","R$ 39,59 (61,87%)","R$ 39,59 (61,87%)","636,9733969697","636,9733969697","636,9733969697","636,9733969697",,,,,,,,,,,,,,
HMmRBAciSwG4gd3eZTf6hQ,limaeliseu016@gmail.com,,Combo triple açai 3x No copo + acrescimos a escolha - 500ml,"79,99",1,44,"144,32","33,8664516129","21,7641828205","21,7641828205","27,2086296043","34,3277773256","R$ 21,76 (27,21%)","1,2992208485",5,"54,2263171795","67,7913703957","R$ 54,23 (67,79%)","R$ 54,23 (67,79%)","636,9733969697","636,9733969697","636,9733969697","636,9733969697",,,,,,,,,,,,,,
rU-pN5WHQGGgpPi0OIu3hw,limaeliseu016@gmail.com,,fondue Medio,38,1,44,"144,32","33,8664516129","11,2112541254","11,2112541254","29,50330033","34,3277773256","R$ 11,21 (29,50%)","1,2992208485",5,"24,8887458746","65,49669967","R$ 24,89 (65,50%)","R$ 24,89 (65,50%)","636,9733969697","636,9733969697","636,9733969697","636,9733969697",,,,,,,,,,,,,,
yxCCKC7BRfGq19lbvd3-pg,limaeliseu016@gmail.com,,Açai 1 litro - Montado no pote,"37,99",1,44,"144,32","33,8664516129","11,1302333333","11,1302333333","29,2977976661","34,3277773256","R$ 11,13 (29,30%)","1,2992208485",5,"24,9602666667","65,7022023339","R$ 24,96 (65,70%)","R$ 24,96 (65,70%)","636,9733969697","636,9733969697","636,9733969697","636,9733969697",,,,,,,,,,,,,,
MGf8uH8kQb2sc8WgojyFlg,limaeliseu016@gmail.com,,Açai Kids - Copo de 300 Ml,"27,99",1,44,"144,32","33,8664516129","7,71072","7,71072","27,5481243301","34,3277773256","R$ 7,71 (27,55%)","1,2992208485",5,"18,87978","67,4518756699","R$ 18,88 (67,45%)","R$ 18,88 (67,45%)","636,9733969697","636,9733969697","636,9733969697","636,9733969697",,,,,,,,,,,,,,
sIKFF-unQZGWbw4l1nzxTA,limaeliseu016@gmail.com,,Trufado Açaitine - 300 ml,39,1,44,"144,32","33,8664516129","8,6877780952","8,6877780952","22,2763540904","34,3277773256","R$ 8,69 (22,28%)","1,2992208485",5,"28,3622219048","72,7236459096","R$ 28,36 (72,72%)","R$ 28,36 (72,72%)","636,9733969697","636,9733969697","636,9733969697","636,9733969697",,,,,,,,,,,,,,
x0Iu3WpTSTSuUMaaFubn3A,limaeliseu016@gmail.com,,Trufado de Açaitella - 300 ml,39,1,44,"144,32","33,8664516129","8,9927092308","8,9927092308","23,0582287968","34,3277773256","R$ 8,99 (23,06%)","1,2992208485",5,"28,0572907692","71,9417712032","R$ 28,06 (71,94%)","R$ 28,06 (71,94%)","636,9733969697","636,9733969697","636,9733969697","636,9733969697",,,,,,,,,,,,,,
J5o-MjHwREqwiA.LoRcjDw,edocessistemahunter@gmail.com,,Bombom - Nozes,"12,9",9,44,"144,32","33,8664516129","50,6971097561","5,6330121951","43,6667612025","34,3277773256","R$ 5,63 (43,67%)","1,2992208485",5,"6,6219878049","51,3332387975","R$ 6,62 (51,33%)","R$ 6,62 (51,33%)","636,9733969697","636,9733969697","636,9733969697","636,9733969697",,,,,,,,,,,,,,
5F0kNf3fRZG-y8QM5KaQfA,edocessistemahunter@gmail.com,,Bombom - Negresco,"16,99",8,44,"144,32","33,8664516129","52,1317208672","6,5164651084","38,3547092902","34,3277773256","R$ 6,52 (38,35%)","1,2992208485",5,"9,6240348916","56,6452907098","R$ 9,62 (56,65%)","R$ 9,62 (56,65%)","636,9733969697","636,9733969697","636,9733969697","636,9733969697",,,,,,,,,,,,,,
hXdpzjI9T6iEox2rqFWNNg,edocessistemahunter@gmail.com,,Copo - Ouro Branco,"41,99",10,44,"144,32","33,8664516129","136,1525609631","13,6152560963","32,4249966571","34,3277773256","R$ 13,62 (32,42%)","1,2992208485",5,"26,2752439037","62,5750033429","R$ 26,28 (62,58%)","R$ 26,28 (62,58%)","636,9733969697","636,9733969697","636,9733969697","636,9733969697",,,,,,,,,,,,,,
WzVa8pXSSFOVLGW3.XiVJg,edocessistemahunter@gmail.com,,Copo - Chocolatudo,"38,99",10,44,"144,32","33,8664516129","134,0467234578","13,4046723458","34,3797700584","34,3277773256","R$ 13,40 (34,38%)","1,2992208485",5,"23,6358276542","60,6202299416","R$ 23,64 (60,62%)","R$ 23,64 (60,62%)","636,9733969697","636,9733969697","636,9733969697","636,9733969697",,,,,,,,,,,,,,
wyZfpbeATtK8x.DPbHX.bg,edocessistemahunter@gmail.com,,Copo - Ferrero,"38,99",10,44,"144,32","33,8664516129","127,4839278833","12,7483927883","32,6965703727","34,3277773256","R$ 12,75 (32,70%)","1,2992208485",5,"24,2921072117","62,3034296273","R$ 24,29 (62,30%)","R$ 24,29 (62,30%)","636,9733969697","636,9733969697","636,9733969697","636,9733969697",,,,,,,,,,,,,,
WbWh02NrQ4qAZYuyFkzqaQ,edocessistemahunter@gmail.com,,Creme - Ao Leite,,519,44,"144,32","33,8664516129","12,391461336","0,023875648",,"34,3277773256","R$ 0,02 ()","1,2992208485",5,,, (), (),"636,9733969697","636,9733969697","636,9733969697","636,9733969697",,,,,,,,,,,,,,
SyCIG92aSIWOfl1sP5C80g,edocessistemahunter@gmail.com,,Creme - Branco,,590,44,"144,32","33,8664516129","13,0386600803","0,0220994239",,"34,3277773256","R$ 0,02 ()","1,2992208485",5,,, (), (),"636,9733969697","636,9733969697","636,9733969697","636,9733969697",,,,,,,,,,,,,,
q4trEES6TDygw0i771MxNQ,adrianorissi10@gmail.com,,Marmita pequena ,15,1,44,"144,32","33,8664516129","3,22705","3,22705","21,5136666667","34,3277773256","R$ 3,23 (21,51%)","1,2992208485",5,"11,02295","73,4863333333","R$ 11,02 (73,49%)","R$ 11,02 (73,49%)","636,9733969697","636,9733969697","636,9733969697","636,9733969697",,,,,,,,,,,,,,
daTwFDZ7SqyBuEL8r9hwTw,sushiloccotemakeria@gmail.com,,teste,30,1,44,"144,32","33,8664516129",21,21,70,"34,3277773256","R$ 21,00 (70,00%)","1,2992208485",5,"7,5",25,"R$ 7,50 (25,00%)","R$ 7,50 (25,00%)","636,9733969697","636,9733969697","636,9733969697","636,9733969697",,,,,,,,,,,,,,
HqjO9oMWQ86vWeOq04ZaRw,kelen.damaceno@gmail.com,,Marmita Alaminuta de Carne de Frango com Fritas (Aprox. 800g),"22,9",1,44,"144,32","33,8664516129","10,07924","10,07924","44,0141484716","34,3277773256","R$ 10,08 (44,01%)","1,2992208485",5,"11,67576","50,9858515284","R$ 11,68 (50,99%)","R$ 11,68 (50,99%)","636,9733969697","636,9733969697","636,9733969697","636,9733969697",,,,,,,,,,,,,,
XJRuOdeHRZm.FLnISHIeEw,edocessistemahunter@gmail.com,,Brownie ,,1,44,"144,32","33,8664516129","26,2720924092","26,2720924092",,"34,3277773256","R$ 26,27 ()","1,2992208485",5,,, (), (),"636,9733969697","636,9733969697","636,9733969697","636,9733969697",,,,,,,,,,,,,,
kle3nvmYRLWwoshfcOlAGA,edocessistemahunter@gmail.com,,Fatia Cookie - Kinder Bueno,"31,99",8,44,"144,32","33,8664516129","36,6018723577","4,5752340447","14,3020757884","34,3277773256","R$ 4,58 (14,30%)","1,2992208485",5,"25,8152659553","80,6979242116","R$ 25,82 (80,70%)","R$ 25,82 (80,70%)","636,9733969697","636,9733969697","636,9733969697","636,9733969697",,,,,,,,,,,,,,
9KLQHR.WTKeTUp7FuvZDdw,papitosburgerjc@gmail.com,,X-Burger  + Batata Frita 100g,"29,9",1,44,"144,32","33,8664516129","12,14","12,14","40,602006689","34,3277773256","R$ 12,14 (40,60%)","1,2992208485",5,"16,265","54,397993311","R$ 16,27 (54,40%)","R$ 16,27 (54,40%)","636,9733969697","636,9733969697","636,9733969697","636,9733969697",,,,,,,,,,,,,,
T.MOgFCxTemmBwU21WHT5A,yasmim.dcm@gmail.com,,Cookie Tradicional,"7,5",15,44,"144,32","33,8664516129","19,9372926829","1,3291528455","17,7220379404","34,3277773256","R$ 1,33 (17,72%)","1,2992208485",5,"5,7958471545","77,2779620596","R$ 5,80 (77,28%)","R$ 5,80 (77,28%)","636,9733969697","636,9733969697","636,9733969697","636,9733969697",,,,,,,,,,,,,,
a-VT46Oe1R8CN9hJxQa0ChA,classicosburguerstm@gmail.com,,smash fiat pick up ,18,1,44,"144,32","33,8664516129","5,6665992141","5,6665992141","31,4811067453","34,3277773256","R$ 5,67 (31,48%)","1,2992208485",5,"11,4334007859","63,5188932547","R$ 11,43 (63,52%)","R$ 11,43 (63,52%)","636,9733969697","636,9733969697","636,9733969697","636,9733969697",,,,,,,,,,,,,,
a.RhR3UltTqS5GQcrUKeUDQ,classicosburguerstm@gmail.com,,saveiro ,16,1,44,"144,32","33,8664516129","4,9455992141","4,9455992141","30,9099950884","34,3277773256","R$ 4,95 (30,91%)","1,2992208485",5,"10,2544007859","64,0900049116","R$ 10,25 (64,09%)","R$ 10,25 (64,09%)","636,9733969697","636,9733969697","636,9733969697","636,9733969697",,,,,,,,,,,,,,
tkAIJtRKQVa1Wqv3ZhVmPg,classicosburguerstm@gmail.com,,chevy 500,24,1,44,"144,32","33,8664516129","8,2621499388","8,2621499388","34,4256247449","34,3277773256","R$ 8,26 (34,43%)","1,2992208485",5,"14,5378500612","60,5743752551","R$ 14,54 (60,57%)","R$ 14,54 (60,57%)","636,9733969697","636,9733969697","636,9733969697","636,9733969697",,,,,,,,,,,,,,
0yI4S0vKS4q7S-mI5NaUFg,classicosburguerstm@gmail.com,,pampa,18,1,44,"144,32","33,8664516129","5,7411499388","5,7411499388","31,8952774377","34,3277773256","R$ 5,74 (31,90%)","1,2992208485",5,"11,3588500612","63,1047225623","R$ 11,36 (63,10%)","R$ 11,36 (63,10%)","636,9733969697","636,9733969697","636,9733969697","636,9733969697",,,,,,,,,,,,,,
YS1RIBepTUmRdoY.SV0H4w,limaeliseu016@gmail.com,,Vitamina 500ml,25,1,44,"144,32","33,8664516129","9,7821673846","9,7821673846","39,1286695385","34,3277773256","R$ 9,78 (39,13%)","1,2992208485",5,"13,9678326154","55,8713304615","R$ 13,97 (55,87%)","R$ 13,97 (55,87%)","636,9733969697","636,9733969697","636,9733969697","636,9733969697",,,,,,,,,,,,,,
c8E4ZhYTTPuHrFmZy2Xysg,limaeliseu016@gmail.com,,Vimatina 1l,40,1,44,"144,32","33,8664516129","19,5643347692","19,5643347692","48,9108369231","34,3277773256","R$ 19,56 (48,91%)","1,2992208485",5,"18,4356652308","46,0891630769","R$ 18,44 (46,09%)","R$ 18,44 (46,09%)","636,9733969697","636,9733969697","636,9733969697","636,9733969697",,,,,,,,,,,,,,
6rNs7Jn2QYW4hmoEZjRQNg,classicosburguerstm@gmail.com,,Batata frita pequena,10,1,44,"144,32","33,8664516129","2,24","2,24","22,4","34,3277773256","R$ 2,24 (22,40%)","1,2992208485",5,"7,26","72,6","R$ 7,26 (72,60%)","R$ 7,26 (72,60%)","636,9733969697","636,9733969697","636,9733969697","636,9733969697",,,,,,,,,,,,,,
a1PK91mMwZySRyynnYFj,classicosburguerstm@gmail.com,,Batata frita média ,14,1,44,"144,32","33,8664516129","3,584","3,584","25,6","34,3277773256","R$ 3,58 (25,60%)","1,2992208485",5,"9,716","69,4","R$ 9,72 (69,40%)","R$ 9,72 (69,40%)","636,9733969697","636,9733969697","636,9733969697","636,9733969697",,,,,,,,,,,,,,
VROjeXJcTnGcO8v6SZjsFQ,classicosburguerstm@gmail.com,,Batata pequena com cheddar e bacon ,15,1,44,"144,32","33,8664516129","4,6344990177","4,6344990177","30,8966601179","34,3277773256","R$ 4,63 (30,90%)","1,2992208485",5,"9,6155009823","64,1033398821","R$ 9,62 (64,10%)","R$ 9,62 (64,10%)","636,9733969697","636,9733969697","636,9733969697","636,9733969697",,,,,,,,,,,,,,
bxGtaFLQNdEQEcwTZjTe,classicosburguerstm@gmail.com,,Batata média com cheddar e bacon ,20,1,44,"144,32","33,8664516129","7,0562986248","7,0562986248","35,2814931238","34,3277773256","R$ 7,06 (35,28%)","1,2992208485",5,"11,9437013752","59,7185068762","R$ 11,94 (59,72%)","R$ 11,94 (59,72%)","636,9733969697","636,9733969697","636,9733969697","636,9733969697",,,,,,,,,,,,,,
o83pUJGlQLCI7Zoo2v733w,cesar.tavares.9938@gmail.com,,Pizza 40cm Mussarela,"69,9",1,44,"144,32","33,8664516129","15,93","15,93","22,7896995708","34,3277773256","R$ 15,93 (22,79%)","1,2992208485",5,"50,475","72,2103004292","R$ 50,48 (72,21%)","R$ 50,48 (72,21%)","636,9733969697","636,9733969697","636,9733969697","636,9733969697",,,,,,,,,,,,,,
KVl9XiXnTzK4BHCsta7KWA,joaogioia41@gmail.com,,Burguer Super Mega Walter,42,1,44,"144,32","33,8664516129","16,2263636364","16,2263636364","38,6341991342","34,3277773256","R$ 16,23 (38,63%)","1,2992208485",5,"23,6736363636","56,3658008658","R$ 23,67 (56,37%)","R$ 23,67 (56,37%)","636,9733969697","636,9733969697","636,9733969697","636,9733969697",,true,"23,6736363636","23,6736363636",42,"23,6736363636","23,6736363636","23,6736363636","23,6736363636","636,9733969697","636,9733969697","56,3658008658","38,6341991342","16,2263636364"
DMXyVZxKTbSlCMWNehnUTA,joaogioia41@gmail.com,,Burguer Walter Bacon,"33,99",1,44,"144,32","33,8664516129","10,655","10,655","31,3474551339","34,3277773256","R$ 10,66 (31,35%)","1,2992208485",5,"21,6355","63,6525448661","R$ 21,64 (63,65%)","R$ 21,64 (63,65%)","636,9733969697","636,9733969697","636,9733969697","636,9733969697",,true,"21,6355","21,6355","33,99","21,6355","21,6355","21,6355","21,6355","636,9733969697","636,9733969697","63,6525448661","31,3474551339","10,655"
sEaCtXvIQXKrY9oCLjkO8g,joaogioia41@gmail.com,,Walter Burguer,"28,99",1,44,"144,32","33,8664516129","10,175","10,175","35,098309762","34,3277773256","R$ 10,18 (35,10%)","1,2992208485",5,"17,3655","59,901690238","R$ 17,37 (59,90%)","R$ 17,37 (59,90%)","636,9733969697","636,9733969697","636,9733969697","636,9733969697",,true,"17,3655","17,3655","28,99","17,3655","17,3655","17,3655","17,3655","636,9733969697","636,9733969697","59,901690238","35,098309762","10,175"
9bXMPPabRcKlDyl5MR-92g,joaogioia41@gmail.com,,detroid smash,33,1,44,"144,32","33,8664516129","11,5","11,5","34,8484848485","34,3277773256","R$ 11,50 (34,85%)","1,2992208485",5,"19,85","60,1515151515","R$ 19,85 (60,15%)","R$ 19,85 (60,15%)","636,9733969697","636,9733969697","636,9733969697","636,9733969697",,true,"19,85","19,85",33,"19,85","19,85","19,85","19,85","636,9733969697","636,9733969697","60,1515151515","34,8484848485","11,5"
e6W9eU8DQauUVvhy5DIkHw,braseiro.burger19@gmail.com,,Oferta Hamburguer de Costela,"43,9",1,44,"144,32","33,8664516129","13,02","13,02","29,6583143508","34,3277773256","R$ 13,02 (29,66%)","1,2992208485",5,"28,685","65,3416856492","R$ 28,68 (65,34%)","R$ 28,68 (65,34%)","636,9733969697","636,9733969697","636,9733969697","636,9733969697",,,,,,,,,,,,,,
QtNqr6ztT4iZODaejh1d4w,,,,,,44,"144,32","33,8664516129",,,,"34,3277773256", (),"1,2992208485",5,,, (),,"636,9733969697","636,9733969697","636,9733969697","636,9733969697",,,,,,,,,,,,,,
3cBscoojQEC1gnJ2pjKsWQ,bbrancabuffet@gmail.com,,Marmita de Strogonoff,"27,99",1,44,"144,32","33,8664516129","4,7","4,7","16,7917113255","34,3277773256","R$ 4,70 (16,79%)","1,2992208485",5,"21,8905","78,2082886745","R$ 21,89 (78,21%)","R$ 21,89 (78,21%)","636,9733969697","636,9733969697","636,9733969697","636,9733969697",,,,,,,,,,,,,,
GH89DJ1fQC2bXZgKyls0bw,joaogioia41@gmail.com,,super walter,"33,99",1,44,"144,32","33,8664516129","11,7086363636","11,7086363636","34,4472973334","34,3277773256","R$ 11,71 (34,45%)","1,2992208485",5,"20,5818636364","60,5527026666","R$ 20,58 (60,55%)","R$ 20,58 (60,55%)","636,9733969697","636,9733969697","636,9733969697","636,9733969697",,true,"20,5818636364","20,5818636364","33,99","20,5818636364","20,5818636364","20,5818636364","20,5818636364","636,9733969697","636,9733969697","60,5527026666","34,4472973334","11,7086363636"
QRL1HSNWSaWH0SXd6Y3n-g,joaogioia41@gmail.com,,catubacon,33,1,44,"144,32","33,8664516129","8,88","8,88","26,9090909091","34,3277773256","R$ 8,88 (26,91%)","1,2992208485",5,"22,47","68,0909090909","R$ 22,47 (68,09%)","R$ 22,47 (68,09%)","636,9733969697","636,9733969697","636,9733969697","636,9733969697",,true,"22,47","22,47",33,"22,47","22,47","22,47","22,47","636,9733969697","636,9733969697","68,0909090909","26,9090909091","8,88"
a.CbvNoP7S7a3zTleOifkjQ,joaogioia41@gmail.com,,combo mini walter,"109,99",1,44,"144,32","33,8664516129","42,785","42,785","38,8989908173","34,3277773256","R$ 42,79 (38,90%)","1,2992208485",5,"61,7055","56,1010091827","R$ 61,71 (56,10%)","R$ 61,71 (56,10%)","636,9733969697","636,9733969697","636,9733969697","636,9733969697",,true,"61,7055","61,7055","109,99","61,7055","61,7055","61,7055","61,7055","636,9733969697","636,9733969697","56,1010091827","38,8989908173","42,785"
KwzfbA3jThavq7fqgTFS0A,joaogioia41@gmail.com,,waltinho,30,1,44,"144,32","33,8664516129","8,6","8,6","28,6666666667","34,3277773256","R$ 8,60 (28,67%)","1,2992208485",5,"19,9","66,3333333333","R$ 19,90 (66,33%)","R$ 19,90 (66,33%)","636,9733969697","636,9733969697","636,9733969697","636,9733969697",,true,"19,9","19,9",30,"19,9","19,9","19,9","19,9","636,9733969697","636,9733969697","66,3333333333","28,6666666667","8,6"
P5OO.EG2ReGPpZr-V8AITQ,joaogioia41@gmail.com,,onion barbecue,26,1,44,"144,32","33,8664516129","8,707","8,707","33,4884615385","34,3277773256","R$ 8,71 (33,49%)","1,2992208485",5,"15,993","61,5115384615","R$ 15,99 (61,51%)","R$ 15,99 (61,51%)","636,9733969697","636,9733969697","636,9733969697","636,9733969697",,true,"15,993","15,993",26,"15,993","15,993","15,993","15,993","636,9733969697","636,9733969697","61,5115384615","33,4884615385","8,707"
bPuOLaLnS3qxUnWWTcjZ.w,joaogioia41@gmail.com,,big salada ,"26,99",1,44,"144,32","33,8664516129","9,6","9,6","35,5687291589","34,3277773256","R$ 9,60 (35,57%)","1,2992208485",5,"16,0405","59,4312708411","R$ 16,04 (59,43%)","R$ 16,04 (59,43%)","636,9733969697","636,9733969697","636,9733969697","636,9733969697",,true,"16,0405","16,0405","26,99","16,0405","16,0405","16,0405","16,0405","636,9733969697","636,9733969697","59,4312708411","35,5687291589","9,6"
DUaRLW6LRs-AKZoc2OAOCw,joaogioia41@gmail.com,,walter caramelizadp,"29,99",1,44,"144,32","33,8664516129","10,3498","10,3498","34,5108369456","34,3277773256","R$ 10,35 (34,51%)","1,2992208485",5,"18,1407","60,4891630544","R$ 18,14 (60,49%)","R$ 18,14 (60,49%)","636,9733969697","636,9733969697","636,9733969697","636,9733969697",,true,"18,1407","18,1407","29,99","18,1407","18,1407","18,1407","18,1407","636,9733969697","636,9733969697","60,4891630544","34,5108369456","10,3498"
8JVmod.FTBGAcgdAsQ-KoA,joaogioia41@gmail.com,,catuburguer,27,1,44,"144,32","33,8664516129","7,1316666667","7,1316666667","26,4135802469","34,3277773256","R$ 7,13 (26,41%)","1,2992208485",5,"18,5183333333","68,5864197531","R$ 18,52 (68,59%)","R$ 18,52 (68,59%)","636,9733969697","636,9733969697","636,9733969697","636,9733969697",,true,"18,5183333333","18,5183333333",27,"18,5183333333","18,5183333333","18,5183333333","18,5183333333","636,9733969697","636,9733969697","68,5864197531","26,4135802469","7,1316666667"
28YmXE9GRKuX-lfTsJTxKw,joaogioia41@gmail.com,,walter one ,31,1,44,"144,32","33,8664516129","10,2886363636","10,2886363636","33,1891495601","34,3277773256","R$ 10,29 (33,19%)","1,2992208485",5,"19,1613636364","61,8108504399","R$ 19,16 (61,81%)","R$ 19,16 (61,81%)","636,9733969697","636,9733969697","636,9733969697","636,9733969697",,true,"19,1613636364","19,1613636364",31,"19,1613636364","19,1613636364","19,1613636364","19,1613636364","636,9733969697","636,9733969697","61,8108504399","33,1891495601","10,2886363636"
VNs4XjlRRuaODmaPatIEUw,joaogioia41@gmail.com,,duplo cheddar,34,1,44,"144,32","33,8664516129","12,2813666667","12,2813666667","36,1216666667","34,3277773256","R$ 12,28 (36,12%)","1,2992208485",5,"20,0186333333","58,8783333333","R$ 20,02 (58,88%)","R$ 20,02 (58,88%)","636,9733969697","636,9733969697","636,9733969697","636,9733969697",,true,"20,0186333333","20,0186333333",34,"20,0186333333","20,0186333333","20,0186333333","20,0186333333","636,9733969697","636,9733969697","58,8783333333","36,1216666667","12,2813666667"
boqvcHAOTXyBjrU9Ps.2WQ,joaogioia41@gmail.com,,onion bacon bbq,"31,99",1,44,"144,32","33,8664516129","11,067","11,067","34,5951859956","34,3277773256","R$ 11,07 (34,60%)","1,2992208485",5,"19,3235","60,4048140044","R$ 19,32 (60,40%)","R$ 19,32 (60,40%)","636,9733969697","636,9733969697","636,9733969697","636,9733969697",,true,"19,3235","19,3235","31,99","19,3235","19,3235","19,3235","19,3235","636,9733969697","636,9733969697","60,4048140044","34,5951859956","11,067"
teI6q7jyQ5CihQcSzvyyLg,joaogioia41@gmail.com,,walter one bbq,31,1,44,"144,32","33,8664516129","10,28","10,28","33,1612903226","34,3277773256","R$ 10,28 (33,16%)","1,2992208485",5,"19,17","61,8387096774","R$ 19,17 (61,84%)","R$ 19,17 (61,84%)","636,9733969697","636,9733969697","636,9733969697","636,9733969697",,true,"19,17","19,17",31,"19,17","19,17","19,17","19,17","636,9733969697","636,9733969697","61,8387096774","33,1612903226","10,28"
q3Rxx-7IRESDJDOVt2s54A,joaogioia41@gmail.com,,quarteirão,25,1,44,"144,32","33,8664516129","8,755","8,755","35,02","34,3277773256","R$ 8,76 (35,02%)","1,2992208485",5,"14,995","59,98","R$ 15,00 (59,98%)","R$ 15,00 (59,98%)","636,9733969697","636,9733969697","636,9733969697","636,9733969697",,true,"14,995","14,995",25,"14,995","14,995","14,995","14,995","636,9733969697","636,9733969697","59,98","35,02","8,755"
vhlUXPjESBO4wGUS3A-6Ng,joaogioia41@gmail.com,,super cheddar,"32,99",1,44,"144,32","33,8664516129","10,4031333333","10,4031333333","31,5342022835","34,3277773256","R$ 10,40 (31,53%)","1,2992208485",5,"20,9373666667","63,4657977165","R$ 20,94 (63,47%)","R$ 20,94 (63,47%)","636,9733969697","636,9733969697","636,9733969697","636,9733969697",,true,"20,9373666667","20,9373666667","32,99","20,9373666667","20,9373666667","20,9373666667","20,9373666667","636,9733969697","636,9733969697","63,4657977165","31,5342022835","10,4031333333"
k11QT4AbTXma.agmxHsFSw,joaogioia41@gmail.com,,walter bacon spicy,"34,99",1,44,"144,32","33,8664516129","11,5266666667","11,5266666667","32,9427455463","34,3277773256","R$ 11,53 (32,94%)","1,2992208485",5,"21,7138333333","62,0572544537","R$ 21,71 (62,06%)","R$ 21,71 (62,06%)","636,9733969697","636,9733969697","636,9733969697","636,9733969697",,true,"21,7138333333","21,7138333333","34,99","21,7138333333","21,7138333333","21,7138333333","21,7138333333","636,9733969697","636,9733969697","62,0572544537","32,9427455463","11,5266666667"
9q0tBSijRv2.o6KHZ9WquQ,joaogioia41@gmail.com,,burguer smash duplo,30,1,44,"144,32","33,8664516129","10,64","10,64","35,4666666667","34,3277773256","R$ 10,64 (35,47%)","1,2992208485",5,"17,86","59,5333333333","R$ 17,86 (59,53%)","R$ 17,86 (59,53%)","636,9733969697","636,9733969697","636,9733969697","636,9733969697",,true,"17,86","17,86",30,"17,86","17,86","17,86","17,86","636,9733969697","636,9733969697","59,5333333333","35,4666666667","10,64"
CoTvczOlRCeJXcu2919Q9A,joaogioia41@gmail.com,,frangolino,23,1,44,"144,32","33,8664516129","8,17","8,17","35,5217391304","34,3277773256","R$ 8,17 (35,52%)","1,2992208485",5,"13,68","59,4782608696","R$ 13,68 (59,48%)","R$ 13,68 (59,48%)","636,9733969697","636,9733969697","636,9733969697","636,9733969697",,true,"13,68","13,68",23,"13,68","13,68","13,68","13,68","636,9733969697","636,9733969697","59,4782608696","35,5217391304","8,17"
zlqOgwaQQGWnsqz7ZIsjng,joaogioia41@gmail.com,,ranch chicken spicy,26,1,44,"144,32","33,8664516129","9,0666666667","9,0666666667","34,8717948718","34,3277773256","R$ 9,07 (34,87%)","1,2992208485",5,"15,6333333333","60,1282051282","R$ 15,63 (60,13%)","R$ 15,63 (60,13%)","636,9733969697","636,9733969697","636,9733969697","636,9733969697",,true,"15,6333333333","15,6333333333",26,"15,6333333333","15,6333333333","15,6333333333","15,6333333333","636,9733969697","636,9733969697","60,1282051282","34,8717948718","9,0666666667"
we7R4JwVT.6.EQIl9QscMQ,muccacookies@gmail.com,,Cookie Brigadeiro Branco,"17,9",47,44,"144,32","33,8664516129","170,4583333333","3,6267730496","20,2613019533","34,3277773256","R$ 3,63 (20,26%)","1,2992208485",5,"13,3782269504","74,7386980467","R$ 13,38 (74,74%)","R$ 13,38 (74,74%)","636,9733969697","636,9733969697","636,9733969697","636,9733969697","64,295",,,,,,,,,,,,,
yNf8vF8ITFCZ30272sKs.g,muccacookies@gmail.com,,Cookie Duo Chocolate,"17,9",47,44,"144,32","33,8664516129","189,0504","4,0223489362","22,4712231071","34,3277773256","R$ 4,02 (22,47%)","1,2992208485",5,"12,9826510638","72,5287768929","R$ 12,98 (72,53%)","R$ 12,98 (72,53%)","636,9733969697","636,9733969697","636,9733969697","636,9733969697","119,5854",,,,,,,,,,,,,
LmHImCUWSXeW.sWHPUYKtw,muccacookies@gmail.com,,Cookie de Red Velvet,"17,9",47,44,"144,32","33,8664516129","191,2478333333","4,0691028369","22,7324180831","34,3277773256","R$ 4,07 (22,73%)","1,2992208485",5,"12,9358971631","72,2675819169","R$ 12,94 (72,27%)","R$ 12,94 (72,27%)","636,9733969697","636,9733969697","636,9733969697","636,9733969697","113,7578333333",,,,,,,,,,,,,
ZMonAyeOTL651B92PreDsg,muccacookies@gmail.com,,Cookie Duplo Ninho,"17,9",47,44,"144,32","33,8664516129","185,6154","3,9492638298","22,0629264234","34,3277773256","R$ 3,95 (22,06%)","1,2992208485",5,"13,0557361702","72,9370735766","R$ 13,06 (72,94%)","R$ 13,06 (72,94%)","636,9733969697","636,9733969697","636,9733969697","636,9733969697","119,5854",,,,,,,,,,,,,
AVeIdDSuSteeQUeY-Ux4sQ,muccacookies@gmail.com,,Cookie de Ninho + Nutella,"17,9",47,44,"144,32","33,8664516129","186,2817333333","3,9634411348","22,1421292444","34,3277773256","R$ 3,96 (22,14%)","1,2992208485",5,"13,0415588652","72,8578707556","R$ 13,04 (72,86%)","R$ 13,04 (72,86%)","636,9733969697","636,9733969697","636,9733969697","636,9733969697","119,5854",,,,,,,,,,,,,
rbzG.FMARgCy1SXrc2u-uw,muccacookies@gmail.com,,CooKie de Pistache,"17,9",47,44,"144,32","33,8664516129","171,5591666667","3,6501950355","20,3921510361","34,3277773256","R$ 3,65 (20,39%)","1,2992208485",5,"13,3548049645","74,6078489639","R$ 13,35 (74,61%)","R$ 13,35 (74,61%)","636,9733969697","636,9733969697","636,9733969697","636,9733969697","105,4333333333",,,,,,,,,,,,,
pei.rOkASLmR3donvk4wLA,muccacookies@gmail.com,,Cookie de Red Velvet + Nutella,"17,9",47,44,"144,32","33,8664516129","178,4558333333","3,7969326241","21,2119141012","34,3277773256","R$ 3,80 (21,21%)","1,2992208485",5,"13,2080673759","73,7880858988","R$ 13,21 (73,79%)","R$ 13,21 (73,79%)","636,9733969697","636,9733969697","636,9733969697","636,9733969697","113,7578333333",,,,,,,,,,,,,
5QAw6uAEQtOg2CE6MqoWEg,muccacookies@gmail.com,,Cookie de Chocolate Branco,"17,9",47,44,"144,32","33,8664516129","106,1633333333","2,2587943262","12,6189627164","34,3277773256","R$ 2,26 (12,62%)","1,2992208485",5,"14,7462056738","82,3810372836","R$ 14,75 (82,38%)","R$ 14,75 (82,38%)","636,9733969697","636,9733969697","636,9733969697","636,9733969697","105,4333333333",,,,,,,,,,,,,
c6kQ5psGQ4uH31tPwKlPgg,muccacookies@gmail.com,,Cookie de Gotas de Chocolate,"17,9",47,44,"144,32","33,8664516129","94,9783375887","2,0208156934","11,2894731473","34,3277773256","R$ 2,02 (11,29%)","1,2992208485",5,"14,9841843066","83,7105268527","R$ 14,98 (83,71%)","R$ 14,98 (83,71%)","636,9733969697","636,9733969697","636,9733969697","636,9733969697","92,2849333333",,,,,,,,,,,,,
a-VwOaIwJRVuFwg2nWOV2yg,muccacookies@gmail.com,,Cookie Triplo Chocolate,"17,9",47,44,"144,32","33,8664516129","151,6504","3,2266042553","18,0257220968","34,3277773256","R$ 3,23 (18,03%)","1,2992208485",5,"13,7783957447","76,9742779032","R$ 13,78 (76,97%)","R$ 13,78 (76,97%)","636,9733969697","636,9733969697","636,9733969697","636,9733969697","119,5854",,,,,,,,,,,,,
fi.hnrWETDS7TPXR0bEsYA,muccacookies@gmail.com,,Cookie Duplo Chocolate,"17,9",47,44,"144,32","33,8664516129","120,3154","2,5599021277","14,3011292048","34,3277773256","R$ 2,56 (14,30%)","1,2992208485",5,"14,4450978723","80,6988707952","R$ 14,45 (80,70%)","R$ 14,45 (80,70%)","636,9733969697","636,9733969697","636,9733969697","636,9733969697","119,5854",,,,,,,,,,,,,
BON5sfDHQqGwvVYuUBhnTA,muccacookies@gmail.com,,Cookie de Nozes,"17,9",47,44,"144,32","33,8664516129","155,6969333333","3,3127007092","18,5067078727","34,3277773256","R$ 3,31 (18,51%)","1,2992208485",5,"13,6922992908","76,4932921273","R$ 13,69 (76,49%)","R$ 13,69 (76,49%)","636,9733969697","636,9733969697","636,9733969697","636,9733969697","154,9669333333",,,,,,,,,,,,,
eh9MEBAZTVebsJTKbzIZew,muccacookies@gmail.com,,Cookie de Macadâmia,"17,9",47,44,"144,32","33,8664516129","172,1633333333","3,6630496454","20,4639644994","34,3277773256","R$ 3,66 (20,46%)","1,2992208485",5,"13,3419503546","74,5360355006","R$ 13,34 (74,54%)","R$ 13,34 (74,54%)","636,9733969697","636,9733969697","636,9733969697","636,9733969697","105,4333333333",,,,,,,,,,,,,
ACsZfhG2RCeUbUHR.qhk4Q,muccacookies@gmail.com,,Cookie de Limão Siciliano,"17,9",47,44,"144,32","33,8664516129","112,5553333333","2,3947943262","13,3787392527","34,3277773256","R$ 2,39 (13,38%)","1,2992208485",5,"14,6102056738","81,6212607473","R$ 14,61 (81,62%)","R$ 14,61 (81,62%)","636,9733969697","636,9733969697","636,9733969697","636,9733969697","105,4333333333",,,,,,,,,,,,,
FxwcGRVgSVaNlk2iFsH4Dg,muccacookies@gmail.com,,Cookie de Goiabada com Queijo Canastra,"17,9",47,44,"144,32","33,8664516129","147,7233333333","3,1430496454","17,5589365664","34,3277773256","R$ 3,14 (17,56%)","1,2992208485",5,"13,8619503546","77,4410634336","R$ 13,86 (77,44%)","R$ 13,86 (77,44%)","636,9733969697","636,9733969697","636,9733969697","636,9733969697","105,4333333333",,,,,,,,,,,,,
vZMwMvoxSme9qf887vxcWQ,muccacookies@gmail.com,,Cookie de Churros,"17,9",36,44,"144,32","33,8664516129","66,4805","1,8466805556","10,3166511484","34,3277773256","R$ 1,85 (10,32%)","1,2992208485",5,"15,1583194444","84,6833488516","R$ 15,16 (84,68%)","R$ 15,16 (84,68%)","636,9733969697","636,9733969697","636,9733969697","636,9733969697","57,7705",,,,,,,,,,,,,
wXxcXcWsSFKp3SBILgN3Iw,muccacookies@gmail.com,,Cookie de Doce de Leite c/ Nozes,"17,9",47,44,"144,32","33,8664516129","163,6769333333","3,4824879433","19,4552399065","34,3277773256","R$ 3,48 (19,46%)","1,2992208485",5,"13,5225120567","75,5447600935","R$ 13,52 (75,54%)","R$ 13,52 (75,54%)","636,9733969697","636,9733969697","636,9733969697","636,9733969697","154,9669333333",,,,,,,,,,,,,
Xyewoq2cQGuQjJlHwweEMQ,muccacookies@gmail.com,,Cookie de Doce de Leite,"17,9",47,44,"144,32","33,8664516129","102,9583375887","2,1906029274","12,2380051811","34,3277773256","R$ 2,19 (12,24%)","1,2992208485",5,"14,8143970726","82,7619948189","R$ 14,81 (82,76%)","R$ 14,81 (82,76%)","636,9733969697","636,9733969697","636,9733969697","636,9733969697","92,2849333333",,,,,,,,,,,,,
QPnj1xUkSuKEHDFFA0ECYg,muccacookies@gmail.com,,"CooKie Tradicional de m&m""s","17,9",47,44,"144,32","33,8664516129","95,4783375887","2,0314539912","11,348904979","34,3277773256","R$ 2,03 (11,35%)","1,2992208485",5,"14,9735460088","83,651095021","R$ 14,97 (83,65%)","R$ 14,97 (83,65%)","636,9733969697","636,9733969697","636,9733969697","636,9733969697","92,2849333333",,,,,,,,,,,,,
cAwzBZAsRjS98-7qKJugkQ,muccacookies@gmail.com,,Cookie de Kinder Bueno,"17,9",47,44,"144,32","33,8664516129","216,4900042553","4,6061703033","25,7327949905","34,3277773256","R$ 4,61 (25,73%)","1,2992208485",5,"12,3988296967","69,2672050095","R$ 12,40 (69,27%)","R$ 12,40 (69,27%)","636,9733969697","636,9733969697","636,9733969697","636,9733969697","92,2849333333",,,,,,,,,,,,,
kr2kwQ72R--Mh9oelDNm6w,muccacookies@gmail.com,,Cookie de Paçoca,"17,9",47,44,"144,32","33,8664516129","320,2884680851","6,8146482571","38,0706606544","34,3277773256","R$ 6,81 (38,07%)","1,2992208485",5,"10,1903517429","56,9293393456","R$ 10,19 (56,93%)","R$ 10,19 (56,93%)","636,9733969697","636,9733969697","636,9733969697","636,9733969697","62,954",,,,,,,,,,,,,
1VODE3IuTamSdX0Nnbkx4w,muccacookies@gmail.com,,Cookie de Prestigio,"17,9",47,44,"144,32","33,8664516129","173,0730434043","3,6824051788","20,572095971","34,3277773256","R$ 3,68 (20,57%)","1,2992208485",5,"13,3225948212","74,427904029","R$ 13,32 (74,43%)","R$ 13,32 (74,43%)","636,9733969697","636,9733969697","636,9733969697","636,9733969697","119,5854",,,,,,,,,,,,,
bxVljbnnTfmncFZwltD3dw,muccacookies@gmail.com,,Cookie de Cocada Baiana,"17,9",47,44,"144,32","33,8664516129","214,9409767376","4,573212271","25,5486719051","34,3277773256","R$ 4,57 (25,55%)","1,2992208485",5,"12,431787729","69,4513280949","R$ 12,43 (69,45%)","R$ 12,43 (69,45%)","636,9733969697","636,9733969697","636,9733969697","636,9733969697","33,0061540426",,,,,,,,,,,,,
7iuSdDQ7R3WjVehNWX.gJA,muccacookies@gmail.com,,Cookie de Oreo,"17,9",47,44,"144,32","33,8664516129","202,1675968085","4,30143823","24,030381173","34,3277773256","R$ 4,30 (24,03%)","1,2992208485",5,"12,70356177","70,969618827","R$ 12,70 (70,97%)","R$ 12,70 (70,97%)","636,9733969697","636,9733969697","636,9733969697","636,9733969697","67,65",,,,,,,,,,,,,
5zT0rkBETICWoxAtcyvcAg,muccacookies@gmail.com,,Cookie de Oreo + Ninho,"17,9",47,44,"144,32","33,8664516129","199,8104","4,2512851064","23,750196125","34,3277773256","R$ 4,25 (23,75%)","1,2992208485",5,"12,7537148936","71,249803875","R$ 12,75 (71,25%)","R$ 12,75 (71,25%)","636,9733969697","636,9733969697","636,9733969697","636,9733969697","119,5854",,,,,,,,,,,,,
PMvmntWwRJaR2XPNaF5LeA,muccacookies@gmail.com,,Misto Quente,"11,9",1,44,"144,32","33,8664516129","6,813","6,813","57,2521008403","34,3277773256","R$ 6,81 (57,25%)","1,2992208485",5,"4,492","37,7478991597","R$ 4,49 (37,75%)","R$ 4,49 (37,75%)","636,9733969697","636,9733969697","636,9733969697","636,9733969697",,,,,,,,,,,,,,
qth1X7SGQTm-pnalfBD4mw,muccacookies@gmail.com,,Toast 4 Queijos,"25,9",1,44,"144,32","33,8664516129","11,434","11,434","44,1467181467","34,3277773256","R$ 11,43 (44,15%)","1,2992208485",5,"13,171","50,8532818533","R$ 13,17 (50,85%)","R$ 13,17 (50,85%)","636,9733969697","636,9733969697","636,9733969697","636,9733969697",,,,,,,,,,,,,,
OSLHHdOtS.G.S5XrsPtRnw,muccacookies@gmail.com,,Caprese,"18,9",1,44,"144,32","33,8664516129","8,24","8,24","43,5978835979","34,3277773256","R$ 8,24 (43,60%)","1,2992208485",5,"9,715","51,4021164021","R$ 9,71 (51,40%)","R$ 9,71 (51,40%)","636,9733969697","636,9733969697","636,9733969697","636,9733969697",,,,,,,,,,,,,,
zX4BV9AXS0ut7IGrUHeAbA,muccacookies@gmail.com,,Pain au Chocolat,"18,9",1,44,"144,32","33,8664516129","8,24","8,24","43,5978835979","34,3277773256","R$ 8,24 (43,60%)","1,2992208485",5,"9,715","51,4021164021","R$ 9,71 (51,40%)","R$ 9,71 (51,40%)","636,9733969697","636,9733969697","636,9733969697","636,9733969697",,,,,,,,,,,,,,
wCXY666JQfWQ94zwTDvpQw,muccacookies@gmail.com,,Croassant Francês,"18,9",1,44,"144,32","33,8664516129","8,24","8,24","43,5978835979","34,3277773256","R$ 8,24 (43,60%)","1,2992208485",5,"9,715","51,4021164021","R$ 9,71 (51,40%)","R$ 9,71 (51,40%)","636,9733969697","636,9733969697","636,9733969697","636,9733969697",,,,,,,,,,,,,,
O0-IZH-.S7C4eNhYY58anw,viveresorveteria25@gmail.com,,Casquinha 100ml,5,1,44,"144,32","33,8664516129","1,32","1,32","26,4","34,3277773256","R$ 1,32 (26,40%)","1,2992208485",5,"3,43","68,6","R$ 3,43 (68,60%)","R$ 3,43 (68,60%)","636,9733969697","636,9733969697","636,9733969697","636,9733969697",,,,,,,,,,,,,,
IMEah.vGSXaZEaJlLP2zfw,muccacookies@gmail.com,,"tortinha de franco c/requeilão Cozinha D"" Zira","16,9",1,44,"144,32","33,8664516129","7,74","7,74","45,798816568","34,3277773256","R$ 7,74 (45,80%)","1,2992208485",5,"8,315","49,201183432","R$ 8,31 (49,20%)","R$ 8,31 (49,20%)","636,9733969697","636,9733969697","636,9733969697","636,9733969697",,,,,,,,,,,,,,
B3SpiMnwQnuqkKej5Rxq9Q,muccacookies@gmail.com,,Pote de mini cookies + Nutella,"35,9",8,44,"144,32","33,8664516129","101,7796780142","12,7224597518","35,4386065509","34,3277773256","R$ 12,72 (35,44%)","1,2992208485",5,"21,3825402482","59,5613934491","R$ 21,38 (59,56%)","R$ 21,38 (59,56%)","636,9733969697","636,9733969697","636,9733969697","636,9733969697",,,,,,,,,,,,,,
vfytdEVdQpKT6QIR12Dcsg,muccacookies@gmail.com,,Pote de Sorvete ,"39,9",1,44,"144,32","33,8664516129","12,0975","12,0975","30,3195488722","34,3277773256","R$ 12,10 (30,32%)","1,2992208485",5,"25,8075","64,6804511278","R$ 25,81 (64,68%)","R$ 25,81 (64,68%)","636,9733969697","636,9733969697","636,9733969697","636,9733969697",,,,,,,,,,,,,,
X1c0uEjXQDCIUN2o7Xpp0g,muccacookies@gmail.com,,Chocolate mucca,"22,9",1,44,"144,32","33,8664516129","12,0555","12,0555","52,6441048035","34,3277773256","R$ 12,06 (52,64%)","1,2992208485",5,"9,6995","42,3558951965","R$ 9,70 (42,36%)","R$ 9,70 (42,36%)","636,9733969697","636,9733969697","636,9733969697","636,9733969697",,,,,,,,,,,,,,
QGG0WMUlTkyksuO1jjI44A,muccacookies@gmail.com,,Cappuccino Mucca,"22,9",1,44,"144,32","33,8664516129","9,445","9,445","41,2445414847","34,3277773256","R$ 9,45 (41,24%)","1,2992208485",5,"12,31","53,7554585153","R$ 12,31 (53,76%)","R$ 12,31 (53,76%)","636,9733969697","636,9733969697","636,9733969697","636,9733969697",,,,,,,,,,,,,,
GmTiM-AXTOOnjsbU43I8YA,muccacookies@gmail.com,,Coca Cola Zero,"7,2",1,44,"144,32","33,8664516129","3,83","3,83","53,1944444444","34,3277773256","R$ 3,83 (53,19%)","1,2992208485",5,"3,01","41,8055555556","R$ 3,01 (41,81%)","R$ 3,01 (41,81%)","636,9733969697","636,9733969697","636,9733969697","636,9733969697",,,,,,,,,,,,,,
kQlgS25yRYiuP5jNiGXQFA,muccacookies@gmail.com,,Coca Cola,"7,2",1,44,"144,32","33,8664516129","3,83","3,83","53,1944444444","34,3277773256","R$ 3,83 (53,19%)","1,2992208485",5,"3,01","41,8055555556","R$ 3,01 (41,81%)","R$ 3,01 (41,81%)","636,9733969697","636,9733969697","636,9733969697","636,9733969697",,,,,,,,,,,,,,
xufQzQ0MSLOgcHie6E3jtw,muccacookies@gmail.com,,Coca Cola 600ml,"9,9",1,44,"144,32","33,8664516129","5,86","5,86","59,1919191919","34,3277773256","R$ 5,86 (59,19%)","1,2992208485",5,"3,545","35,8080808081","R$ 3,54 (35,81%)","R$ 3,54 (35,81%)","636,9733969697","636,9733969697","636,9733969697","636,9733969697",,,,,,,,,,,,,,
a5oa162ESMmtQ2Rq73Fwqw,muccacookies@gmail.com,,Agua com gás,"6,2",1,44,"144,32","33,8664516129","2,58","2,58","41,6129032258","34,3277773256","R$ 2,58 (41,61%)","1,2992208485",5,"3,31","53,3870967742","R$ 3,31 (53,39%)","R$ 3,31 (53,39%)","636,9733969697","636,9733969697","636,9733969697","636,9733969697",,,,,,,,,,,,,,
p27MKn2ySw23Gt5FxcLwMA,muccacookies@gmail.com,,Caixa Presente,"11,9",1,44,"144,32","33,8664516129","4,79","4,79","40,2521008403","34,3277773256","R$ 4,79 (40,25%)","1,2992208485",5,"6,515","54,7478991597","R$ 6,52 (54,75%)","R$ 6,52 (54,75%)","636,9733969697","636,9733969697","636,9733969697","636,9733969697",,,,,,,,,,,,,,
ZjOD2sNjSQavmxhG2cQKEQ,alex.samira2308@gmail.com,Admin,burguer março ,"45,9",1,44,"144,32","33,8664516129","15,68","15,68","34,1612200436","34,3277773256","R$ 15,68 (34,16%)","1,2992208485",5,"27,925","60,8387799564","R$ 27,92 (60,84%)","R$ 27,92 (60,84%)","636,9733969697","636,9733969697","636,9733969697","636,9733969697",,,,,,,,,,,,,,
hSkyoyriR5Suq4dgEu7jCg,viveresorveteria25@gmail.com,,casquinha decorada 100 ml,"5,5",1,44,"144,32","33,8664516129","1,72","1,72","31,2727272727","34,3277773256","R$ 1,72 (31,27%)","1,2992208485",5,"3,505","63,7272727273","R$ 3,51 (63,73%)","R$ 3,51 (63,73%)","636,9733969697","636,9733969697","636,9733969697","636,9733969697",,,,,,,,,,,,,,
OzZP2p6IT0ebhYzVSITroQ,dilordpizzaria@gmail.com,,Pizza Grande Mussarela,"74,9",1,44,"144,32","33,8664516129","23,3644304348","23,3644304348","31,1941661346","34,3277773256","R$ 23,36 (31,19%)","1,2992208485",5,"47,7905695652","63,8058338654","R$ 47,79 (63,81%)","R$ 47,79 (63,81%)","636,9733969697","636,9733969697","636,9733969697","636,9733969697",,,,,,,,,,,,,,
NcZ1XlvjRjSCsnqo1wmiZQ,dilordpizzaria@gmail.com,,Pizza Grande Calabresa,"64,9",1,44,"144,32","33,8664516129","15,9418535117","15,9418535117","24,5637188162","34,3277773256","R$ 15,94 (24,56%)","1,2992208485",5,"45,7131464883","70,4362811838","R$ 45,71 (70,44%)","R$ 45,71 (70,44%)","636,9733969697","636,9733969697","636,9733969697","636,9733969697",,,,,,,,,,,,,,
X.JvZs8ISr6eBeRCcfq5Ng,adrianorissi10@gmail.com,,Promoção do frango a Milanesa,"29,9",1,44,"144,32","33,8664516129",,,,"34,3277773256", (),"1,2992208485",5,"28,405",95,"R$ 28,40 (95,00%)",,"636,9733969697","636,9733969697","636,9733969697","636,9733969697",,,,,,,,,,,,,,
WWSeL4vpRVW4ZQHxHmnWmA,adrianorissi10@gmail.com,,promo,39,1,44,"144,32","33,8664516129",,,,"34,3277773256", (),"1,2992208485",5,"37,05",95,"R$ 37,05 (95,00%)",,"636,9733969697","636,9733969697","636,9733969697","636,9733969697",,,,,,,,,,,,,,
kY.wGJOgSM6VJ6xug1YDbg,viveresorveteria25@gmail.com,,AÇÃI - SORVETE  1 KILO,"59,9",1,44,"144,32","33,8664516129","1,13944","1,13944","1,9022370618","34,3277773256","R$ 1,14 (1,90%)","1,2992208485",5,"55,76556","93,0977629382","R$ 55,77 (93,10%)","R$ 55,77 (93,10%)","636,9733969697","636,9733969697","636,9733969697","636,9733969697",,,,,,,,,,,,,,
vXCRLIgEQ72LbDncrMNe1Q,viveresorveteria25@gmail.com,,agua mineral ,3,1,44,"144,32","33,8664516129",0,0,0,"34,3277773256","R$ 0,00 (0,00%)","1,2992208485",5,"2,85",95,"R$ 2,85 (95,00%)","R$ 2,85 (95,00%)","636,9733969697","636,9733969697","636,9733969697","636,9733969697",,,,,,,,,,,,,,
bqCO7hMrQfKGU4Rj7p4Htw,viveresorveteria25@gmail.com,,sundae- chocolate morango 180 ml,12,1,44,"144,32","33,8664516129","4,08","4,08",34,"34,3277773256","R$ 4,08 (34,00%)","1,2992208485",5,"7,32",61,"R$ 7,32 (61,00%)","R$ 7,32 (61,00%)","636,9733969697","636,9733969697","636,9733969697","636,9733969697",,,,,,,,,,,,,,
hWYnmEdzSCqvDTQgRwLnVA,viveresorveteria25@gmail.com,,milk shake ovomaltine 400 ml,15,1,44,"144,32","33,8664516129","3,28","3,28","21,8666666667","34,3277773256","R$ 3,28 (21,87%)","1,2992208485",5,"10,97","73,1333333333","R$ 10,97 (73,13%)","R$ 10,97 (73,13%)","636,9733969697","636,9733969697","636,9733969697","636,9733969697",,,,,,,,,,,,,,
a.VKgL8sMShCfFWgIGDkHZg,viveresorveteria25@gmail.com,,TOP SUNDAE 300 ML,"15,9",1,44,"144,32","33,8664516129","5,06","5,06","31,8238993711","34,3277773256","R$ 5,06 (31,82%)","1,2992208485",5,"10,045","63,1761006289","R$ 10,05 (63,18%)","R$ 10,05 (63,18%)","636,9733969697","636,9733969697","636,9733969697","636,9733969697",,,,,,,,,,,,,,
XBrzlncLRXiF-eBl1iKUpA,viveresorveteria25@gmail.com,,MILK SHAKE OVOMALTINE 300 ML,14,1,44,"144,32","33,8664516129","6,28","6,28","44,8571428571","34,3277773256","R$ 6,28 (44,86%)","1,2992208485",5,"7,02","50,1428571429","R$ 7,02 (50,14%)","R$ 7,02 (50,14%)","636,9733969697","636,9733969697","636,9733969697","636,9733969697",,,,,,,,,,,,,,
HiJJgjTaTWeqVb-qeaLhZA,viveresorveteria25@gmail.com,,MILK SHAKE MORANGO 400 ML,15,1,44,"144,32","33,8664516129","6,68","6,68","44,5333333333","34,3277773256","R$ 6,68 (44,53%)","1,2992208485",5,"7,57","50,4666666667","R$ 7,57 (50,47%)","R$ 7,57 (50,47%)","636,9733969697","636,9733969697","636,9733969697","636,9733969697",,,,,,,,,,,,,,
zqfOWF17Qwm-w7R2iI7GvQ,viveresorveteria25@gmail.com,,MILK SHAKE MORANGO 300 ML,14,1,44,"144,32","33,8664516129","5,68","5,68","40,5714285714","34,3277773256","R$ 5,68 (40,57%)","1,2992208485",5,"7,62","54,4285714286","R$ 7,62 (54,43%)","R$ 7,62 (54,43%)","636,9733969697","636,9733969697","636,9733969697","636,9733969697",,,,,,,,,,,,,,
M6qabvbGS3Ckt-XkuMeYsw,viveresorveteria25@gmail.com,,MILK SHAKE FERREIRO ROCHE 300 ML,16,1,44,"144,32","33,8664516129","6,08","6,08",38,"34,3277773256","R$ 6,08 (38,00%)","1,2992208485",5,"9,12",57,"R$ 9,12 (57,00%)","R$ 9,12 (57,00%)","636,9733969697","636,9733969697","636,9733969697","636,9733969697",,,,,,,,,,,,,,
FYfwOE1aREW5aIXB2F9wNQ,viveresorveteria25@gmail.com,,MILK SHAKE FERREIRO ROCHE 400 ML,18,1,44,"144,32","33,8664516129","3,09","3,09","17,1666666667","34,3277773256","R$ 3,09 (17,17%)","1,2992208485",5,"14,01","77,8333333333","R$ 14,01 (77,83%)","R$ 14,01 (77,83%)","636,9733969697","636,9733969697","636,9733969697","636,9733969697",,,,,,,,,,,,,,
K4Kf1OLKSf-3edNo8aEnsg,viveresorveteria25@gmail.com,,ÁGUA COM GÁS,4,1,44,"144,32","33,8664516129",,,,"34,3277773256", (),"1,2992208485",5,"3,8",95,"R$ 3,80 (95,00%)",,"636,9733969697","636,9733969697","636,9733969697","636,9733969697",,,,,,,,,,,,,,
pdqrU1y8REKkyxz6JoUE-A,viveresorveteria25@gmail.com,,IMPERIAL 400 ML,"20,5",1,44,"144,32","33,8664516129",5,5,"24,3902439024","34,3277773256","R$ 5,00 (24,39%)","1,2992208485",5,"14,475","70,6097560976","R$ 14,48 (70,61%)","R$ 14,48 (70,61%)","636,9733969697","636,9733969697","636,9733969697","636,9733969697",,,,,,,,,,,,,,
1ISkjAwnQySXc.-qw6QtjQ,viveresorveteria25@gmail.com,,COPO SUNDAE ,1,1,44,"144,32","33,8664516129",,,,"34,3277773256", (),"1,2992208485",5,"0,95",95,"R$ 0,95 (95,00%)",,"636,9733969697","636,9733969697","636,9733969697","636,9733969697",,,,,,,,,,,,,,
9dhDn4PYSVCTopXUD2E0pw,viveresorveteria25@gmail.com,,CHOCOLATE QUENTE 120 ML,12,1,44,"144,32","33,8664516129",,,,"34,3277773256", (),"1,2992208485",5,"11,4",95,"R$ 11,40 (95,00%)",,"636,9733969697","636,9733969697","636,9733969697","636,9733969697",,,,,,,,,,,,,,
mwSUnco-QDagIkSsQ46Zbg,viveresorveteria25@gmail.com,,BROWNIE,18,1,44,"144,32","33,8664516129",,,,"34,3277773256", (),"1,2992208485",5,"17,1",95,"R$ 17,10 (95,00%)",,"636,9733969697","636,9733969697","636,9733969697","636,9733969697",,,,,,,,,,,,,,
a.3F1ajDKQrWkW7t.SEDoDw,viveresorveteria25@gmail.com,,MILK SHAKE CAFE ,15,1,44,"144,32","33,8664516129",,,,"34,3277773256", (),"1,2992208485",5,"14,25",95,"R$ 14,25 (95,00%)",,"636,9733969697","636,9733969697","636,9733969697","636,9733969697",,,,,,,,,,,,,,
FGQpNKfsRkyh7aINVK2.WA,kelen.damaceno@gmail.com,,Marmita Grande,"24,9",1,44,"144,32","33,8664516129","9,965","9,965","40,0200803213","34,3277773256","R$ 9,97 (40,02%)","1,2992208485",5,"13,69","54,9799196787","R$ 13,69 (54,98%)","R$ 13,69 (54,98%)","636,9733969697","636,9733969697","636,9733969697","636,9733969697",,,,,,,,,,,,,,
bhO7j4tFQ6aVG.51F3HJPA,kelen.damaceno@gmail.com,,Marmita pequena,"21,9",1,44,"144,32","33,8664516129","7,144","7,144","32,6210045662","34,3277773256","R$ 7,14 (32,62%)","1,2992208485",5,"13,661","62,3789954338","R$ 13,66 (62,38%)","R$ 13,66 (62,38%)","636,9733969697","636,9733969697","636,9733969697","636,9733969697",,,,,,,,,,,,,,
Ti4JA0vmRBOIr-5UUA0pbw,kelen.damaceno@gmail.com,,Marmitex Alaminuta Mista,"26,9",1,44,"144,32","33,8664516129","12,061","12,061","44,8364312268","34,3277773256","R$ 12,06 (44,84%)","1,2992208485",5,"13,494","50,1635687732","R$ 13,49 (50,16%)","R$ 13,49 (50,16%)","636,9733969697","636,9733969697","636,9733969697","636,9733969697",,,,,,,,,,,,,,
a-CNE3RVuR2Sqed20hz0zjQ,kelen.damaceno@gmail.com,,Marmitex Alaminuta de Peixe,"26,9",1,44,"144,32","33,8664516129","11,032","11,032","41,0111524164","34,3277773256","R$ 11,03 (41,01%)","1,2992208485",5,"14,523","53,9888475836","R$ 14,52 (53,99%)","R$ 14,52 (53,99%)","636,9733969697","636,9733969697","636,9733969697","636,9733969697",,,,,,,,,,,,,,
924-8kcYRlae9GMhN.9rUA,kelen.damaceno@gmail.com,,prato Italiano arroz,"29,9",1,44,"144,32","33,8664516129","8,05","8,05","26,9230769231","34,3277773256","R$ 8,05 (26,92%)","1,2992208485",5,"20,355","68,0769230769","R$ 20,35 (68,08%)","R$ 20,35 (68,08%)","636,9733969697","636,9733969697","636,9733969697","636,9733969697",,,,,,,,,,,,,,
425n8EGHTHWXrkENprGKRA,kelen.damaceno@gmail.com,,Prato Italiano Massa,"29,9",1,44,"144,32","33,8664516129","9,8","9,8","32,7759197324","34,3277773256","R$ 9,80 (32,78%)","1,2992208485",5,"18,605","62,2240802676","R$ 18,60 (62,22%)","R$ 18,60 (62,22%)","636,9733969697","636,9733969697","636,9733969697","636,9733969697",,,,,,,,,,,,,,
pf-XyUhhTPakXsVFyUz4TQ,kelen.damaceno@gmail.com,,Kit Galeto Massa,"74,9",1,44,"144,32","33,8664516129","22,11","22,11","29,5193591455","34,3277773256","R$ 22,11 (29,52%)","1,2992208485",5,"49,045","65,4806408545","R$ 49,05 (65,48%)","R$ 49,05 (65,48%)","636,9733969697","636,9733969697","636,9733969697","636,9733969697",,,,,,,,,,,,,,
5N1gw3HnREq.ZFDmc0qPOg,kelen.damaceno@gmail.com,,Kit galeto Arroz e Maionese,"79,9",1,44,"144,32","33,8664516129","19,21","19,21","24,0425531915","34,3277773256","R$ 19,21 (24,04%)","1,2992208485",5,"56,695","70,9574468085","R$ 56,70 (70,96%)","R$ 56,70 (70,96%)","636,9733969697","636,9733969697","636,9733969697","636,9733969697",,,,,,,,,,,,,,
viQj-3mmQ5eyTypzUufaVw,kelen.damaceno@gmail.com,,Porção Maionese 500g,"16,9",1,44,"144,32","33,8664516129","3,6","3,6","21,3017751479","34,3277773256","R$ 3,60 (21,30%)","1,2992208485",5,"12,455","73,6982248521","R$ 12,45 (73,70%)","R$ 12,45 (73,70%)","636,9733969697","636,9733969697","636,9733969697","636,9733969697",,,,,,,,,,,,,,
R90VoyWnSfWWwQJF8V2j1g,kelen.damaceno@gmail.com,,Polenta frita,"9,9",1,44,"144,32","33,8664516129","1,91","1,91","19,2929292929","34,3277773256","R$ 1,91 (19,29%)","1,2992208485",5,"7,495","75,7070707071","R$ 7,50 (75,71%)","R$ 7,50 (75,71%)","636,9733969697","636,9733969697","636,9733969697","636,9733969697",,,,,,,,,,,,,,
mXzhdmTaSo-sdmTLYyx7eg,kelen.damaceno@gmail.com,,aipim frito,"9,9",1,44,"144,32","33,8664516129","1,86","1,86","18,7878787879","34,3277773256","R$ 1,86 (18,79%)","1,2992208485",5,"7,545","76,2121212121","R$ 7,55 (76,21%)","R$ 7,55 (76,21%)","636,9733969697","636,9733969697","636,9733969697","636,9733969697",,,,,,,,,,,,,,
4e2wSO13S5KzHFijPxq06A,kelen.damaceno@gmail.com,,queijo frito,"19,9",1,44,"144,32","33,8664516129","8,26","8,26","41,5075376884","34,3277773256","R$ 8,26 (41,51%)","1,2992208485",5,"10,645","53,4924623116","R$ 10,65 (53,49%)","R$ 10,65 (53,49%)","636,9733969697","636,9733969697","636,9733969697","636,9733969697",,,,,,,,,,,,,,
nAe-gHLcQzSknSM8ydoHiQ,kelen.damaceno@gmail.com,,Massa Caseira,"19,9",1,44,"144,32","33,8664516129","8,8","8,8","44,2211055276","34,3277773256","R$ 8,80 (44,22%)","1,2992208485",5,"10,105","50,7788944724","R$ 10,11 (50,78%)","R$ 10,11 (50,78%)","636,9733969697","636,9733969697","636,9733969697","636,9733969697",,,,,,,,,,,,,,
bQMH7c.yQH2vFHfMZLzSIg,kelen.damaceno@gmail.com,,Pão de Alho,"6,9",1,44,"144,32","33,8664516129","3,06","3,06","44,347826087","34,3277773256","R$ 3,06 (44,35%)","1,2992208485",5,"3,495","50,652173913","R$ 3,50 (50,65%)","R$ 3,50 (50,65%)","636,9733969697","636,9733969697","636,9733969697","636,9733969697",,,,,,,,,,,,,,
inqOey36QFSS9fmFS9RFBw,kelen.damaceno@gmail.com,,Batata Frita Pequena,12,1,44,"144,32","33,8664516129","2,985","2,985","24,875","34,3277773256","R$ 2,99 (24,88%)","1,2992208485",5,"8,415","70,125","R$ 8,42 (70,13%)","R$ 8,42 (70,13%)","636,9733969697","636,9733969697","636,9733969697","636,9733969697",,,,,,,,,,,,,,
KgcDkbjkQwyRTAX6M2r--w,kelen.damaceno@gmail.com,,Batata Frita Grande,20,1,44,"144,32","33,8664516129","5,85","5,85","29,25","34,3277773256","R$ 5,85 (29,25%)","1,2992208485",5,"13,15","65,75","R$ 13,15 (65,75%)","R$ 13,15 (65,75%)","636,9733969697","636,9733969697","636,9733969697","636,9733969697",,,,,,,,,,,,,,
K-1IbLJbTh6UGFXkl5FT-w,kelen.damaceno@gmail.com,,arroz 500 gramas,9,1,44,"144,32","33,8664516129",1,1,"11,1111111111","34,3277773256","R$ 1,00 (11,11%)","1,2992208485",5,"7,55","83,8888888889","R$ 7,55 (83,89%)","R$ 7,55 (83,89%)","636,9733969697","636,9733969697","636,9733969697","636,9733969697",,,,,,,,,,,,,,
okBcth35TLmCzHjRu-viaQ,kelen.damaceno@gmail.com,,sobre coxa assada,"10,9",1,44,"144,32","33,8664516129","3,73","3,73","34,2201834862","34,3277773256","R$ 3,73 (34,22%)","1,2992208485",5,"6,625","60,7798165138","R$ 6,63 (60,78%)","R$ 6,63 (60,78%)","636,9733969697","636,9733969697","636,9733969697","636,9733969697",,,,,,,,,,,,,,
1yNcvZXzRXO-2KKOgNzEDA,kelen.damaceno@gmail.com,,Salsichão,"5,9",1,44,"144,32","33,8664516129","2,63","2,63","44,5762711864","34,3277773256","R$ 2,63 (44,58%)","1,2992208485",5,"2,975","50,4237288136","R$ 2,98 (50,42%)","R$ 2,98 (50,42%)","636,9733969697","636,9733969697","636,9733969697","636,9733969697",,,,,,,,,,,,,,
jOxY6pD4QQSwwILggo7UsA,kelen.damaceno@gmail.com,,coxa com sobre coxa,"12,9",1,44,"144,32","33,8664516129","2,73","2,73","21,1627906977","34,3277773256","R$ 2,73 (21,16%)","1,2992208485",5,"9,525","73,8372093023","R$ 9,53 (73,84%)","R$ 9,53 (73,84%)","636,9733969697","636,9733969697","636,9733969697","636,9733969697",,,,,,,,,,,,,,
rlNSMIGHTU-UNFhIUW1hDQ,kelen.damaceno@gmail.com,,coração de frango 1/2 espeto,"17,9",1,44,"144,32","33,8664516129","6,23","6,23","34,8044692737","34,3277773256","R$ 6,23 (34,80%)","1,2992208485",5,"10,775","60,1955307263","R$ 10,77 (60,20%)","R$ 10,77 (60,20%)","636,9733969697","636,9733969697","636,9733969697","636,9733969697",,,,,,,,,,,,,,
ySbcwjEjQQ6q0ebvi7p4gA,kelen.damaceno@gmail.com,,Costela de porco,"27,9",1,44,"144,32","33,8664516129","9,83","9,83","35,2329749104","34,3277773256","R$ 9,83 (35,23%)","1,2992208485",5,"16,675","59,7670250896","R$ 16,67 (59,77%)","R$ 16,67 (59,77%)","636,9733969697","636,9733969697","636,9733969697","636,9733969697",,,,,,,,,,,,,,
rWBdo2eCS4SRPf0GTdGKFQ,kelen.damaceno@gmail.com,,Lombo com Bacon,"27,9",1,44,"144,32","33,8664516129","14,23","14,23","51,0035842294","34,3277773256","R$ 14,23 (51,00%)","1,2992208485",5,"12,275","43,9964157706","R$ 12,28 (44,00%)","R$ 12,28 (44,00%)","636,9733969697","636,9733969697","636,9733969697","636,9733969697",,,,,,,,,,,,,,
9wqVHOJVSJqCJsykwZ1xOQ,kelen.damaceno@gmail.com,,Meio Frango,"34,9",1,44,"144,32","33,8664516129","14,4","14,4","41,2607449857","34,3277773256","R$ 14,40 (41,26%)","1,2992208485",5,"18,755","53,7392550143","R$ 18,76 (53,74%)","R$ 18,76 (53,74%)","636,9733969697","636,9733969697","636,9733969697","636,9733969697",,,,,,,,,,,,,,
1i2QPaPLTKCpTrWq7a9hgg,kelen.damaceno@gmail.com,,vazio assado,"37,9",1,44,"144,32","33,8664516129","18,09","18,09","47,7308707124","34,3277773256","R$ 18,09 (47,73%)","1,2992208485",5,"17,915","47,2691292876","R$ 17,92 (47,27%)","R$ 17,92 (47,27%)","636,9733969697","636,9733969697","636,9733969697","636,9733969697",,,,,,,,,,,,,,
H-xxlHgZRbiquj886s.oeQ,kelen.damaceno@gmail.com,,Maminha assada,"37,9",1,44,"144,32","33,8664516129","17,33","17,33","45,7255936675","34,3277773256","R$ 17,33 (45,73%)","1,2992208485",5,"18,675","49,2744063325","R$ 18,67 (49,27%)","R$ 18,67 (49,27%)","636,9733969697","636,9733969697","636,9733969697","636,9733969697",,,,,,,,,,,,,,
Tf4T4PuTShmkVhiiGNnEEw,kelen.damaceno@gmail.com,,Costela gado,"54,9",1,44,"144,32","33,8664516129","21,23","21,23","38,6703096539","34,3277773256","R$ 21,23 (38,67%)","1,2992208485",5,"30,925","56,3296903461","R$ 30,93 (56,33%)","R$ 30,93 (56,33%)","636,9733969697","636,9733969697","636,9733969697","636,9733969697",,,,,,,,,,,,,,
TRY.8oT3RSuOeCTIqwAH3g,kelen.damaceno@gmail.com,,Frango inteiro,"69,9",1,44,"144,32","33,8664516129","27,4","27,4","39,1988555079","34,3277773256","R$ 27,40 (39,20%)","1,2992208485",5,"39,005","55,8011444921","R$ 39,01 (55,80%)","R$ 39,01 (55,80%)","636,9733969697","636,9733969697","636,9733969697","636,9733969697",,,,,,,,,,,,,,
1JbHF1HHSJa4QqrL6Yu-hw,kelen.damaceno@gmail.com,,mix de Salada,"9,9",1,44,"144,32","33,8664516129","2,63","2,63","26,5656565657","34,3277773256","R$ 2,63 (26,57%)","1,2992208485",5,"6,775","68,4343434343","R$ 6,78 (68,43%)","R$ 6,78 (68,43%)","636,9733969697","636,9733969697","636,9733969697","636,9733969697",,,,,,,,,,,,,,
cch2STisQsOL63QKEcNyeQ,kelen.damaceno@gmail.com,,coca cola 2l,"17,9",1,44,"144,32","33,8664516129",9,9,"50,2793296089","34,3277773256","R$ 9,00 (50,28%)","1,2992208485",5,"8,005","44,7206703911","R$ 8,00 (44,72%)","R$ 8,00 (44,72%)","636,9733969697","636,9733969697","636,9733969697","636,9733969697",,,,,,,,,,,,,,
qCTo1LTiTKujWwN8idwbrw,kelen.damaceno@gmail.com,,coca cola zero 2L,"17,9",1,44,"144,32","33,8664516129",9,9,"50,2793296089","34,3277773256","R$ 9,00 (50,28%)","1,2992208485",5,"8,005","44,7206703911","R$ 8,00 (44,72%)","R$ 8,00 (44,72%)","636,9733969697","636,9733969697","636,9733969697","636,9733969697",,,,,,,,,,,,,,
tWhjCCtkSM-l8tDQsMe38g,kelen.damaceno@gmail.com,,coca cola Lata,"7,9",1,44,"144,32","33,8664516129","3,32","3,32","42,0253164557","34,3277773256","R$ 3,32 (42,03%)","1,2992208485",5,"4,185","52,9746835443","R$ 4,19 (52,97%)","R$ 4,19 (52,97%)","636,9733969697","636,9733969697","636,9733969697","636,9733969697",,,,,,,,,,,,,,
LzM5lFbERtCn96ohragCEw,kelen.damaceno@gmail.com,,coca cola  zero Lata,"7,9",1,44,"144,32","33,8664516129","3,35","3,35","42,4050632911","34,3277773256","R$ 3,35 (42,41%)","1,2992208485",5,"4,155","52,5949367089","R$ 4,16 (52,59%)","R$ 4,16 (52,59%)","636,9733969697","636,9733969697","636,9733969697","636,9733969697",,,,,,,,,,,,,,
4zP6x4ooQuyHli11USzhgQ,kelen.damaceno@gmail.com,,sprite 2l,"17,9",1,44,"144,32","33,8664516129","7,8","7,8","43,5754189944","34,3277773256","R$ 7,80 (43,58%)","1,2992208485",5,"9,205","51,4245810056","R$ 9,20 (51,42%)","R$ 9,20 (51,42%)","636,9733969697","636,9733969697","636,9733969697","636,9733969697",,,,,,,,,,,,,,
gA0NFiRNRoug0sHxcYIxmQ,kelen.damaceno@gmail.com,,Guarana Charrua 2l,"14,9",1,44,"144,32","33,8664516129",6,6,"40,2684563758","34,3277773256","R$ 6,00 (40,27%)","1,2992208485",5,"8,155","54,7315436242","R$ 8,16 (54,73%)","R$ 8,16 (54,73%)","636,9733969697","636,9733969697","636,9733969697","636,9733969697",,,,,,,,,,,,,,
PmLyawBCRaigMH9igOacSA,kelen.damaceno@gmail.com,,sprite 350,"7,9",1,44,"144,32","33,8664516129",3,3,"37,9746835443","34,3277773256","R$ 3,00 (37,97%)","1,2992208485",5,"4,505","57,0253164557","R$ 4,51 (57,03%)","R$ 4,51 (57,03%)","636,9733969697","636,9733969697","636,9733969697","636,9733969697",,,,,,,,,,,,,,
BQUmPXGIQ4ec20mA5uU3tw,kelen.damaceno@gmail.com,,Fanta Guarana Lata,"7,9",1,44,"144,32","33,8664516129",3,3,"37,9746835443","34,3277773256","R$ 3,00 (37,97%)","1,2992208485",5,"4,505","57,0253164557","R$ 4,51 (57,03%)","R$ 4,51 (57,03%)","636,9733969697","636,9733969697","636,9733969697","636,9733969697",,,,,,,,,,,,,,
aBKqVZrCQuGOTbRwfvh59w,kelen.damaceno@gmail.com,,fanta uva,"7,9",1,44,"144,32","33,8664516129","2,92","2,92","36,9620253165","34,3277773256","R$ 2,92 (36,96%)","1,2992208485",5,"4,585","58,0379746835","R$ 4,59 (58,04%)","R$ 4,59 (58,04%)","636,9733969697","636,9733969697","636,9733969697","636,9733969697",,,,,,,,,,,,,,
GNvyW3sTTnSclgSw-y3.Kw,kelen.damaceno@gmail.com,,fanta laranja,"7,9",1,44,"144,32","33,8664516129",3,3,"37,9746835443","34,3277773256","R$ 3,00 (37,97%)","1,2992208485",5,"4,505","57,0253164557","R$ 4,51 (57,03%)","R$ 4,51 (57,03%)","636,9733969697","636,9733969697","636,9733969697","636,9733969697",,,,,,,,,,,,,,
mUkCRtGRSPi.IRVqUJbnrw,kelen.damaceno@gmail.com,,SIMPLISÃO,"26,9",1,44,"144,32","33,8664516129","10,037","10,037","37,312267658","34,3277773256","R$ 10,04 (37,31%)","1,2992208485",5,"15,518","57,687732342","R$ 15,52 (57,69%)","R$ 15,52 (57,69%)","636,9733969697","636,9733969697","636,9733969697","636,9733969697",,,,,,,,,,,,,,
DXhJb.OGS5e.Z2QgeSjg6Q,adrianorissi10@gmail.com,,Maionese ,20,1,44,"144,32","33,8664516129",,,,"34,3277773256", (),"1,2992208485",5,19,95,"R$ 19,00 (95,00%)",,"636,9733969697","636,9733969697","636,9733969697","636,9733969697",,,,,,,,,,,,,,
ioNLZYAZlQ9Eu2Zb0yY8,adrianorissi10@gmail.com,,Maionese ,8,1,44,"144,32","33,8664516129","2,33","2,33","29,125","34,3277773256","R$ 2,33 (29,13%)","1,2992208485",5,"5,27","65,875","R$ 5,27 (65,88%)","R$ 5,27 (65,88%)","636,9733969697","636,9733969697","636,9733969697","636,9733969697",,,,,,,,,,,,,,
wRAWVjBMRIe6DO9-bZMigQ,eventospizzadoluiz@gmail.com,,Oferta Pizza em Dobro,"125,9",1,44,"144,32","33,8664516129","36,42","36,42","28,927720413","34,3277773256","R$ 36,42 (28,93%)","1,2992208485",5,"83,185","66,072279587","R$ 83,19 (66,07%)","R$ 83,19 (66,07%)","636,9733969697","636,9733969697","636,9733969697","636,9733969697",,,,,,,,,,,,,,
9eBRP1Z8StKDel4r2LvPKw,eventospizzadoluiz@gmail.com,,Combo 1 Pizza de Calabresa + Coca Cola 2L,"69,9",1,44,"144,32","33,8664516129","22,41","22,41","32,0600858369","34,3277773256","R$ 22,41 (32,06%)","1,2992208485",5,"43,995","62,9399141631","R$ 44,00 (62,94%)","R$ 44,00 (62,94%)","636,9733969697","636,9733969697","636,9733969697","636,9733969697",,,,,,,,,,,,,,
u4a4kmTsROKivX65eyrijw,limaeliseu016@gmail.com,,Copo 300ml Promoçao,"19,99",1,44,"144,32","33,8664516129","5,017944","5,017944","25,1022711356","34,3277773256","R$ 5,02 (25,10%)","1,2992208485",5,"13,972556","69,8977288644","R$ 13,97 (69,90%)","R$ 13,97 (69,90%)","636,9733969697","636,9733969697","636,9733969697","636,9733969697",,,,,,,,,,,,,,
e1ZBfLB5RnCkA13Khnb-Ng,limaeliseu016@gmail.com,,Copo Açaitella 300ml,32,1,44,"144,32","33,8664516129","8,9429297436","8,9429297436","27,9466554487","34,3277773256","R$ 8,94 (27,95%)","1,2992208485",5,"21,4570702564","67,0533445513","R$ 21,46 (67,05%)","R$ 21,46 (67,05%)","636,9733969697","636,9733969697","636,9733969697","636,9733969697",,,,,,,,,,,,,,
ekO.Ny4AQbyYoYg7V3L-Kw,limaeliseu016@gmail.com,,Ninho Splash Persnalizado 300ml,25,1,44,"144,32","33,8664516129","6,6321733333","6,6321733333","26,5286933333","34,3277773256","R$ 6,63 (26,53%)","1,2992208485",5,"17,1178266667","68,4713066667","R$ 17,12 (68,47%)","R$ 17,12 (68,47%)","636,9733969697","636,9733969697","636,9733969697","636,9733969697",,,,,,,,,,,,,,
Ugqvac-dSVqA3xaGx.HKAw,limaeliseu016@gmail.com,,açaitela promo ,22,1,44,"144,32","33,8664516129","6,28","6,28","28,5454545455","34,3277773256","R$ 6,28 (28,55%)","1,2992208485",5,"14,62","66,4545454545","R$ 14,62 (66,45%)","R$ 14,62 (66,45%)","636,9733969697","636,9733969697","636,9733969697","636,9733969697",,,,,,,,,,,,,,
b9-0TNTVQoaIIYRuQ1ifvw,limaeliseu016@gmail.com,,trufado açaitela promo ,30,1,44,"144,32","33,8664516129","8,99","8,99","29,9666666667","34,3277773256","R$ 8,99 (29,97%)","1,2992208485",5,"19,51","65,0333333333","R$ 19,51 (65,03%)","R$ 19,51 (65,03%)","636,9733969697","636,9733969697","636,9733969697","636,9733969697",,,,,,,,,,,,,,
a.tBkO4xDTmaI1Sn-q2utZA,morelygor@gmail.com,,Duplo Smash Salad,"27,5",1,44,"144,32","33,8664516129","6,98","6,98","25,3818181818","34,3277773256","R$ 6,98 (25,38%)","1,2992208485",5,"19,145","69,6181818182","R$ 19,15 (69,62%)","R$ 19,15 (69,62%)","636,9733969697","636,9733969697","636,9733969697","636,9733969697",,,,,,,,,,,,,,
DR3GSNsfShG2jT5qKAkEAQ,erickcaiasantana@gmail.com,erickcaiasantana@gmail.com,Duplo Smash Salad,"27,5",1,44,"144,32","33,8664516129","6,98","6,98","25,3818181818","34,3277773256","R$ 6,98 (25,38%)","1,2992208485",5,"19,145","69,6181818182","R$ 19,15 (69,62%)","R$ 19,15 (69,62%)","636,9733969697","636,9733969697","636,9733969697","636,9733969697",,,,,,,,,,,,,,
EeczYSA-TGGkJYPW3YHUIw,limaeliseu016@gmail.com,,Promoçao Açai na tigela 300ml,"27,99",1,44,"144,32","33,8664516129","9,2885833333","9,2885833333","33,1853638204","34,3277773256","R$ 9,29 (33,19%)","1,2992208485",5,"17,3019166667","61,8146361796","R$ 17,30 (61,81%)","R$ 17,30 (61,81%)","636,9733969697","636,9733969697","636,9733969697","636,9733969697",,,,,,,,,,,,,,
lSa.CGTJSha3nkZLy57wYQ,limaeliseu016@gmail.com,,"Promoçao Personalizado Paçoquita , 300ml ","19,99",1,44,"144,32","33,8664516129","3,0694487179","3,0694487179","15,3549210503","34,3277773256","R$ 3,07 (15,35%)","1,2992208485",5,"15,9210512821","79,6450789497","R$ 15,92 (79,65%)","R$ 15,92 (79,65%)","636,9733969697","636,9733969697","636,9733969697","636,9733969697",,,,,,,,,,,,,,
xOKqpu7KRnutJsXzcYmhWQ,limaeliseu016@gmail.com,,Combo 2x Tapioca de Nutella + Tapioca Calabresa catupiry,43,1,44,"144,32","33,8664516129","16,5133333333","16,5133333333","38,4031007752","34,3277773256","R$ 16,51 (38,40%)","1,2992208485",5,"24,3366666667","56,5968992248","R$ 24,34 (56,60%)","R$ 24,34 (56,60%)","636,9733969697","636,9733969697","636,9733969697","636,9733969697",,,,,,,,,,,,,,
fnnw8.nhSPCUKtsl6ZWJFw,alessandroscheibler@gmail.com,,Cookie,15,1,44,"144,32","33,8664516129","0,25","0,25","1,6666666667","34,3277773256","R$ 0,25 (1,67%)","1,2992208485",5,14,"93,3333333333","R$ 14,00 (93,33%)","R$ 14,00 (93,33%)","636,9733969697","636,9733969697","636,9733969697","636,9733969697",,,,,,,,,,,,,,
V5gwQfFARj2N20-X0-SyzA,limaeliseu016@gmail.com,,Promoçao Copo Simples 700ml,33,1,44,"144,32","33,8664516129","12,7640307692","12,7640307692","38,6788811189","34,3277773256","R$ 12,76 (38,68%)","1,2992208485",5,"18,5859692308","56,3211188811","R$ 18,59 (56,32%)","R$ 18,59 (56,32%)","636,9733969697","636,9733969697","636,9733969697","636,9733969697",,,,,,,,,,,,,,
a4igF2U5Rc2H3eY7FeMpGg,limaeliseu016@gmail.com,,Combo 2x Tapioca Doce Nutella,42,1,44,"144,32","33,8664516129","15,2616666667","15,2616666667","36,3373015873","34,3277773256","R$ 15,26 (36,34%)","1,2992208485",5,"24,6383333333","58,6626984127","R$ 24,64 (58,66%)","R$ 24,64 (58,66%)","636,9733969697","636,9733969697","636,9733969697","636,9733969697",,,,,,,,,,,,,,
pqxUUDofSGOUojVeDAOyVg,limaeliseu016@gmail.com,,Promoçao combo X2 basico Copo de 400ml,50,1,44,"144,32","33,8664516129","14,1461774359","14,1461774359","28,2923548718","34,3277773256","R$ 14,15 (28,29%)","1,2992208485",5,"33,3538225641","66,7076451282","R$ 33,35 (66,71%)","R$ 33,35 (66,71%)","636,9733969697","636,9733969697","636,9733969697","636,9733969697",,,,,,,,,,,,,,
cHcHptSZQOC42R2TzjJEvA,PIZZALIRAPINDA@GMAIL.COM,,Pizza de Lasanha,"68,9",1,44,"144,32","33,8664516129","20,5625555556","20,5625555556","29,8440574101","34,3277773256","R$ 20,56 (29,84%)","1,2992208485",5,"44,8924444444","65,1559425899","R$ 44,89 (65,16%)","R$ 44,89 (65,16%)","636,9733969697","636,9733969697","636,9733969697","636,9733969697",,,,,,,,,,,,,,
miH5oGtcQLyC84jnuo1EVA,dilordpizzaria@gmail.com,,Pizza Grande Alho e Óleo,"81,99",1,44,"144,32","33,8664516129","25,5671304348","25,5671304348","31,1832301924","34,3277773256","R$ 25,57 (31,18%)","1,2992208485",5,"52,3233695652","63,8167698076","R$ 52,32 (63,82%)","R$ 52,32 (63,82%)","636,9733969697","636,9733969697","636,9733969697","636,9733969697",,,,,,,,,,,,,,
yVxp5iVhSRaV6isL7UpTog,dilordpizzaria@gmail.com,,Pizza Grande Aliche,"106,99",1,44,"144,32","33,8664516129","37,9696535117","37,9696535117","35,4889742141","34,3277773256","R$ 37,97 (35,49%)","1,2992208485",5,"63,6708464883","59,5110257859","R$ 63,67 (59,51%)","R$ 63,67 (59,51%)","636,9733969697","636,9733969697","636,9733969697","636,9733969697",,,,,,,,,,,,,,
alOYaxNSQt2fYVOgR9FQ1w,dilordpizzaria@gmail.com,,Pizza Grande Americana,"92,99",1,44,"144,32","33,8664516129","40,4185201784","40,4185201784","43,4654480894","34,3277773256","R$ 40,42 (43,47%)","1,2992208485",5,"47,9219798216","51,5345519106","R$ 47,92 (51,53%)","R$ 47,92 (51,53%)","636,9733969697","636,9733969697","636,9733969697","636,9733969697",,,,,,,,,,,,,,
9EFdn7TPTuqEnN-p0XcZsA,dilordpizzaria@gmail.com,,Pizza Grande Atum,"99,99",1,44,"144,32","33,8664516129","42,8787230769","42,8787230769","42,8830113781","34,3277773256","R$ 42,88 (42,88%)","1,2992208485",5,"52,1117769231","52,1169886219","R$ 52,11 (52,12%)","R$ 52,11 (52,12%)","636,9733969697","636,9733969697","636,9733969697","636,9733969697",,,,,,,,,,,,,,
8sdszFR8ThGEO7gUMhnZkg,dilordpizzaria@gmail.com,,Pizza Grande Bacon,"87,99",1,44,"144,32","33,8664516129","33,8878535117","33,8878535117","38,5133009566","34,3277773256","R$ 33,89 (38,51%)","1,2992208485",5,"49,7026464883","56,4866990434","R$ 49,70 (56,49%)","R$ 49,70 (56,49%)","636,9733969697","636,9733969697","636,9733969697","636,9733969697",,,,,,,,,,,,,,
adPGpmTwRWulGGPHpaqBEA,dilordpizzaria@gmail.com,,Pizza Grande Baiana,"81,99",1,44,"144,32","33,8664516129","30,0778535117","30,0778535117","36,6847829146","34,3277773256","R$ 30,08 (36,68%)","1,2992208485",5,"47,8126464883","58,3152170854","R$ 47,81 (58,32%)","R$ 47,81 (58,32%)","636,9733969697","636,9733969697","636,9733969697","636,9733969697",,,,,,,,,,,,,,
B.CIhd6oQhiTPPqvgShDLg,dilordpizzaria@gmail.com,,Pizza Grande Brócolis com Alho,"92,99",1,44,"144,32","33,8664516129","29,6053304348","29,6053304348","31,8371119849","34,3277773256","R$ 29,61 (31,84%)","1,2992208485",5,"58,7351695652","63,1628880151","R$ 58,74 (63,16%)","R$ 58,74 (63,16%)","636,9733969697","636,9733969697","636,9733969697","636,9733969697",,,,,,,,,,,,,,
PnuUuKzNQvCMiv49Wz1wow,dilordpizzaria@gmail.com,,Pizza Grande Brócolis com Bacon,"92,99",1,44,"144,32","33,8664516129","33,4109304348","33,4109304348","35,9295950476","34,3277773256","R$ 33,41 (35,93%)","1,2992208485",5,"54,9295695652","59,0704049524","R$ 54,93 (59,07%)","R$ 54,93 (59,07%)","636,9733969697","636,9733969697","636,9733969697","636,9733969697",,,,,,,,,,,,,,
fd8E.sUHQiepx44.zqEfig,dilordpizzaria@gmail.com,,Pizza Grande Calábria,"99,99",1,44,"144,32","33,8664516129","44,9185201784","44,9185201784","44,9230124796","34,3277773256","R$ 44,92 (44,92%)","1,2992208485",5,"50,0719798216","50,0769875204","R$ 50,07 (50,08%)","R$ 50,07 (50,08%)","636,9733969697","636,9733969697","636,9733969697","636,9733969697",,,,,,,,,,,,,,
4HscK3U.RsuHnVXGQ.-vRA,dilordpizzaria@gmail.com,,Pizza Grande Cat Atum,"114,99",1,44,"144,32","33,8664516129","37,5765201784","37,5765201784","32,6780765096","34,3277773256","R$ 37,58 (32,68%)","1,2992208485",5,"71,6639798216","62,3219234904","R$ 71,66 (62,32%)","R$ 71,66 (62,32%)","636,9733969697","636,9733969697","636,9733969697","636,9733969697",,,,,,,,,,,,,,
VlY3CmLKTpi7wvAZozi6WQ,dilordpizzaria@gmail.com,,Pizza Grande Cat Baiana,"96,99",1,44,"144,32","33,8664516129","37,5385201784","37,5385201784","38,7034953896","34,3277773256","R$ 37,54 (38,70%)","1,2992208485",5,"54,6019798216","56,2965046104","R$ 54,60 (56,30%)","R$ 54,60 (56,30%)","636,9733969697","636,9733969697","636,9733969697","636,9733969697",,,,,,,,,,,,,,
SR-kLOazSJG4x7zvWy78aw,dilordpizzaria@gmail.com,,Pizza Grande Cat Calabresa,"95,99",1,44,"144,32","33,8664516129","37,5385201784","37,5385201784","39,1066988003","34,3277773256","R$ 37,54 (39,11%)","1,2992208485",5,"53,6519798216","55,8933011997","R$ 53,65 (55,89%)","R$ 53,65 (55,89%)","636,9733969697","636,9733969697","636,9733969697","636,9733969697",,,,,,,,,,,,,,
Z6sJdUKPQNaz58AbSiBLzA,dilordpizzaria@gmail.com,,Pizza Grande Cat Frango,"102,99",1,44,"144,32","33,8664516129","39,2237554725","39,2237554725","38,0850135668","34,3277773256","R$ 39,22 (38,09%)","1,2992208485",5,"58,6167445275","56,9149864332","R$ 58,62 (56,91%)","R$ 58,62 (56,91%)","636,9733969697","636,9733969697","636,9733969697","636,9733969697",,,,,,,,,,,,,,
U6aNuf3cS7SuVXvKX763jA,dilordpizzaria@gmail.com,,Pizza Grande Cat Lombo,"99,99",1,44,"144,32","33,8664516129","35,9185201784","35,9185201784","35,9221123896","34,3277773256","R$ 35,92 (35,92%)","1,2992208485",5,"59,0719798216","59,0778876104","R$ 59,07 (59,08%)","R$ 59,07 (59,08%)","636,9733969697","636,9733969697","636,9733969697","636,9733969697",,,,,,,,,,,,,,
2j9uOZJpSCqL1LshM4Ilgw,dilordpizzaria@gmail.com,,Pizza Grande Cat Palmito,"101,99",1,44,"144,32","33,8664516129","49,5774090673","49,5774090673","48,6100687001","34,3277773256","R$ 49,58 (48,61%)","1,2992208485",5,"47,3130909327","46,3899312999","R$ 47,31 (46,39%)","R$ 47,31 (46,39%)","636,9733969697","636,9733969697","636,9733969697","636,9733969697",,,,,,,,,,,,,,
fpiDqZfERMu2G095maMPpg,dilordpizzaria@gmail.com,,Pizza Grande Cat Peru,,"104,99",44,"144,32","33,8664516129",,,,"34,3277773256", (),"1,2992208485",5,,, (),,"636,9733969697","636,9733969697","636,9733969697","636,9733969697",,,,,,,,,,,,,,
fh.i-dJXQFeemmzo1BFZLQ,dilordpizzaria@gmail.com,,Pizza Grande Cinco Queijos,"106,99",1,44,"144,32","33,8664516129","44,8293971014","44,8293971014","41,9005487442","34,3277773256","R$ 44,83 (41,90%)","1,2992208485",5,"56,8111028986","53,0994512558","R$ 56,81 (53,10%)","R$ 56,81 (53,10%)","636,9733969697","636,9733969697","636,9733969697","636,9733969697",,,,,,,,,,,,,,
5nvFrVKmT.Sv2jt1.nbWNg,dilordpizzaria@gmail.com,,Pizza Grande Escarola com Bacon,"92,99",1,44,"144,32","33,8664516129","40,2953304348","40,2953304348","43,3329717548","34,3277773256","R$ 40,30 (43,33%)","1,2992208485",5,"48,0451695652","51,6670282452","R$ 48,05 (51,67%)","R$ 48,05 (51,67%)","636,9733969697","636,9733969697","636,9733969697","636,9733969697",,,,,,,,,,,,,,
8XgTR-p1SDix4CJgSeBuGg,dilordpizzaria@gmail.com,,Pizza Grande Filé com Alho,"124,99",1,44,"144,32","33,8664516129","81,8329201784","81,8329201784","65,4715738686","34,3277773256","R$ 81,83 (65,47%)","1,2992208485",5,"36,9075798216","29,5284261314","R$ 36,91 (29,53%)","R$ 36,91 (29,53%)","636,9733969697","636,9733969697","636,9733969697","636,9733969697",,,,,,,,,,,,,,
d.QNvrfeRXe3eBuSFKIOOQ,dilordpizzaria@gmail.com,,Pizza Grande Filé do Chef,"129,99",1,44,"144,32","33,8664516129","87,4385201784","87,4385201784","67,2655744122","34,3277773256","R$ 87,44 (67,27%)","1,2992208485",5,"36,0519798216","27,7344255878","R$ 36,05 (27,73%)","R$ 36,05 (27,73%)","636,9733969697","636,9733969697","636,9733969697","636,9733969697",,,,,,,,,,,,,,
MyDb8.TiS3CXQKMP5yFjDQ,dilordpizzaria@gmail.com,,Pizza Grande Franbacon,"93,99",1,44,"144,32","33,8664516129","38,1948535117","38,1948535117","40,6371459854","34,3277773256","R$ 38,19 (40,64%)","1,2992208485",5,"51,0956464883","54,3628540146","R$ 51,10 (54,36%)","R$ 51,10 (54,36%)","636,9733969697","636,9733969697","636,9733969697","636,9733969697",,,,,,,,,,,,,,
CkvXz3UOT1KAdiFl-q-TqQ,dilordpizzaria@gmail.com,,Pizza Grande Francesa,"81,99",1,44,"144,32","33,8664516129","29,0778535117","29,0778535117","35,4651219804","34,3277773256","R$ 29,08 (35,47%)","1,2992208485",5,"48,8126464883","59,5348780196","R$ 48,81 (59,53%)","R$ 48,81 (59,53%)","636,9733969697","636,9733969697","636,9733969697","636,9733969697",,,,,,,,,,,,,,
a.1oc5kjARhOEf65NIMD7EQ,dilordpizzaria@gmail.com,,Pizza Grande Francheddar,"97,99",1,44,"144,32","33,8664516129","35,8367554725","35,8367554725","36,5718496505","34,3277773256","R$ 35,84 (36,57%)","1,2992208485",5,"57,2537445275","58,4281503495","R$ 57,25 (58,43%)","R$ 57,25 (58,43%)","636,9733969697","636,9733969697","636,9733969697","636,9733969697",,,,,,,,,,,,,,
TxDLmMraSR-mVS2pjegIKA,dilordpizzaria@gmail.com,,Pizza Grande Lombo,"89,99",1,44,"144,32","33,8664516129","28,4578535117","28,4578535117","31,6233509409","34,3277773256","R$ 28,46 (31,62%)","1,2992208485",5,"57,0326464883","63,3766490591","R$ 57,03 (63,38%)","R$ 57,03 (63,38%)","636,9733969697","636,9733969697","636,9733969697","636,9733969697",,,,,,,,,,,,,,
cvALkTi.QwmENyQbCIFsKA,dilordpizzaria@gmail.com,,Pizza Grande Lonbacon,"99,99",1,44,"144,32","33,8664516129","34,4428535117","34,4428535117","34,4462981415","34,3277773256","R$ 34,44 (34,45%)","1,2992208485",5,"60,5476464883","60,5537018585","R$ 60,55 (60,55%)","R$ 60,55 (60,55%)","636,9733969697","636,9733969697","636,9733969697","636,9733969697",,,,,,,,,,,,,,
m9cyWrPyTjmaFkOHZnEq6A,dilordpizzaria@gmail.com,,Pizza Grande Marguerita,"74,99",1,44,"144,32","33,8664516129","24,7927304348","24,7927304348","33,0613820973","34,3277773256","R$ 24,79 (33,06%)","1,2992208485",5,"46,4477695652","61,9386179027","R$ 46,45 (61,94%)","R$ 46,45 (61,94%)","636,9733969697","636,9733969697","636,9733969697","636,9733969697",,,,,,,,,,,,,,
o7mO0.AjTymE4hsGhiuHng,dilordpizzaria@gmail.com,,Pizza Grande Milho,"72,99",1,44,"144,32","33,8664516129","27,6578535117","27,6578535117","37,8926613395","34,3277773256","R$ 27,66 (37,89%)","1,2992208485",5,"41,6826464883","57,1073386605","R$ 41,68 (57,11%)","R$ 41,68 (57,11%)","636,9733969697","636,9733969697","636,9733969697","636,9733969697",,,,,,,,,,,,,,
z5SrLZh-TuCq8dVZgVOyyQ,dilordpizzaria@gmail.com,,Pizza Grande Napolitana,"77,99",1,44,"144,32","33,8664516129","23,1927304348","23,1927304348","29,7380823628","34,3277773256","R$ 23,19 (29,74%)","1,2992208485",5,"50,8977695652","65,2619176372","R$ 50,90 (65,26%)","R$ 50,90 (65,26%)","636,9733969697","636,9733969697","636,9733969697","636,9733969697",,,,,,,,,,,,,,
w8jpFDx9SAOXl50hEEkF0g,dilordpizzaria@gmail.com,,Pizza Grande Palmito,"99,99",1,44,"144,32","33,8664516129","42,7167424006","42,7167424006","42,721014502","34,3277773256","R$ 42,72 (42,72%)","1,2992208485",5,"52,2737575994","52,278985498","R$ 52,27 (52,28%)","R$ 52,27 (52,28%)","636,9733969697","636,9733969697","636,9733969697","636,9733969697",,,,,,,,,,,,,,
1mFcch3CQX2kkFSjU9PDpw,dilordpizzaria@gmail.com,,Pizza Grande Peito de Peru,"89,99",1,44,"144,32","33,8664516129","44,5318535117","44,5318535117","49,4853356059","34,3277773256","R$ 44,53 (49,49%)","1,2992208485",5,"40,9586464883","45,5146643941","R$ 40,96 (45,51%)","R$ 40,96 (45,51%)","636,9733969697","636,9733969697","636,9733969697","636,9733969697",,,,,,,,,,,,,,
AdyRwyd3SvqbXX5BJ.5DqA,dilordpizzaria@gmail.com,,Pizza Grande Pepperoni,"103,99",1,44,"144,32","33,8664516129","27,9309304348","27,9309304348","26,8592464995","34,3277773256","R$ 27,93 (26,86%)","1,2992208485",5,"70,8595695652","68,1407535005","R$ 70,86 (68,14%)","R$ 70,86 (68,14%)","636,9733969697","636,9733969697","636,9733969697","636,9733969697",,,,,,,,,,,,,,
oBqzQli6ThWYHhxg0pQJkA,dilordpizzaria@gmail.com,,Pizza Grande Portuguesa,"100,99",1,44,"144,32","33,8664516129","36,273572466","36,273572466","35,9179844202","34,3277773256","R$ 36,27 (35,92%)","1,2992208485",5,"59,666927534","59,0820155798","R$ 59,67 (59,08%)","R$ 59,67 (59,08%)","636,9733969697","636,9733969697","636,9733969697","636,9733969697",,,,,,,,,,,,,,
TSZevOhSTE6LpdduRqHW8g,dilordpizzaria@gmail.com,,Pizza Grande Primavera,"81,99",1,44,"144,32","33,8664516129","24,8162522045","24,8162522045","30,2674133486","34,3277773256","R$ 24,82 (30,27%)","1,2992208485",5,"53,0742477955","64,7325866514","R$ 53,07 (64,73%)","R$ 53,07 (64,73%)","636,9733969697","636,9733969697","636,9733969697","636,9733969697",,,,,,,,,,,,,,
RoNCklESSEu09NgX.y7yPQ,dilordpizzaria@gmail.com,,Pizza Grande Quatro Queijos,"98,99",1,44,"144,32","33,8664516129","41,3843971014","41,3843971014","41,8066442079","34,3277773256","R$ 41,38 (41,81%)","1,2992208485",5,"52,6561028986","53,1933557921","R$ 52,66 (53,19%)","R$ 52,66 (53,19%)","636,9733969697","636,9733969697","636,9733969697","636,9733969697",,,,,,,,,,,,,,
9GEcrPHiSQ2kdNymTUbyiA,dilordpizzaria@gmail.com,,Pizza Grande Rúcula com Tomate Seco,"74,99",1,44,"144,32","33,8664516129","30,2075971014","30,2075971014","40,2821670909","34,3277773256","R$ 30,21 (40,28%)","1,2992208485",5,"41,0329028986","54,7178329091","R$ 41,03 (54,72%)","R$ 41,03 (54,72%)","636,9733969697","636,9733969697","636,9733969697","636,9733969697",,,,,,,,,,,,,,
2RTBrKR6TJqSs0Fc.4y7jg,dilordpizzaria@gmail.com,,Pizza Grande Strogonoff de Filé Mignon,"117,99",1,44,"144,32","33,8664516129","80,9899637681","80,9899637681","68,6413795814","34,3277773256","R$ 80,99 (68,64%)","1,2992208485",5,"31,1005362319","26,3586204186","R$ 31,10 (26,36%)","R$ 31,10 (26,36%)","636,9733969697","636,9733969697","636,9733969697","636,9733969697",,,,,,,,,,,,,,
a.RXy9.zaS7SOlf0JnOBUuA,dilordpizzaria@gmail.com,,Pizza Grande Super Frango,"108,99",1,44,"144,32","33,8664516129","47,2037554725","47,2037554725","43,3101710914","34,3277773256","R$ 47,20 (43,31%)","1,2992208485",5,"56,3367445275","51,6898289086","R$ 56,34 (51,69%)","R$ 56,34 (51,69%)","636,9733969697","636,9733969697","636,9733969697","636,9733969697",,,,,,,,,,,,,,
XA0mIzBhSMaif9f08abWDQ,dilordpizzaria@gmail.com,,Pizza Grande Troiana,"112,99",1,44,"144,32","33,8664516129","45,0563201784","45,0563201784","39,8763785984","34,3277773256","R$ 45,06 (39,88%)","1,2992208485",5,"62,2841798216","55,1236214016","R$ 62,28 (55,12%)","R$ 62,28 (55,12%)","636,9733969697","636,9733969697","636,9733969697","636,9733969697",,,,,,,,,,,,,,
w3FImve0TBq--u8YQkqZWQ,dilordpizzaria@gmail.com,,Pizza Grande Vegetariana ,"99,99",1,44,"144,32","33,8664516129","36,8335855378","36,8335855378","36,8372692648","34,3277773256","R$ 36,83 (36,84%)","1,2992208485",5,"58,1569144622","58,1627307352","R$ 58,16 (58,16%)","R$ 58,16 (58,16%)","636,9733969697","636,9733969697","636,9733969697","636,9733969697",,,,,,,,,,,,,,
o0NJFjWCR4yg3tX5sZq0sQ,dilordpizzaria@gmail.com,,Pizza Grande Banana com Leite Condensado,"77,99",1,44,"144,32","33,8664516129",,,,"34,3277773256", (),"1,2992208485",5,"74,0905",95,"R$ 74,09 (95,00%)",,"636,9733969697","636,9733969697","636,9733969697","636,9733969697",,,,,,,,,,,,,,
GgRUQrxjRw-oyjL8Nnx61A,dilordpizzaria@gmail.com,,Pizza Grande Banana com Nutella ,"77,99",1,44,"144,32","33,8664516129",,,,"34,3277773256", (),"1,2992208485",5,"74,0905",95,"R$ 74,09 (95,00%)",,"636,9733969697","636,9733969697","636,9733969697","636,9733969697",,,,,,,,,,,,,,
MDxowKwkTFuJtHfZXTEwqQ,dilordpizzaria@gmail.com,,Pizza Grande Brigadeiro,"71,99",1,44,"144,32","33,8664516129",,,,"34,3277773256", (),"1,2992208485",5,"68,3905",95,"R$ 68,39 (95,00%)",,"636,9733969697","636,9733969697","636,9733969697","636,9733969697",,,,,,,,,,,,,,
Hc7frClpQES1ydhVl8NG4w,dilordpizzaria@gmail.com,,Pizza Grande KitKat,"81,99",1,44,"144,32","33,8664516129",,,,"34,3277773256", (),"1,2992208485",5,"77,8905",95,"R$ 77,89 (95,00%)",,"636,9733969697","636,9733969697","636,9733969697","636,9733969697",,,,,,,,,,,,,,
OC9BMAB-T.-KT6dnodI3kQ,dilordpizzaria@gmail.com,,Pizza Grande M&Ms,"81,99",1,44,"144,32","33,8664516129",,,,"34,3277773256", (),"1,2992208485",5,"77,8905",95,"R$ 77,89 (95,00%)",,"636,9733969697","636,9733969697","636,9733969697","636,9733969697",,,,,,,,,,,,,,
yuk75o9rSsOuReJi-2x2qg,dilordpizzaria@gmail.com,,Pizza Grande Ouro Branco,"77,99",1,44,"144,32","33,8664516129",,,,"34,3277773256", (),"1,2992208485",5,"74,0905",95,"R$ 74,09 (95,00%)",,"636,9733969697","636,9733969697","636,9733969697","636,9733969697",,,,,,,,,,,,,,
K8XGZstuQn-1aLAqKPDOwA,dilordpizzaria@gmail.com,,Pizza Grande Ovomaltine Rocks,"102,99",1,44,"144,32","33,8664516129",,,,"34,3277773256", (),"1,2992208485",5,"97,8405",95,"R$ 97,84 (95,00%)",,"636,9733969697","636,9733969697","636,9733969697","636,9733969697",,,,,,,,,,,,,,
zFWcq4OfQXyhKsgA9cxDQg,dilordpizzaria@gmail.com,,Pizza Grande Prestígio,"71,99",1,44,"144,32","33,8664516129",,,,"34,3277773256", (),"1,2992208485",5,"68,3905",95,"R$ 68,39 (95,00%)",,"636,9733969697","636,9733969697","636,9733969697","636,9733969697",,,,,,,,,,,,,,
SB4em68LQDO3U7qXxLvzUQ,dilordpizzaria@gmail.com,,Pizza Grande Sensação ,"81,99",1,44,"144,32","33,8664516129",,,,"34,3277773256", (),"1,2992208485",5,"77,8905",95,"R$ 77,89 (95,00%)",,"636,9733969697","636,9733969697","636,9733969697","636,9733969697",,,,,,,,,,,,,,
hhfe2Vt3S8WtzqRs4jSBMg,dilordpizzaria@gmail.com,,Pizza Grande Sonho de Valsa,"77,99",1,44,"144,32","33,8664516129",,,,"34,3277773256", (),"1,2992208485",5,"74,0905",95,"R$ 74,09 (95,00%)",,"636,9733969697","636,9733969697","636,9733969697","636,9733969697",,,,,,,,,,,,,,
LzgJBxGWQcWaKCdEodGzLg,PIZZALIRAPINDA@GMAIL.COM,,Napolitana ,65,1,44,"144,32","33,8664516129","18,8571111111","18,8571111111","29,0109401709","34,3277773256","R$ 18,86 (29,01%)","1,2992208485",5,"42,8928888889","65,9890598291","R$ 42,89 (65,99%)","R$ 42,89 (65,99%)","636,9733969697","636,9733969697","636,9733969697","636,9733969697",,,,,,,,,,,,,,
WKatypEnQOOlEJcUSqN4wQ,diadepizzatoledo@hotmail.com,,Promo calabre & Mussarela,50,1,44,"144,32","33,8664516129",0,0,0,"34,3277773256","R$ 0,00 (0,00%)","1,2992208485",5,"47,5",95,"R$ 47,50 (95,00%)","R$ 47,50 (95,00%)","636,9733969697","636,9733969697","636,9733969697","636,9733969697",,,,,,,,,,,,,,
54zt1AFKQuSyw23z7FAItw,limaeliseu016@gmail.com,,Açai comum Classico no copo 500ml banana+granola,"29,99",1,44,"144,32","33,8664516129","8,5162833333","8,5162833333","28,3970768034","34,3277773256","R$ 8,52 (28,40%)","1,2992208485",5,"19,9742166667","66,6029231966","R$ 19,97 (66,60%)","R$ 19,97 (66,60%)","636,9733969697","636,9733969697","636,9733969697","636,9733969697",,,,,,,,,,,,,,
nLeeTHPdQgWpl9AaqKUhXg,limaeliseu016@gmail.com,,Açai Tropical de Frutas no copo de 500ml,"29,99",1,44,"144,32","33,8664516129","11,1853309524","11,1853309524","37,2968687975","34,3277773256","R$ 11,19 (37,30%)","1,2992208485",5,"17,3051690476","57,7031312025","R$ 17,31 (57,70%)","R$ 17,31 (57,70%)","636,9733969697","636,9733969697","636,9733969697","636,9733969697",,,,,,,,,,,,,,
natgqkssTHWup7T2z8y5DA,muccacookies@gmail.com,,Combo Triplo de Cookies Gota de Chocolate ,,1,44,"144,32","33,8664516129",,,,"34,3277773256", (),"1,2992208485",5,,, (),,"636,9733969697","636,9733969697","636,9733969697","636,9733969697",,,,,,,,,,,,,,
ZJ4JABnWTAegNyCqO8vYLw,muccacookies@gmail.com,,Combo 1 Caprese + 1 Cookie + 1 Bebida,,,44,"144,32","33,8664516129",,,,"34,3277773256", (),"1,2992208485",5,,, (),,"636,9733969697","636,9733969697","636,9733969697","636,9733969697",,,,,,,,,,,,,,
5iDoXwN5QQm.beDJhhhK4w,braseiro.burger19@gmail.com,,Burger Brasa Prime (Blend 160g) + Drink Pink Lemonade,"41,9",1,44,"144,32","33,8664516129",0,0,0,"34,3277773256","R$ 0,00 (0,00%)","1,2992208485",5,"39,805",95,"R$ 39,81 (95,00%)","R$ 39,81 (95,00%)","636,9733969697","636,9733969697","636,9733969697","636,9733969697",,,,,,,,,,,,,,
eZ2.k7mgQuWjhoUTp5.42A,classicosburguerstm@gmail.com,,mine burguer ervas,10,1,44,"144,32","33,8664516129","2,6738339921","2,6738339921","26,7383399209","34,3277773256","R$ 2,67 (26,74%)","1,2992208485",5,"6,8261660079","68,2616600791","R$ 6,83 (68,26%)","R$ 6,83 (68,26%)","636,9733969697","636,9733969697","636,9733969697","636,9733969697",,,,,,,,,,,,,,
WobmB84aR8S2z0D1W0sDqg,classicosburguerstm@gmail.com,,batata grande,18,1,44,"144,32","33,8664516129","5,6","5,6","31,1111111111","34,3277773256","R$ 5,60 (31,11%)","1,2992208485",5,"11,5","63,8888888889","R$ 11,50 (63,89%)","R$ 11,50 (63,89%)","636,9733969697","636,9733969697","636,9733969697","636,9733969697",,,,,,,,,,,,,,
PSTMHC5tSPCKrjU.cCtp-Q,classicosburguerstm@gmail.com,,batata grande com cheddar e bacon,25,1,44,"144,32","33,8664516129","9,8689980354","9,8689980354","39,4759921415","34,3277773256","R$ 9,87 (39,48%)","1,2992208485",5,"13,8810019646","55,5240078585","R$ 13,88 (55,52%)","R$ 13,88 (55,52%)","636,9733969697","636,9733969697","636,9733969697","636,9733969697","4,48",,,,,,,,,,,,,
j7xRbSMkRFK3mG9Ub2JEfg,classicosburguerstm@gmail.com,,Batata media com ervas e bacon ,17,1,44,"144,32","33,8664516129","6,1324189723","6,1324189723","36,0730527784","34,3277773256","R$ 6,13 (36,07%)","1,2992208485",5,"10,0175810277","58,9269472216","R$ 10,02 (58,93%)","R$ 10,02 (58,93%)","636,9733969697","636,9733969697","636,9733969697","636,9733969697",,,,,,,,,,,,,,
ma-w2ylgTGeuXKYmfBaZTQ,joaogioia41@gmail.com,,walter calabresa amora,"41,99",1,44,"144,32","33,8664516129","16,095","16,095","38,330554894","34,3277773256","R$ 16,10 (38,33%)","1,2992208485",5,"23,7955","56,669445106","R$ 23,80 (56,67%)","R$ 23,80 (56,67%)","636,9733969697","636,9733969697","636,9733969697","636,9733969697",,true,"23,7955","23,7955","41,99","23,7955","23,7955","23,7955","23,7955","636,9733969697","636,9733969697","56,669445106","38,330554894","16,095"
XSruJu.QSeapgdnUxrElQw,tiamariboloscaseiros@gmail.com,,Bolo de Laranja,"42,9",2,44,"144,32","33,8664516129","7,3406","3,6703","8,5554778555","34,3277773256","R$ 3,67 (8,56%)","1,2992208485",5,"37,0847","86,4445221445","R$ 37,08 (86,44%)","R$ 37,08 (86,44%)","636,9733969697","636,9733969697","636,9733969697","636,9733969697",,,,,,,,,,,,,,
im9CrK1eQuC6ULq7aZ6e-w,joaogioia41@gmail.com,,walter calabresa,27,1,44,"144,32","33,8664516129","10,15","10,15","37,5925925926","34,3277773256","R$ 10,15 (37,59%)","1,2992208485",5,"15,5","57,4074074074","R$ 15,50 (57,41%)","R$ 15,50 (57,41%)","636,9733969697","636,9733969697","636,9733969697","636,9733969697",,true,"15,5","15,5",27,"15,5","15,5","15,5","15,5","636,9733969697","636,9733969697","57,4074074074","37,5925925926","10,15"
WzThQEK5RdinL4nkNw68Iw,joaogioia41@gmail.com,,walter calabresa grill,30,1,44,"144,32","33,8664516129","11,38","11,38","37,9333333333","34,3277773256","R$ 11,38 (37,93%)","1,2992208485",5,"17,12","57,0666666667","R$ 17,12 (57,07%)","R$ 17,12 (57,07%)","636,9733969697","636,9733969697","636,9733969697","636,9733969697",,true,"17,12","17,12",30,"17,12","17,12","17,12","17,12","636,9733969697","636,9733969697","57,0666666667","37,9333333333","11,38"
A.vBb.uQS.ywGuQIWHLS3g,joaogioia41@gmail.com,,walter calabresa bacon,"31,99",1,44,"144,32","33,8664516129","11,47","11,47","35,8549546733","34,3277773256","R$ 11,47 (35,85%)","1,2992208485",5,"18,9205","59,1450453267","R$ 18,92 (59,15%)","R$ 18,92 (59,15%)","636,9733969697","636,9733969697","636,9733969697","636,9733969697",,true,"18,9205","18,9205","31,99","18,9205","18,9205","18,9205","18,9205","636,9733969697","636,9733969697","59,1450453267","35,8549546733","11,47"
2TBqN459TW-t8.x6U7EdYw,joaogioia41@gmail.com,,walter calabresa spicy,"31,99",1,44,"144,32","33,8664516129","11,4416666667","11,4416666667","35,7663853287","34,3277773256","R$ 11,44 (35,77%)","1,2992208485",5,"18,9488333333","59,2336146713","R$ 18,95 (59,23%)","R$ 18,95 (59,23%)","636,9733969697","636,9733969697","636,9733969697","636,9733969697",,true,"18,9488333333","18,9488333333","31,99","18,9488333333","18,9488333333","18,9488333333","18,9488333333","636,9733969697","636,9733969697","59,2336146713","35,7663853287","11,4416666667"
Rr4Hyi8NRH2ILPjcadEsLA,tiamariboloscaseiros@gmail.com,,Bolo de Fuba,"42,9",2,44,"144,32","33,8664516129","9,23","4,615","10,7575757576","34,3277773256","R$ 4,62 (10,76%)","1,2992208485",5,"36,14","84,2424242424","R$ 36,14 (84,24%)","R$ 36,14 (84,24%)","636,9733969697","636,9733969697","636,9733969697","636,9733969697",,,,,,,,,,,,,,
S-fwSItnR6KnP-.WBgKYhw,tiamariboloscaseiros@gmail.com,,Bolo de Milho,"42,9",1,44,"144,32","33,8664516129","9,82","9,82","22,8904428904","34,3277773256","R$ 9,82 (22,89%)","1,2992208485",5,"30,935","72,1095571096","R$ 30,94 (72,11%)","R$ 30,94 (72,11%)","636,9733969697","636,9733969697","636,9733969697","636,9733969697",,,,,,,,,,,,,,
WchVPtrARFar0ZbMMsyKyA,tiamariboloscaseiros@gmail.com,,Bolo de Cenoura,"47,9",2,44,"144,32","33,8664516129","17,69","8,845","18,4655532359","34,3277773256","R$ 8,85 (18,47%)","1,2992208485",5,"36,66","76,5344467641","R$ 36,66 (76,53%)","R$ 36,66 (76,53%)","636,9733969697","636,9733969697","636,9733969697","636,9733969697",,,,,,,,,,,,,,
mVT2f0h9Teim-9JoGhKMzA,tiamariboloscaseiros@gmail.com,,Bolo de Chocolate,"47,9",2,44,"144,32","33,8664516129","19,11","9,555","19,9478079332","34,3277773256","R$ 9,55 (19,95%)","1,2992208485",5,"35,95","75,0521920668","R$ 35,95 (75,05%)","R$ 35,95 (75,05%)","636,9733969697","636,9733969697","636,9733969697","636,9733969697",,,,,,,,,,,,,,
CZPuWu7nR7KzK30jHssc6w,tiamariboloscaseiros@gmail.com,,Bolo de Limão,"47,9",2,44,"144,32","33,8664516129","17,33","8,665","18,0897703549","34,3277773256","R$ 8,67 (18,09%)","1,2992208485",5,"36,84","76,9102296451","R$ 36,84 (76,91%)","R$ 36,84 (76,91%)","636,9733969697","636,9733969697","636,9733969697","636,9733969697",,,,,,,,,,,,,,
eQsUd6FYQw-4hZNxHjRRGQ,tiamariboloscaseiros@gmail.com,,Bolo de Banana,"42,9",2,44,"144,32","33,8664516129","12,81","6,405","14,9300699301","34,3277773256","R$ 6,41 (14,93%)","1,2992208485",5,"34,35","80,0699300699","R$ 34,35 (80,07%)","R$ 34,35 (80,07%)","636,9733969697","636,9733969697","636,9733969697","636,9733969697",,,,,,,,,,,,,,
ploXDzQASMW.LF8FLPYJQg,tiamariboloscaseiros@gmail.com,,Bolo de Churros,"47,9",2,44,"144,32","33,8664516129","16,25","8,125","16,9624217119","34,3277773256","R$ 8,13 (16,96%)","1,2992208485",5,"37,38","78,0375782881","R$ 37,38 (78,04%)","R$ 37,38 (78,04%)","636,9733969697","636,9733969697","636,9733969697","636,9733969697",,,,,,,,,,,,,,
ftKQ95a.TjuKoH10I2FgAQ,tiamariboloscaseiros@gmail.com,,Bolo de Coco,"47,9",2,44,"144,32","33,8664516129","16,25","8,125","16,9624217119","34,3277773256","R$ 8,13 (16,96%)","1,2992208485",5,"37,38","78,0375782881","R$ 37,38 (78,04%)","R$ 37,38 (78,04%)","636,9733969697","636,9733969697","636,9733969697","636,9733969697",,,,,,,,,,,,,,
HnarPweSSmiG8G022TMQkA,muccacookies@gmail.com,,combo Familia 3 cookies + coca cola 600ml,"57,9",1,44,"144,32","33,8664516129",0,0,0,"34,3277773256","R$ 0,00 (0,00%)","1,2992208485",5,"55,005",95,"R$ 55,00 (95,00%)","R$ 55,00 (95,00%)","636,9733969697","636,9733969697","636,9733969697","636,9733969697",,,,,,,,,,,,,,
Qw-OYfFXStq2ymrEoaRDUA,joaogioia41@gmail.com,,Promo Quarta CatuBacon ,"29,99",1,44,"144,32","33,8664516129","9,23","9,23","30,7769256419","34,3277773256","R$ 9,23 (30,78%)","1,2992208485",5,"19,2605","64,2230743581","R$ 19,26 (64,22%)","R$ 19,26 (64,22%)","636,9733969697","636,9733969697","636,9733969697","636,9733969697",,false,"19,2605","19,2605",,"19,2605","19,2605",,,"636,9733969697","636,9733969697",,,
TWKq.RabQDarQGokB4cvyQ,eduardo.caires@hotmail.com,,ALHO,80,1,44,"144,32","33,8664516129","24,252","24,252","30,315","34,3277773256","R$ 24,25 (30,31%)","1,2992208485",5,"51,748","64,685","R$ 51,75 (64,69%)","R$ 51,75 (64,69%)","636,9733969697","636,9733969697","636,9733969697","636,9733969697",,,,,,,,,,,,,,
QvCyZNAKQBmKfa96sFPDew,eduardo.caires@hotmail.com,,BACON,80,1,44,"144,32","33,8664516129","26,967","26,967","33,70875","34,3277773256","R$ 26,97 (33,71%)","1,2992208485",5,"49,033","61,29125","R$ 49,03 (61,29%)","R$ 49,03 (61,29%)","636,9733969697","636,9733969697","636,9733969697","636,9733969697",,,,,,,,,,,,,,
XjTibuZuSpW0tQMbe56Jjg,eduardo.caires@hotmail.com,,BAIANA,80,1,44,"144,32","33,8664516129","28,681","28,681","35,85125","34,3277773256","R$ 28,68 (35,85%)","1,2992208485",5,"47,319","59,14875","R$ 47,32 (59,15%)","R$ 47,32 (59,15%)","636,9733969697","636,9733969697","636,9733969697","636,9733969697",,,,,,,,,,,,,,
KfyAAVkcQqCoTsVWxlCveg,eduardo.caires@hotmail.com,,TOSCANA,80,1,44,"144,32","33,8664516129","27,009","27,009","33,76125","34,3277773256","R$ 27,01 (33,76%)","1,2992208485",5,"48,991","61,23875","R$ 48,99 (61,24%)","R$ 48,99 (61,24%)","636,9733969697","636,9733969697","636,9733969697","636,9733969697",,,,,,,,,,,,,,
aA.IDRIyQ-Sybpdb5BmOuA,eduardo.caires@hotmail.com,,CALABRESA I,80,1,44,"144,32","33,8664516129","17,9895","17,9895","22,486875","34,3277773256","R$ 17,99 (22,49%)","1,2992208485",5,"58,0105","72,513125","R$ 58,01 (72,51%)","R$ 58,01 (72,51%)","636,9733969697","636,9733969697","636,9733969697","636,9733969697",,,,,,,,,,,,,,
vQbPF8RERHO99MRf67.07w,eduardo.caires@hotmail.com,,CALABRESA II,80,1,44,"144,32","33,8664516129","19,795","19,795","24,74375","34,3277773256","R$ 19,80 (24,74%)","1,2992208485",5,"56,205","70,25625","R$ 56,21 (70,26%)","R$ 56,21 (70,26%)","636,9733969697","636,9733969697","636,9733969697","636,9733969697",,,,,,,,,,,,,,
JAuHEvTkTGOG4m9arsoWbQ,eduardo.caires@hotmail.com,,CALABRESA III,80,1,44,"144,32","33,8664516129","20,957","20,957","26,19625","34,3277773256","R$ 20,96 (26,20%)","1,2992208485",5,"55,043","68,80375","R$ 55,04 (68,80%)","R$ 55,04 (68,80%)","636,9733969697","636,9733969697","636,9733969697","636,9733969697",,,,,,,,,,,,,,
rVSTEHMdTDWpBPfCOwD6VQ,eduardo.caires@hotmail.com,,CALABRESA IV,80,1,44,"144,32","33,8664516129","17,4025","17,4025","21,753125","34,3277773256","R$ 17,40 (21,75%)","1,2992208485",5,"58,5975","73,246875","R$ 58,60 (73,25%)","R$ 58,60 (73,25%)","636,9733969697","636,9733969697","636,9733969697","636,9733969697",,,,,,,,,,,,,,
oUnFOyduTneKEntMqHSHaA,eduardo.caires@hotmail.com,,MARGUERITA,80,1,44,"144,32","33,8664516129","28,222","28,222","35,2775","34,3277773256","R$ 28,22 (35,28%)","1,2992208485",5,"47,778","59,7225","R$ 47,78 (59,72%)","R$ 47,78 (59,72%)","636,9733969697","636,9733969697","636,9733969697","636,9733969697",,,,,,,,,,,,,,
SCgFT2LnTx-VutCW-3F5pw,eduardo.caires@hotmail.com,,MILHO,80,1,44,"144,32","33,8664516129","24,7948431373","24,7948431373","30,9935539216","34,3277773256","R$ 24,79 (30,99%)","1,2992208485",5,"51,2051568627","64,0064460784","R$ 51,21 (64,01%)","R$ 51,21 (64,01%)","636,9733969697","636,9733969697","636,9733969697","636,9733969697",,,,,,,,,,,,,,
MFLiLewlTCOreUEwJ9tvOg,eduardo.caires@hotmail.com,,MISTA,80,1,44,"144,32","33,8664516129","19,512","19,512","24,39","34,3277773256","R$ 19,51 (24,39%)","1,2992208485",5,"56,488","70,61","R$ 56,49 (70,61%)","R$ 56,49 (70,61%)","636,9733969697","636,9733969697","636,9733969697","636,9733969697",,,,,,,,,,,,,,
FjrSu6zoRG6EPpx4oU3YrQ,eduardo.caires@hotmail.com,,MUSSARELA,80,1,44,"144,32","33,8664516129","24,137","24,137","30,17125","34,3277773256","R$ 24,14 (30,17%)","1,2992208485",5,"51,863","64,82875","R$ 51,86 (64,83%)","R$ 51,86 (64,83%)","636,9733969697","636,9733969697","636,9733969697","636,9733969697",,,,,,,,,,,,,,
obHZGknXTmKa.DoLKRs5oQ,eduardo.caires@hotmail.com,,NAPOLITANA,80,1,44,"144,32","33,8664516129","27,972","27,972","34,965","34,3277773256","R$ 27,97 (34,96%)","1,2992208485",5,"48,028","60,035","R$ 48,03 (60,04%)","R$ 48,03 (60,04%)","636,9733969697","636,9733969697","636,9733969697","636,9733969697",,,,,,,,,,,,,,
g9eivQwdTGiYe90facPK-A,eduardo.caires@hotmail.com,,ALICHE,89,1,44,"144,32","33,8664516129","26,1858888889","26,1858888889","29,4223470662","34,3277773256","R$ 26,19 (29,42%)","1,2992208485",5,"58,3641111111","65,5776529338","R$ 58,36 (65,58%)","R$ 58,36 (65,58%)","636,9733969697","636,9733969697","636,9733969697","636,9733969697",,,,,,,,,,,,,,
EPZbWNiPRdGeR52uNHnSRw,eduardo.caires@hotmail.com,,AMERICANA,97,1,44,"144,32","33,8664516129","37,222","37,222","38,3731958763","34,3277773256","R$ 37,22 (38,37%)","1,2992208485",5,"54,928","56,6268041237","R$ 54,93 (56,63%)","R$ 54,93 (56,63%)","636,9733969697","636,9733969697","636,9733969697","636,9733969697",,,,,,,,,,,,,,
3lASHF9rQ2-nF6rP7ojEHA,eduardo.caires@hotmail.com,,ROMANA,92,1,44,"144,32","33,8664516129","28,9233888889","28,9233888889","31,4384661836","34,3277773256","R$ 28,92 (31,44%)","1,2992208485",5,"58,4766111111","63,5615338164","R$ 58,48 (63,56%)","R$ 58,48 (63,56%)","636,9733969697","636,9733969697","636,9733969697","636,9733969697",,,,,,,,,,,,,,
8NaiUgUsQN-inhBS8nkM.Q,eduardo.caires@hotmail.com,,ATUM,90,1,44,"144,32","33,8664516129","34,0545","34,0545","37,8383333333","34,3277773256","R$ 34,05 (37,84%)","1,2992208485",5,"51,4455","57,1616666667","R$ 51,45 (57,16%)","R$ 51,45 (57,16%)","636,9733969697","636,9733969697","636,9733969697","636,9733969697",,,,,,,,,,,,,,
lYqiRVJVTmKuqciJsSFS5A,eduardo.caires@hotmail.com,,ATUM II,92,1,44,"144,32","33,8664516129","42,4395","42,4395","46,1298913043","34,3277773256","R$ 42,44 (46,13%)","1,2992208485",5,"44,9605","48,8701086957","R$ 44,96 (48,87%)","R$ 44,96 (48,87%)","636,9733969697","636,9733969697","636,9733969697","636,9733969697",,,,,,,,,,,,,,
zKrTOl5nT-iy7GxwsZQeig,eduardo.caires@hotmail.com,,ATUM III,94,1,44,"144,32","33,8664516129","49,5411666667","49,5411666667","52,7033687943","34,3277773256","R$ 49,54 (52,70%)","1,2992208485",5,"39,7588333333","42,2966312057","R$ 39,76 (42,30%)","R$ 39,76 (42,30%)","636,9733969697","636,9733969697","636,9733969697","636,9733969697",,,,,,,,,,,,,,
tAF.HevPSGmZv6ZSP0Ey8A,eduardo.caires@hotmail.com,,BELLA FRANGO,94,1,44,"144,32","33,8664516129","39,9074166667","39,9074166667","42,4546985816","34,3277773256","R$ 39,91 (42,45%)","1,2992208485",5,"49,3925833333","52,5453014184","R$ 49,39 (52,55%)","R$ 49,39 (52,55%)","636,9733969697","636,9733969697","636,9733969697","636,9733969697",,,,,,,,,,,,,,
69VZS2jeQleRszKlx5UuKg,eduardo.caires@hotmail.com,,BRÓCOLIS,90,1,44,"144,32","33,8664516129","38,0111666667","38,0111666667","42,2346296296","34,3277773256","R$ 38,01 (42,23%)","1,2992208485",5,"47,4888333333","52,7653703704","R$ 47,49 (52,77%)","R$ 47,49 (52,77%)","636,9733969697","636,9733969697","636,9733969697","636,9733969697",,,,,,,,,,,,,,
FgBduoYrR7KpVSU0WOPvMA,eduardo.caires@hotmail.com,,CALABRESA V,89,1,44,"144,32","33,8664516129","28,04","28,04","31,5056179775","34,3277773256","R$ 28,04 (31,51%)","1,2992208485",5,"56,51","63,4943820225","R$ 56,51 (63,49%)","R$ 56,51 (63,49%)","636,9733969697","636,9733969697","636,9733969697","636,9733969697",,,,,,,,,,,,,,
FFgjfwlhSFOFojy8h2IbzA,eduardo.caires@hotmail.com,,CALAPIRI,88,1,44,"144,32","33,8664516129","27,6616666667","27,6616666667","31,4337121212","34,3277773256","R$ 27,66 (31,43%)","1,2992208485",5,"55,9383333333","63,5662878788","R$ 55,94 (63,57%)","R$ 55,94 (63,57%)","636,9733969697","636,9733969697","636,9733969697","636,9733969697",,,,,,,,,,,,,,
d7NewxGUR0SbELAjlQH49w,eduardo.caires@hotmail.com,,CAMPONESA,93,1,44,"144,32","33,8664516129","39,2783333333","39,2783333333","42,2347670251","34,3277773256","R$ 39,28 (42,23%)","1,2992208485",5,"49,0716666667","52,7652329749","R$ 49,07 (52,77%)","R$ 49,07 (52,77%)","636,9733969697","636,9733969697","636,9733969697","636,9733969697",,,,,,,,,,,,,,
fZZA0JzMT7Sa8DgSx.DtoQ,eduardo.caires@hotmail.com,,CATUPIRI,87,1,44,"144,32","33,8664516129","34,9203333333","34,9203333333","40,1383141762","34,3277773256","R$ 34,92 (40,14%)","1,2992208485",5,"47,7296666667","54,8616858238","R$ 47,73 (54,86%)","R$ 47,73 (54,86%)","636,9733969697","636,9733969697","636,9733969697","636,9733969697",,,,,,,,,,,,,,
5PjVVnXdTseN-RHoeKq3-w,eduardo.caires@hotmail.com,,CINCO QUEIJOS,92,1,44,"144,32","33,8664516129","39,5556666667","39,5556666667","42,9952898551","34,3277773256","R$ 39,56 (43,00%)","1,2992208485",5,"47,8443333333","52,0047101449","R$ 47,84 (52,00%)","R$ 47,84 (52,00%)","636,9733969697","636,9733969697","636,9733969697","636,9733969697",,,,,,,,,,,,,,
YHlXo2aMTR29xvOSgha9wA,eduardo.caires@hotmail.com,,QUATRO QUEIJOS,90,1,44,"144,32","33,8664516129","37,5736666667","37,5736666667","41,7485185185","34,3277773256","R$ 37,57 (41,75%)","1,2992208485",5,"47,9263333333","53,2514814815","R$ 47,93 (53,25%)","R$ 47,93 (53,25%)","636,9733969697","636,9733969697","636,9733969697","636,9733969697",,,,,,,,,,,,,,
mpBMTtx0T629n-SRQJnzSg,eduardo.caires@hotmail.com,,DA CASA,95,1,44,"144,32","33,8664516129","42,6961666667","42,6961666667","44,9433333333","34,3277773256","R$ 42,70 (44,94%)","1,2992208485",5,"47,5538333333","50,0566666667","R$ 47,55 (50,06%)","R$ 47,55 (50,06%)","636,9733969697","636,9733969697","636,9733969697","636,9733969697",,,,,,,,,,,,,,
utjIL0n-ScuesKuGKBAYWQ,eduardo.caires@hotmail.com,,EXOTIC,87,1,44,"144,32","33,8664516129","29,9285","29,9285","34,4005747126","34,3277773256","R$ 29,93 (34,40%)","1,2992208485",5,"52,7215","60,5994252874","R$ 52,72 (60,60%)","R$ 52,72 (60,60%)","636,9733969697","636,9733969697","636,9733969697","636,9733969697",,,,,,,,,,,,,,
fXXTngHmQzygfB4RIhFSDw,eduardo.caires@hotmail.com,,CALABRESA ESPECIAL,93,1,44,"144,32","33,8664516129","31,9982941176","31,9982941176","34,4067678684","34,3277773256","R$ 32,00 (34,41%)","1,2992208485",5,"56,3517058824","60,5932321316","R$ 56,35 (60,59%)","R$ 56,35 (60,59%)","636,9733969697","636,9733969697","636,9733969697","636,9733969697",,,,,,,,,,,,,,
nyPYCZnaSAaPxSvZ.bT2dg,eduardo.caires@hotmail.com,,FRANGO,89,1,44,"144,32","33,8664516129","25,5111666667","25,5111666667","28,6642322097","34,3277773256","R$ 25,51 (28,66%)","1,2992208485",5,"59,0388333333","66,3357677903","R$ 59,04 (66,34%)","R$ 59,04 (66,34%)","636,9733969697","636,9733969697","636,9733969697","636,9733969697",,,,,,,,,,,,,,
ApCAfaNAT2WKrkRFFO9ymg,eduardo.caires@hotmail.com,,FRANGO II,92,1,44,"144,32","33,8664516129","37,1725784314","37,1725784314","40,4049765558","34,3277773256","R$ 37,17 (40,40%)","1,2992208485",5,"50,2274215686","54,5950234442","R$ 50,23 (54,60%)","R$ 50,23 (54,60%)","636,9733969697","636,9733969697","636,9733969697","636,9733969697",,,,,,,,,,,,,,
ml8xqb7PQM-hWU-FfS72kA,eduardo.caires@hotmail.com,,FRANGO III,97,1,44,"144,32","33,8664516129","37,2284607843","37,2284607843","38,3798564787","34,3277773256","R$ 37,23 (38,38%)","1,2992208485",5,"54,9215392157","56,6201435213","R$ 54,92 (56,62%)","R$ 54,92 (56,62%)","636,9733969697","636,9733969697","636,9733969697","636,9733969697",,,,,,,,,,,,,,
HVH57aTMQMOKD0wELdjU3A,eduardo.caires@hotmail.com,,LOMBINHO,89,1,44,"144,32","33,8664516129","31,6053333333","31,6053333333","35,5116104869","34,3277773256","R$ 31,61 (35,51%)","1,2992208485",5,"52,9446666667","59,4883895131","R$ 52,94 (59,49%)","R$ 52,94 (59,49%)","636,9733969697","636,9733969697","636,9733969697","636,9733969697",,,,,,,,,,,,,,
IKI..92bSzmB56AYoffDfg,eduardo.caires@hotmail.com,,MADRE,89,1,44,"144,32","33,8664516129","32,682","32,682","36,7213483146","34,3277773256","R$ 32,68 (36,72%)","1,2992208485",5,"51,868","58,2786516854","R$ 51,87 (58,28%)","R$ 51,87 (58,28%)","636,9733969697","636,9733969697","636,9733969697","636,9733969697",,,,,,,,,,,,,,
6Y0A6WERTLaUDEBY7jRwDw,eduardo.caires@hotmail.com,,PALMITO,93,1,44,"144,32","33,8664516129","36,0453333333","36,0453333333","38,7584229391","34,3277773256","R$ 36,05 (38,76%)","1,2992208485",5,"52,3046666667","56,2415770609","R$ 52,30 (56,24%)","R$ 52,30 (56,24%)","636,9733969697","636,9733969697","636,9733969697","636,9733969697",,,,,,,,,,,,,,
iHs2mkwvQyO0K3NEX0VM4w,pac.simone@hotmail.com,,Abacaxi Nevado - Pizza Broto,"77,9",1,44,"144,32","33,8664516129","21,9275","21,9275","28,148267009","34,3277773256","R$ 21,93 (28,15%)","1,2992208485",5,"52,0775","66,851732991","R$ 52,08 (66,85%)","R$ 52,08 (66,85%)","636,9733969697","636,9733969697","636,9733969697","636,9733969697",,,,,,,,,,,,,,
dJJYtgACRnGvuWcwgM-iDA,pac.simone@hotmail.com,,Abacaxi Nevado,"121,8",1,44,"144,32","33,8664516129","38,687","38,687","31,76272578","34,3277773256","R$ 38,69 (31,76%)","1,2992208485",5,"77,023","63,23727422","R$ 77,02 (63,24%)","R$ 77,02 (63,24%)","636,9733969697","636,9733969697","636,9733969697","636,9733969697",,,,,,,,,,,,,,
Ztc9U4JZTO25YvuQp2HYGQ,pac.simone@hotmail.com,,Amêndoas - Pizza Broto,"76,9",1,44,"144,32","33,8664516129","18,51135","18,51135","24,071976593","34,3277773256","R$ 18,51 (24,07%)","1,2992208485",5,"54,54365","70,928023407","R$ 54,54 (70,93%)","R$ 54,54 (70,93%)","636,9733969697","636,9733969697","636,9733969697","636,9733969697",,,,,,,,,,,,,,
G1EVRvkqS5SBBhdVW1aEPQ,pac.simone@hotmail.com,,Amêndoas - Pizza Grande,"119,8",1,44,"144,32","33,8664516129","32,5815","32,5815","27,1965776294","34,3277773256","R$ 32,58 (27,20%)","1,2992208485",5,"81,2285","67,8034223706","R$ 81,23 (67,80%)","R$ 81,23 (67,80%)","636,9733969697","636,9733969697","636,9733969697","636,9733969697",,,,,,,,,,,,,,
l0z1mvC1TNyamH8345fQEQ,viveresorveteria25@gmail.com,,Açaí 360ml + 3 Complementos Grátis,"27,2",1,44,"144,32","33,8664516129","8,7158","8,7158","32,0433823529","34,3277773256","R$ 8,72 (32,04%)","1,2992208485",5,"17,1242","62,9566176471","R$ 17,12 (62,96%)","R$ 17,12 (62,96%)","636,9733969697","636,9733969697","636,9733969697","636,9733969697",,,,,,,,,,,,,,
vKHZjPBxQnGUSQZwI26BjA,eduardo.caires@hotmail.com,,PASQUALINA,93,1,44,"144,32","33,8664516129","42,5903333333","42,5903333333","45,7960573477","34,3277773256","R$ 42,59 (45,80%)","1,2992208485",5,"45,7596666667","49,2039426523","R$ 45,76 (49,20%)","R$ 45,76 (49,20%)","636,9733969697","636,9733969697","636,9733969697","636,9733969697",,,,,,,,,,,,,,
XpXMjgJUTX2vFry8m9pb5g,eduardo.caires@hotmail.com,,PAULISTA,93,1,44,"144,32","33,8664516129","30,012","30,012","32,2709677419","34,3277773256","R$ 30,01 (32,27%)","1,2992208485",5,"58,338","62,7290322581","R$ 58,34 (62,73%)","R$ 58,34 (62,73%)","636,9733969697","636,9733969697","636,9733969697","636,9733969697",,,,,,,,,,,,,,
4N0n0tNfSdSdp0dpYP3OBw,eduardo.caires@hotmail.com,,PAULISTA II,96,1,44,"144,32","33,8664516129","39,9803333333","39,9803333333","41,6461805556","34,3277773256","R$ 39,98 (41,65%)","1,2992208485",5,"51,2196666667","53,3538194444","R$ 51,22 (53,35%)","R$ 51,22 (53,35%)","636,9733969697","636,9733969697","636,9733969697","636,9733969697",,,,,,,,,,,,,,
iQlxk7yITWqlrf6oysEyjQ,eduardo.caires@hotmail.com,,PEPPERONI,98,1,44,"144,32","33,8664516129","33,4275","33,4275","34,1096938776","34,3277773256","R$ 33,43 (34,11%)","1,2992208485",5,"59,6725","60,8903061224","R$ 59,67 (60,89%)","R$ 59,67 (60,89%)","636,9733969697","636,9733969697","636,9733969697","636,9733969697",,,,,,,,,,,,,,
0zoeaKiUQeeNViqEO6SFUg,eduardo.caires@hotmail.com,,PIZZAIOLO,92,1,44,"144,32","33,8664516129","35,7345","35,7345","38,8418478261","34,3277773256","R$ 35,73 (38,84%)","1,2992208485",5,"51,6655","56,1581521739","R$ 51,67 (56,16%)","R$ 51,67 (56,16%)","636,9733969697","636,9733969697","636,9733969697","636,9733969697",,,,,,,,,,,,,,
uN.ZTge6StKbanoOxU6tkA,eduardo.caires@hotmail.com,,PORTUGUESA,97,1,44,"144,32","33,8664516129","34,0595","34,0595","35,1128865979","34,3277773256","R$ 34,06 (35,11%)","1,2992208485",5,"58,0905","59,8871134021","R$ 58,09 (59,89%)","R$ 58,09 (59,89%)","636,9733969697","636,9733969697","636,9733969697","636,9733969697",,,,,,,,,,,,,,
bs3xYLXyS8OIFdAAHxhFAQ,eduardo.caires@hotmail.com,,PRESUNTO,87,1,44,"144,32","33,8664516129","25,4995","25,4995","29,3097701149","34,3277773256","R$ 25,50 (29,31%)","1,2992208485",5,"57,1505","65,6902298851","R$ 57,15 (65,69%)","R$ 57,15 (65,69%)","636,9733969697","636,9733969697","636,9733969697","636,9733969697",,,,,,,,,,,,,,
HmnhnhsnTGSY84CO0oGpwg,eduardo.caires@hotmail.com,,SANTA FÉ,93,1,44,"144,32","33,8664516129","36,6803333333","36,6803333333","39,441218638","34,3277773256","R$ 36,68 (39,44%)","1,2992208485",5,"51,6696666667","55,558781362","R$ 51,67 (55,56%)","R$ 51,67 (55,56%)","636,9733969697","636,9733969697","636,9733969697","636,9733969697",,,,,,,,,,,,,,
ZnVuqIV1TDuzkz1yzcIr1Q,eduardo.caires@hotmail.com,,SICILIANA,88,1,44,"144,32","33,8664516129","33,536","33,536","38,1090909091","34,3277773256","R$ 33,54 (38,11%)","1,2992208485",5,"50,064","56,8909090909","R$ 50,06 (56,89%)","R$ 50,06 (56,89%)","636,9733969697","636,9733969697","636,9733969697","636,9733969697",,,,,,,,,,,,,,
2ILlRnwBScKRU.KP55if9Q,eduardo.caires@hotmail.com,,TOMATE SECO,89,1,44,"144,32","33,8664516129","33,3905714286","33,3905714286","37,5174959872","34,3277773256","R$ 33,39 (37,52%)","1,2992208485",5,"51,1594285714","57,4825040128","R$ 51,16 (57,48%)","R$ 51,16 (57,48%)","636,9733969697","636,9733969697","636,9733969697","636,9733969697",,,,,,,,,,,,,,
8WhTDEf5QC-HyGHfbKw7Og,eduardo.caires@hotmail.com,,VEGETAL,91,1,44,"144,32","33,8664516129","32,1664117647","32,1664117647","35,3477052359","34,3277773256","R$ 32,17 (35,35%)","1,2992208485",5,"54,2835882353","59,6522947641","R$ 54,28 (59,65%)","R$ 54,28 (59,65%)","636,9733969697","636,9733969697","636,9733969697","636,9733969697",,,,,,,,,,,,,,
R22Xi6KaQCOJ0wdqKUZZMQ,eduardo.caires@hotmail.com,,PEITO DE PERU,92,1,44,"144,32","33,8664516129","38,2753333333","38,2753333333","41,6036231884","34,3277773256","R$ 38,28 (41,60%)","1,2992208485",5,"49,1246666667","53,3963768116","R$ 49,12 (53,40%)","R$ 49,12 (53,40%)","636,9733969697","636,9733969697","636,9733969697","636,9733969697",,,,,,,,,,,,,,
KKvBfZ2DSwmdWXYiO57Uog,eduardo.caires@hotmail.com,,PERUANA,92,1,44,"144,32","33,8664516129","49,6165098039","49,6165098039","53,9309889173","34,3277773256","R$ 49,62 (53,93%)","1,2992208485",5,"37,7834901961","41,0690110827","R$ 37,78 (41,07%)","R$ 37,78 (41,07%)","636,9733969697","636,9733969697","636,9733969697","636,9733969697",,,,,,,,,,,,,,
DcM91wlVRl27xcXdabjJxg,eduardo.caires@hotmail.com,,STROGONOFF DE CARNE,99,1,44,"144,32","33,8664516129","31,5","31,5","31,8181818182","34,3277773256","R$ 31,50 (31,82%)","1,2992208485",5,"62,55","63,1818181818","R$ 62,55 (63,18%)","R$ 62,55 (63,18%)","636,9733969697","636,9733969697","636,9733969697","636,9733969697",,,,,,,,,,,,,,
QVGqk-SMT3Kt31Nst6O45g,eduardo.caires@hotmail.com,,STROGONOFF DE FRANGO,94,1,44,"144,32","33,8664516129","28,75","28,75","30,585106383","34,3277773256","R$ 28,75 (30,59%)","1,2992208485",5,"60,55","64,414893617","R$ 60,55 (64,41%)","R$ 60,55 (64,41%)","636,9733969697","636,9733969697","636,9733969697","636,9733969697",,,,,,,,,,,,,,
AZZeXAitSSOS8ME4NYiovQ,eduardo.caires@hotmail.com,,AVE CESAR,99,1,44,"144,32","33,8664516129","50,9924904762","50,9924904762","51,5075661376","34,3277773256","R$ 50,99 (51,51%)","1,2992208485",5,"43,0575095238","43,4924338624","R$ 43,06 (43,49%)","R$ 43,06 (43,49%)","636,9733969697","636,9733969697","636,9733969697","636,9733969697",,,,,,,,,,,,,,
o.kkm0FkQ-yCBd3cyjb3nQ,eduardo.caires@hotmail.com,,BRUNA,91,1,44,"144,32","33,8664516129","35,8228333333","35,8228333333","39,3657509158","34,3277773256","R$ 35,82 (39,37%)","1,2992208485",5,"50,6271666667","55,6342490842","R$ 50,63 (55,63%)","R$ 50,63 (55,63%)","636,9733969697","636,9733969697","636,9733969697","636,9733969697",,,,,,,,,,,,,,
XYPzQFz9SdSTwaY3CjhqkQ,eduardo.caires@hotmail.com,,CAPERI,98,1,44,"144,32","33,8664516129","53,1096904762","53,1096904762","54,1935617104","34,3277773256","R$ 53,11 (54,19%)","1,2992208485",5,"39,9903095238","40,8064382896","R$ 39,99 (40,81%)","R$ 39,99 (40,81%)","636,9733969697","636,9733969697","636,9733969697","636,9733969697",,,,,,,,,,,,,,
9Pn2roZgTDel0hkCClVNmw,eduardo.caires@hotmail.com,,CARNE SECA,99,1,44,"144,32","33,8664516129","44,957","44,957","45,4111111111","34,3277773256","R$ 44,96 (45,41%)","1,2992208485",5,"49,093","49,5888888889","R$ 49,09 (49,59%)","R$ 49,09 (49,59%)","636,9733969697","636,9733969697","636,9733969697","636,9733969697",,,,,,,,,,,,,,
l1n12a-KTeCnRFH4fvLqaA,eduardo.caires@hotmail.com,,CRIS,94,1,44,"144,32","33,8664516129","39,5988","39,5988","42,1263829787","34,3277773256","R$ 39,60 (42,13%)","1,2992208485",5,"49,7012","52,8736170213","R$ 49,70 (52,87%)","R$ 49,70 (52,87%)","636,9733969697","636,9733969697","636,9733969697","636,9733969697",,,,,,,,,,,,,,
rRbxgL6CTTScYoTJsjYP0Q,eduardo.caires@hotmail.com,,DON PEPPERONI,99,1,44,"144,32","33,8664516129","31,2218","31,2218","31,5371717172","34,3277773256","R$ 31,22 (31,54%)","1,2992208485",5,"62,8282","63,4628282828","R$ 62,83 (63,46%)","R$ 62,83 (63,46%)","636,9733969697","636,9733969697","636,9733969697","636,9733969697",,,,,,,,,,,,,,
cwroLXORReGr6Mb1k13tyQ,eduardo.caires@hotmail.com,,DR ICARO,92,1,44,"144,32","33,8664516129","36,7975","36,7975","39,9972826087","34,3277773256","R$ 36,80 (40,00%)","1,2992208485",5,"50,6025","55,0027173913","R$ 50,60 (55,00%)","R$ 50,60 (55,00%)","636,9733969697","636,9733969697","636,9733969697","636,9733969697",,,,,,,,,,,,,,
s7OeaLL0RO6w4p03BkRRCQ,eduardo.caires@hotmail.com,,COSTELA,99,1,44,"144,32","33,8664516129","45,8715833333","45,8715833333","46,3349326599","34,3277773256","R$ 45,87 (46,33%)","1,2992208485",5,"48,1784166667","48,6650673401","R$ 48,18 (48,67%)","R$ 48,18 (48,67%)","636,9733969697","636,9733969697","636,9733969697","636,9733969697",,,,,,,,,,,,,,
GHPNGRpHTQy.KoY1fC2mJQ,eduardo.caires@hotmail.com,,HELO,90,1,44,"144,32","33,8664516129","40,7603333333","40,7603333333","45,2892592593","34,3277773256","R$ 40,76 (45,29%)","1,2992208485",5,"44,7396666667","49,7107407407","R$ 44,74 (49,71%)","R$ 44,74 (49,71%)","636,9733969697","636,9733969697","636,9733969697","636,9733969697",,,,,,,,,,,,,,
hqvaA8qjSzuZ-iCg-4oBsw,eduardo.caires@hotmail.com,,IZABEL,91,1,44,"144,32","33,8664516129","30,6678333333","30,6678333333","33,7009157509","34,3277773256","R$ 30,67 (33,70%)","1,2992208485",5,"55,7821666667","61,2990842491","R$ 55,78 (61,30%)","R$ 55,78 (61,30%)","636,9733969697","636,9733969697","636,9733969697","636,9733969697",,,,,,,,,,,,,,
2SVKebaETVi1PnrOTeKCBQ,eduardo.caires@hotmail.com,,LINO,90,1,44,"144,32","33,8664516129","36,2928333333","36,2928333333","40,3253703704","34,3277773256","R$ 36,29 (40,33%)","1,2992208485",5,"49,2071666667","54,6746296296","R$ 49,21 (54,67%)","R$ 49,21 (54,67%)","636,9733969697","636,9733969697","636,9733969697","636,9733969697",,,,,,,,,,,,,,
AAC1V-MuQCC32PBrN4SIAQ,eduardo.caires@hotmail.com,,LUIZ,98,1,44,"144,32","33,8664516129","40,4875","40,4875","41,3137755102","34,3277773256","R$ 40,49 (41,31%)","1,2992208485",5,"52,6125","53,6862244898","R$ 52,61 (53,69%)","R$ 52,61 (53,69%)","636,9733969697","636,9733969697","636,9733969697","636,9733969697",,,,,,,,,,,,,,
TjbIgfi1SJa-rRve0p.SBQ,eduardo.caires@hotmail.com,,MARGUERITA II,96,1,44,"144,32","33,8664516129","45,0048571429","45,0048571429","46,8800595238","34,3277773256","R$ 45,00 (46,88%)","1,2992208485",5,"46,1951428571","48,1199404762","R$ 46,20 (48,12%)","R$ 46,20 (48,12%)","636,9733969697","636,9733969697","636,9733969697","636,9733969697",,,,,,,,,,,,,,
lEkWiKL.SRePaOliQDqA8A,eduardo.caires@hotmail.com,,MEXICANA,92,1,44,"144,32","33,8664516129","32,9895","32,9895","35,8581521739","34,3277773256","R$ 32,99 (35,86%)","1,2992208485",5,"54,4105","59,1418478261","R$ 54,41 (59,14%)","R$ 54,41 (59,14%)","636,9733969697","636,9733969697","636,9733969697","636,9733969697",,,,,,,,,,,,,,
ElTp8tYMTjKn6XXlaOjKCA,eduardo.caires@hotmail.com,,MODA DO CHEFE,96,1,44,"144,32","33,8664516129","52,0369019608","52,0369019608","54,2051062092","34,3277773256","R$ 52,04 (54,21%)","1,2992208485",5,"39,1630980392","40,7948937908","R$ 39,16 (40,79%)","R$ 39,16 (40,79%)","636,9733969697","636,9733969697","636,9733969697","636,9733969697",,,,,,,,,,,,,,
ddt8wviISCmrBXgUxBZJMQ,eduardo.caires@hotmail.com,,PIZZA DO CORAÇÃO,99,1,44,"144,32","33,8664516129","51,5563571429","51,5563571429","52,0771284271","34,3277773256","R$ 51,56 (52,08%)","1,2992208485",5,"42,4936428571","42,9228715729","R$ 42,49 (42,92%)","R$ 42,49 (42,92%)","636,9733969697","636,9733969697","636,9733969697","636,9733969697",,,,,,,,,,,,,,
8ZQzEiLNQiGDWw27w55vvQ,eduardo.caires@hotmail.com,,ROBERTO,98,1,44,"144,32","33,8664516129","45,5711904762","45,5711904762","46,5012147716","34,3277773256","R$ 45,57 (46,50%)","1,2992208485",5,"47,5288095238","48,4987852284","R$ 47,53 (48,50%)","R$ 47,53 (48,50%)","636,9733969697","636,9733969697","636,9733969697","636,9733969697",,,,,,,,,,,,,,
ltVjz7L0T7-6ZNUQ1QZlMw,eduardo.caires@hotmail.com,,SÉRGIO,94,1,44,"144,32","33,8664516129","52,0173571429","52,0173571429","55,3376139818","34,3277773256","R$ 52,02 (55,34%)","1,2992208485",5,"37,2826428571","39,6623860182","R$ 37,28 (39,66%)","R$ 37,28 (39,66%)","636,9733969697","636,9733969697","636,9733969697","636,9733969697",,,,,,,,,,,,,,
DHkeYUHmRRWCHTb2VsgEug,eduardo.caires@hotmail.com,,STEPHANIE,94,1,44,"144,32","33,8664516129","47,3483333333","47,3483333333","50,3705673759","34,3277773256","R$ 47,35 (50,37%)","1,2992208485",5,"41,9516666667","44,6294326241","R$ 41,95 (44,63%)","R$ 41,95 (44,63%)","636,9733969697","636,9733969697","636,9733969697","636,9733969697",,,,,,,,,,,,,,
pWrovR1WRHCAKd0Xfo1Bwg,eduardo.caires@hotmail.com,,ZUCHINI,93,1,44,"144,32","33,8664516129","28,142","28,142","30,2602150538","34,3277773256","R$ 28,14 (30,26%)","1,2992208485",5,"60,208","64,7397849462","R$ 60,21 (64,74%)","R$ 60,21 (64,74%)","636,9733969697","636,9733969697","636,9733969697","636,9733969697",,,,,,,,,,,,,,
b4dHoLJmTW-SgKD4sV00TQ,eduardo.caires@hotmail.com,,LUIS FELIPE,95,1,44,"144,32","33,8664516129","42,9763333333","42,9763333333","45,238245614","34,3277773256","R$ 42,98 (45,24%)","1,2992208485",5,"47,2736666667","49,761754386","R$ 47,27 (49,76%)","R$ 47,27 (49,76%)","636,9733969697","636,9733969697","636,9733969697","636,9733969697",,,,,,,,,,,,,,
Gil3xbxfShmIq9jc3unUxg,eduardo.caires@hotmail.com,,DON FRANCESCO,97,1,44,"144,32","33,8664516129","47,1051333333","47,1051333333","48,5619931271","34,3277773256","R$ 47,11 (48,56%)","1,2992208485",5,"45,0448666667","46,4380068729","R$ 45,04 (46,44%)","R$ 45,04 (46,44%)","636,9733969697","636,9733969697","636,9733969697","636,9733969697",,,,,,,,,,,,,,
K4oLdR9STLuEx4ftQJM1ZA,eduardo.caires@hotmail.com,,PIMBA,89,1,44,"144,32","33,8664516129","32,1585686275","32,1585686275","36,1332231769","34,3277773256","R$ 32,16 (36,13%)","1,2992208485",5,"52,3914313725","58,8667768231","R$ 52,39 (58,87%)","R$ 52,39 (58,87%)","636,9733969697","636,9733969697","636,9733969697","636,9733969697",,,,,,,,,,,,,,
tuig.REHSK2c1FPcIiiZow,eduardo.caires@hotmail.com,,ZUCHINI ESPECIAL,99,1,44,"144,32","33,8664516129","35,9858","35,9858","36,3492929293","34,3277773256","R$ 35,99 (36,35%)","1,2992208485",5,"58,0642","58,6507070707","R$ 58,06 (58,65%)","R$ 58,06 (58,65%)","636,9733969697","636,9733969697","636,9733969697","636,9733969697",,,,,,,,,,,,,,
WjxzVCYoS-GttCo9meu7mw,eduardo.caires@hotmail.com,,ZUCHINI COM BACON,97,1,44,"144,32","33,8664516129","38,7760833333","38,7760833333","39,9753436426","34,3277773256","R$ 38,78 (39,98%)","1,2992208485",5,"53,3739166667","55,0246563574","R$ 53,37 (55,02%)","R$ 53,37 (55,02%)","636,9733969697","636,9733969697","636,9733969697","636,9733969697",,,,,,,,,,,,,,
jUnUB4qmTSSsBoNWlP5eSw,eduardo.caires@hotmail.com,,XV DE PIRACICABA,98,1,44,"144,32","33,8664516129",,,,"34,3277773256", (),"1,2992208485",5,"93,1",95,"R$ 93,10 (95,00%)",,"636,9733969697","636,9733969697","636,9733969697","636,9733969697",,,,,,,,,,,,,,
OoqU90tdSjayE8a.fz73aQ,eduardo.caires@hotmail.com,,ALHO MÉDIA,64,1,44,"144,32","33,8664516129","18,768","18,768","29,325","34,3277773256","R$ 18,77 (29,32%)","1,2992208485",5,"42,032","65,675","R$ 42,03 (65,68%)","R$ 42,03 (65,68%)","636,9733969697","636,9733969697","636,9733969697","636,9733969697",,,,,,,,,,,,,,
a6CAHAgARMiQBySxgH9.GQ,eduardo.caires@hotmail.com,,BACON MEDIA,64,1,44,"144,32","33,8664516129","18,826","18,826","29,415625","34,3277773256","R$ 18,83 (29,42%)","1,2992208485",5,"41,974","65,584375","R$ 41,97 (65,58%)","R$ 41,97 (65,58%)","636,9733969697","636,9733969697","636,9733969697","636,9733969697",,,,,,,,,,,,,,
RFSbx9gOS3WAX0NV6bi-ig,eduardo.caires@hotmail.com,,BAIANA MEDIA,64,1,44,"144,32","33,8664516129","17,742","17,742","27,721875","34,3277773256","R$ 17,74 (27,72%)","1,2992208485",5,"43,058","67,278125","R$ 43,06 (67,28%)","R$ 43,06 (67,28%)","636,9733969697","636,9733969697","636,9733969697","636,9733969697",,,,,,,,,,,,,,
DWwj84QRRtWLLEoyNzYarA,eduardo.caires@hotmail.com,,CALABRESA I MEDIA,64,1,44,"144,32","33,8664516129","15,9855","15,9855","24,97734375","34,3277773256","R$ 15,99 (24,98%)","1,2992208485",5,"44,8145","70,02265625","R$ 44,81 (70,02%)","R$ 44,81 (70,02%)","636,9733969697","636,9733969697","636,9733969697","636,9733969697",,,,,,,,,,,,,,
oCEJUWnDRzuNpqiOtsQhxg,eduardo.caires@hotmail.com,,CALABRESA II MEDIA,64,1,44,"144,32","33,8664516129","17,128","17,128","26,7625","34,3277773256","R$ 17,13 (26,76%)","1,2992208485",5,"43,672","68,2375","R$ 43,67 (68,24%)","R$ 43,67 (68,24%)","636,9733969697","636,9733969697","636,9733969697","636,9733969697",,,,,,,,,,,,,,
rPepumxBTHe8L-irdHMr4g,eduardo.caires@hotmail.com,,CALABRESA III MEDIA,64,1,44,"144,32","33,8664516129","15,628","15,628","24,41875","34,3277773256","R$ 15,63 (24,42%)","1,2992208485",5,"45,172","70,58125","R$ 45,17 (70,58%)","R$ 45,17 (70,58%)","636,9733969697","636,9733969697","636,9733969697","636,9733969697",,,,,,,,,,,,,,
6TBmFNM0St-traH.jUmQbA,eduardo.caires@hotmail.com,,CALABRESA IV MEDIA,64,1,44,"144,32","33,8664516129","15,1335","15,1335","23,64609375","34,3277773256","R$ 15,13 (23,65%)","1,2992208485",5,"45,6665","71,35390625","R$ 45,67 (71,35%)","R$ 45,67 (71,35%)","636,9733969697","636,9733969697","636,9733969697","636,9733969697",,,,,,,,,,,,,,
ipWDv6PwQRmkDo5qZul5GA,eduardo.caires@hotmail.com,,MARGUERITA MEDIA,64,1,44,"144,32","33,8664516129","24,441","24,441","38,1890625","34,3277773256","R$ 24,44 (38,19%)","1,2992208485",5,"36,359","56,8109375","R$ 36,36 (56,81%)","R$ 36,36 (56,81%)","636,9733969697","636,9733969697","636,9733969697","636,9733969697",,,,,,,,,,,,,,
3Y8j8zoURcqDlYYlKqXLQw,eduardo.caires@hotmail.com,,MILHO MEDIA,64,1,44,"144,32","33,8664516129","21,7936470588","21,7936470588","34,0525735294","34,3277773256","R$ 21,79 (34,05%)","1,2992208485",5,"39,0063529412","60,9474264706","R$ 39,01 (60,95%)","R$ 39,01 (60,95%)","636,9733969697","636,9733969697","636,9733969697","636,9733969697",,,,,,,,,,,,,,
NDHWQHhvQB6W3n-hCL68IQ,eduardo.caires@hotmail.com,,MISTA MEDIA,64,1,44,"144,32","33,8664516129","17,432","17,432","27,2375","34,3277773256","R$ 17,43 (27,24%)","1,2992208485",5,"43,368","67,7625","R$ 43,37 (67,76%)","R$ 43,37 (67,76%)","636,9733969697","636,9733969697","636,9733969697","636,9733969697",,,,,,,,,,,,,,
ipsP9AzfS86rpaJkNjYLOg,eduardo.caires@hotmail.com,,MUSSARELA MEDIA,64,1,44,"144,32","33,8664516129","17,101","17,101","26,7203125","34,3277773256","R$ 17,10 (26,72%)","1,2992208485",5,"43,699","68,2796875","R$ 43,70 (68,28%)","R$ 43,70 (68,28%)","636,9733969697","636,9733969697","636,9733969697","636,9733969697",,,,,,,,,,,,,,
Dd5NCs3qTRa.S24BM9dAgg,eduardo.caires@hotmail.com,,NAPOLITANA MEDIA,64,1,44,"144,32","33,8664516129","20,316","20,316","31,74375","34,3277773256","R$ 20,32 (31,74%)","1,2992208485",5,"40,484","63,25625","R$ 40,48 (63,26%)","R$ 40,48 (63,26%)","636,9733969697","636,9733969697","636,9733969697","636,9733969697",,,,,,,,,,,,,,
a-RoYmdwlSHuFcpn32B9Biw,eduardo.caires@hotmail.com,,TOSCANA MEDIA,64,1,44,"144,32","33,8664516129","17,903","17,903","27,9734375","34,3277773256","R$ 17,90 (27,97%)","1,2992208485",5,"42,897","67,0265625","R$ 42,90 (67,03%)","R$ 42,90 (67,03%)","636,9733969697","636,9733969697","636,9733969697","636,9733969697",,,,,,,,,,,,,,
0bTm.oblSXSydHn8aIZoOA,eduardo.caires@hotmail.com,,ALICHE MEDIA,69,1,44,"144,32","33,8664516129","20,4676666667","20,4676666667","29,6632850242","34,3277773256","R$ 20,47 (29,66%)","1,2992208485",5,"45,0823333333","65,3367149758","R$ 45,08 (65,34%)","R$ 45,08 (65,34%)","636,9733969697","636,9733969697","636,9733969697","636,9733969697",,,,,,,,,,,,,,
powgxDsQSrOwnsBTiNTTfA,eduardo.caires@hotmail.com,,AMERICANA MEDIA,76,1,44,"144,32","33,8664516129","32,421","32,421","42,6592105263","34,3277773256","R$ 32,42 (42,66%)","1,2992208485",5,"39,779","52,3407894737","R$ 39,78 (52,34%)","R$ 39,78 (52,34%)","636,9733969697","636,9733969697","636,9733969697","636,9733969697",,,,,,,,,,,,,,
UdYsz6UxQeO.DZu-MDjhmg,eduardo.caires@hotmail.com,,ATUM MEDIA,71,1,44,"144,32","33,8664516129","20,966","20,966","29,5295774648","34,3277773256","R$ 20,97 (29,53%)","1,2992208485",5,"46,484","65,4704225352","R$ 46,48 (65,47%)","R$ 46,48 (65,47%)","636,9733969697","636,9733969697","636,9733969697","636,9733969697",,,,,,,,,,,,,,
6eauk7coSPaJBCX9FJbAHg,eduardo.caires@hotmail.com,,ATUM II MEDIA,73,1,44,"144,32","33,8664516129","26,556","26,556","36,3780821918","34,3277773256","R$ 26,56 (36,38%)","1,2992208485",5,"42,794","58,6219178082","R$ 42,79 (58,62%)","R$ 42,79 (58,62%)","636,9733969697","636,9733969697","636,9733969697","636,9733969697",,,,,,,,,,,,,,
wNrnV9ntToqtRuucOtocSg,eduardo.caires@hotmail.com,,ATUM III MEDIA,75,1,44,"144,32","33,8664516129","33,616","33,616","44,8213333333","34,3277773256","R$ 33,62 (44,82%)","1,2992208485",5,"37,634","50,1786666667","R$ 37,63 (50,18%)","R$ 37,63 (50,18%)","636,9733969697","636,9733969697","636,9733969697","636,9733969697",,,,,,,,,,,,,,
SbrxHSQuR4mIyY8TyQUr8g,eduardo.caires@hotmail.com,,BELLA FRANGO MEDIA,75,1,44,"144,32","33,8664516129","20,616","20,616","27,488","34,3277773256","R$ 20,62 (27,49%)","1,2992208485",5,"50,634","67,512","R$ 50,63 (67,51%)","R$ 50,63 (67,51%)","636,9733969697","636,9733969697","636,9733969697","636,9733969697",,,,,,,,,,,,,,
P.rQFThgSK2n.GxJ59OwAA,eduardo.caires@hotmail.com,,BROCOLIS MEDIA,73,1,44,"144,32","33,8664516129","27,346","27,346","37,4602739726","34,3277773256","R$ 27,35 (37,46%)","1,2992208485",5,"42,004","57,5397260274","R$ 42,00 (57,54%)","R$ 42,00 (57,54%)","636,9733969697","636,9733969697","636,9733969697","636,9733969697",,,,,,,,,,,,,,
9H2bVOS6RkeheDdNZ5Cghw,eduardo.caires@hotmail.com,,CALABRESA V MEDIA,73,1,44,"144,32","33,8664516129","24,9525","24,9525","34,1815068493","34,3277773256","R$ 24,95 (34,18%)","1,2992208485",5,"44,3975","60,8184931507","R$ 44,40 (60,82%)","R$ 44,40 (60,82%)","636,9733969697","636,9733969697","636,9733969697","636,9733969697",,,,,,,,,,,,,,
a.p5lZN8PTsGYeBkTmy-m4w,eduardo.caires@hotmail.com,,CALAPIRY MEDIA,71,1,44,"144,32","33,8664516129","27,852","27,852","39,2281690141","34,3277773256","R$ 27,85 (39,23%)","1,2992208485",5,"39,598","55,7718309859","R$ 39,60 (55,77%)","R$ 39,60 (55,77%)","636,9733969697","636,9733969697","636,9733969697","636,9733969697",,,,,,,,,,,,,,
8ZH.qnvjT0CNfxqi4FgXlw,eduardo.caires@hotmail.com,,CAMPONESA MEDIA,76,1,44,"144,32","33,8664516129","28,3375","28,3375","37,2861842105","34,3277773256","R$ 28,34 (37,29%)","1,2992208485",5,"43,8625","57,7138157895","R$ 43,86 (57,71%)","R$ 43,86 (57,71%)","636,9733969697","636,9733969697","636,9733969697","636,9733969697",,,,,,,,,,,,,,
jE9CAEetSuuvqEeqWp5XqQ,eduardo.caires@hotmail.com,,CATUPIRY MEDIA,71,1,44,"144,32","33,8664516129","23,5676666667","23,5676666667","33,1938967136","34,3277773256","R$ 23,57 (33,19%)","1,2992208485",5,"43,8823333333","61,8061032864","R$ 43,88 (61,81%)","R$ 43,88 (61,81%)","636,9733969697","636,9733969697","636,9733969697","636,9733969697",,,,,,,,,,,,,,
gmKdoJatT5WGiVQbco4YQg,eduardo.caires@hotmail.com,,CINCO QUEIJOS MEDIA,76,1,44,"144,32","33,8664516129","32,8888","32,8888","43,2747368421","34,3277773256","R$ 32,89 (43,27%)","1,2992208485",5,"39,3112","51,7252631579","R$ 39,31 (51,73%)","R$ 39,31 (51,73%)","636,9733969697","636,9733969697","636,9733969697","636,9733969697",,,,,,,,,,,,,,
OaRjKTFVQBmnzUut6vufkA,eduardo.caires@hotmail.com,,DA CASA MEDIA,76,1,44,"144,32","33,8664516129","31,5445","31,5445","41,5059210526","34,3277773256","R$ 31,54 (41,51%)","1,2992208485",5,"40,6555","53,4940789474","R$ 40,66 (53,49%)","R$ 40,66 (53,49%)","636,9733969697","636,9733969697","636,9733969697","636,9733969697",,,,,,,,,,,,,,
JRjhP6ghRZSVsJpUoc5g5w,eduardo.caires@hotmail.com,,EXOTIC MEDIA,72,1,44,"144,32","33,8664516129","16,7348","16,7348","23,2427777778","34,3277773256","R$ 16,73 (23,24%)","1,2992208485",5,"51,6652","71,7572222222","R$ 51,67 (71,76%)","R$ 51,67 (71,76%)","636,9733969697","636,9733969697","636,9733969697","636,9733969697",,,,,,,,,,,,,,
MoV9-eBKQY-ijD058uz17g,eduardo.caires@hotmail.com,,CALABRESA ESPECIAL MEDIA,80,1,44,"144,32","33,8664516129","26,4444117647","26,4444117647","33,0555147059","34,3277773256","R$ 26,44 (33,06%)","1,2992208485",5,"49,5555882353","61,9444852941","R$ 49,56 (61,94%)","R$ 49,56 (61,94%)","636,9733969697","636,9733969697","636,9733969697","636,9733969697",,,,,,,,,,,,,,
r8xA2RfaRjqiQatvQrlwMw,eduardo.caires@hotmail.com,,FRANGO MEDIA,69,1,44,"144,32","33,8664516129","20,211","20,211","29,2913043478","34,3277773256","R$ 20,21 (29,29%)","1,2992208485",5,"45,339","65,7086956522","R$ 45,34 (65,71%)","R$ 45,34 (65,71%)","636,9733969697","636,9733969697","636,9733969697","636,9733969697",,,,,,,,,,,,,,
16GFd4o0Q5WW7glZYkCSeg,eduardo.caires@hotmail.com,,FRANGO II MEDIA,72,1,44,"144,32","33,8664516129","29,0786470588","29,0786470588","40,3870098039","34,3277773256","R$ 29,08 (40,39%)","1,2992208485",5,"39,3213529412","54,6129901961","R$ 39,32 (54,61%)","R$ 39,32 (54,61%)","636,9733969697","636,9733969697","636,9733969697","636,9733969697",,,,,,,,,,,,,,
AjoZb1ncR2alSv56B167NQ,eduardo.caires@hotmail.com,,FRANGO III MEDIA,76,1,44,"144,32","33,8664516129","35,3404117647","35,3404117647","46,5005417957","34,3277773256","R$ 35,34 (46,50%)","1,2992208485",5,"36,8595882353","48,4994582043","R$ 36,86 (48,50%)","R$ 36,86 (48,50%)","636,9733969697","636,9733969697","636,9733969697","636,9733969697",,,,,,,,,,,,,,
kUjK2TB.SDmH1coqxDxVNg,eduardo.caires@hotmail.com,,LOMBINHO MEDIA,73,1,44,"144,32","33,8664516129","24,321","24,321","33,3164383562","34,3277773256","R$ 24,32 (33,32%)","1,2992208485",5,"45,029","61,6835616438","R$ 45,03 (61,68%)","R$ 45,03 (61,68%)","636,9733969697","636,9733969697","636,9733969697","636,9733969697",,,,,,,,,,,,,,
NRa-KO03RQeRwZgiiYOxvw,eduardo.caires@hotmail.com,,MADRE MEDIA,74,1,44,"144,32","33,8664516129","29,751","29,751","40,2040540541","34,3277773256","R$ 29,75 (40,20%)","1,2992208485",5,"40,549","54,7959459459","R$ 40,55 (54,80%)","R$ 40,55 (54,80%)","636,9733969697","636,9733969697","636,9733969697","636,9733969697",,,,,,,,,,,,,,
NzylmjEhS5atHcz8r9YHjQ,eduardo.caires@hotmail.com,,PALMITO MEDIA,76,1,44,"144,32","33,8664516129","29,676","29,676","39,0473684211","34,3277773256","R$ 29,68 (39,05%)","1,2992208485",5,"42,524","55,9526315789","R$ 42,52 (55,95%)","R$ 42,52 (55,95%)","636,9733969697","636,9733969697","636,9733969697","636,9733969697",,,,,,,,,,,,,,
y0fGka1tSK6KhC4qZ6vlzA,eduardo.caires@hotmail.com,,PASQUALINA MEDIA,74,1,44,"144,32","33,8664516129","38,971","38,971","52,6635135135","34,3277773256","R$ 38,97 (52,66%)","1,2992208485",5,"31,329","42,3364864865","R$ 31,33 (42,34%)","R$ 31,33 (42,34%)","636,9733969697","636,9733969697","636,9733969697","636,9733969697",,,,,,,,,,,,,,
a.Sjd8.KYSwSyJgR7xn83xQ,eduardo.caires@hotmail.com,,PAULISTA MEDIA,76,1,44,"144,32","33,8664516129","23,691","23,691","31,1723684211","34,3277773256","R$ 23,69 (31,17%)","1,2992208485",5,"48,509","63,8276315789","R$ 48,51 (63,83%)","R$ 48,51 (63,83%)","636,9733969697","636,9733969697","636,9733969697","636,9733969697",,,,,,,,,,,,,,
b62oyERYTTu.n4HDNgciZw,eduardo.caires@hotmail.com,,PAULISTA II MEDIA,79,1,44,"144,32","33,8664516129","30,521","30,521","38,6341772152","34,3277773256","R$ 30,52 (38,63%)","1,2992208485",5,"44,529","56,3658227848","R$ 44,53 (56,37%)","R$ 44,53 (56,37%)","636,9733969697","636,9733969697","636,9733969697","636,9733969697",,,,,,,,,,,,,,
a-HSjipvZSl28WbkBhNCIWA,eduardo.caires@hotmail.com,,PEPPERONI MEDIA,81,1,44,"144,32","33,8664516129","24,2345","24,2345","29,9191358025","34,3277773256","R$ 24,23 (29,92%)","1,2992208485",5,"52,7155","65,0808641975","R$ 52,72 (65,08%)","R$ 52,72 (65,08%)","636,9733969697","636,9733969697","636,9733969697","636,9733969697",,,,,,,,,,,,,,
fHEpTbP7TfmSt8Z5ugkQkg,eduardo.caires@hotmail.com,,PIZZAIOLO MEDIA,74,1,44,"144,32","33,8664516129","29,2585","29,2585","39,5385135135","34,3277773256","R$ 29,26 (39,54%)","1,2992208485",5,"41,0415","55,4614864865","R$ 41,04 (55,46%)","R$ 41,04 (55,46%)","636,9733969697","636,9733969697","636,9733969697","636,9733969697",,,,,,,,,,,,,,
DbSMiHwjR1aBCSIjfgBTJg,eduardo.caires@hotmail.com,,PORTUGUESA MEDIA,76,1,44,"144,32","33,8664516129","27,1585","27,1585","35,7348684211","34,3277773256","R$ 27,16 (35,73%)","1,2992208485",5,"45,0415","59,2651315789","R$ 45,04 (59,27%)","R$ 45,04 (59,27%)","636,9733969697","636,9733969697","636,9733969697","636,9733969697",,,,,,,,,,,,,,
GCWuE7HMRyeyJKMu7NffQg,eduardo.caires@hotmail.com,,PRESUNTO MEDIA,66,1,44,"144,32","33,8664516129","20,5535","20,5535","31,1416666667","34,3277773256","R$ 20,55 (31,14%)","1,2992208485",5,"42,1465","63,8583333333","R$ 42,15 (63,86%)","R$ 42,15 (63,86%)","636,9733969697","636,9733969697","636,9733969697","636,9733969697",,,,,,,,,,,,,,
F81e5ZRpTSSFlRWdGAhiFQ,eduardo.caires@hotmail.com,,ROMANA MEDIA,74,1,44,"144,32","33,8664516129","31,3741666667","31,3741666667","42,3975225225","34,3277773256","R$ 31,37 (42,40%)","1,2992208485",5,"38,9258333333","52,6024774775","R$ 38,93 (52,60%)","R$ 38,93 (52,60%)","636,9733969697","636,9733969697","636,9733969697","636,9733969697",,,,,,,,,,,,,,
rm3oIn-RQyyd2CwrWHWUwg,eduardo.caires@hotmail.com,,SANTA FÉ MEDIA,76,1,44,"144,32","33,8664516129","28,656","28,656","37,7052631579","34,3277773256","R$ 28,66 (37,71%)","1,2992208485",5,"43,544","57,2947368421","R$ 43,54 (57,29%)","R$ 43,54 (57,29%)","636,9733969697","636,9733969697","636,9733969697","636,9733969697",,,,,,,,,,,,,,
WQqn5Q.eQEK-xiVyXHoVVg,eduardo.caires@hotmail.com,,SICILIANA MEDIA,73,1,44,"144,32","33,8664516129","27,2915","27,2915","37,3856164384","34,3277773256","R$ 27,29 (37,39%)","1,2992208485",5,"42,0585","57,6143835616","R$ 42,06 (57,61%)","R$ 42,06 (57,61%)","636,9733969697","636,9733969697","636,9733969697","636,9733969697",,,,,,,,,,,,,,
joZ0OoTdQ4C7SnJjTqZz.w,eduardo.caires@hotmail.com,,TOMATE SECO MEDIA,74,1,44,"144,32","33,8664516129","24,3295714286","24,3295714286","32,8777992278","34,3277773256","R$ 24,33 (32,88%)","1,2992208485",5,"45,9704285714","62,1222007722","R$ 45,97 (62,12%)","R$ 45,97 (62,12%)","636,9733969697","636,9733969697","636,9733969697","636,9733969697",,,,,,,,,,,,,,
lvGbMffuSbaEKtJu1XIQjQ,eduardo.caires@hotmail.com,,VEGETAL MEDIA,76,1,44,"144,32","33,8664516129","27,1804117647","27,1804117647","35,7636996904","34,3277773256","R$ 27,18 (35,76%)","1,2992208485",5,"45,0195882353","59,2363003096","R$ 45,02 (59,24%)","R$ 45,02 (59,24%)","636,9733969697","636,9733969697","636,9733969697","636,9733969697",,,,,,,,,,,,,,
VGGPfwNbR7Sc8ep3YKTjzQ,eduardo.caires@hotmail.com,,QUATRO QUEIJOS MEDIA,73,1,44,"144,32","33,8664516129","32,3973333333","32,3973333333","44,3799086758","34,3277773256","R$ 32,40 (44,38%)","1,2992208485",5,"36,9526666667","50,6200913242","R$ 36,95 (50,62%)","R$ 36,95 (50,62%)","636,9733969697","636,9733969697","636,9733969697","636,9733969697",,,,,,,,,,,,,,
FlO8BcRZTW-jFA0lwWkmHA,eduardo.caires@hotmail.com,,STROGONOFF DE FRANGO MEDIA,79,1,44,"144,32","33,8664516129","22,825","22,825","28,8924050633","34,3277773256","R$ 22,83 (28,89%)","1,2992208485",5,"52,225","66,1075949367","R$ 52,23 (66,11%)","R$ 52,23 (66,11%)","636,9733969697","636,9733969697","636,9733969697","636,9733969697",,,,,,,,,,,,,,
DptrfTyISOWxZiJkGZeaKA,eduardo.caires@hotmail.com,,STROGONOFF DE CARNE MEDIA,89,1,44,"144,32","33,8664516129","23,875","23,875","26,8258426966","34,3277773256","R$ 23,88 (26,83%)","1,2992208485",5,"60,675","68,1741573034","R$ 60,68 (68,17%)","R$ 60,68 (68,17%)","636,9733969697","636,9733969697","636,9733969697","636,9733969697",,,,,,,,,,,,,,
07s-ij36TVurLH.jS.IG8g,eduardo.caires@hotmail.com,,PEITO DE PERU MEDIA,76,1,44,"144,32","33,8664516129","28,051","28,051","36,9092105263","34,3277773256","R$ 28,05 (36,91%)","1,2992208485",5,"44,149","58,0907894737","R$ 44,15 (58,09%)","R$ 44,15 (58,09%)","636,9733969697","636,9733969697","636,9733969697","636,9733969697",,,,,,,,,,,,,,
MGjDd1yRQ426IhmIyzTuuA,eduardo.caires@hotmail.com,,PERUANA MEDIA,79,1,44,"144,32","33,8664516129","37,3704117647","37,3704117647","47,3043186895","34,3277773256","R$ 37,37 (47,30%)","1,2992208485",5,"37,6795882353","47,6956813105","R$ 37,68 (47,70%)","R$ 37,68 (47,70%)","636,9733969697","636,9733969697","636,9733969697","636,9733969697",,,,,,,,,,,,,,
kf85ojb4QQilqiVg5LirSA,eduardo.caires@hotmail.com,,AVE CESAR MEDIA,82,1,44,"144,32","33,8664516129","40,7469761905","40,7469761905","49,6914343786","34,3277773256","R$ 40,75 (49,69%)","1,2992208485",5,"37,1530238095","45,3085656214","R$ 37,15 (45,31%)","R$ 37,15 (45,31%)","636,9733969697","636,9733969697","636,9733969697","636,9733969697",,,,,,,,,,,,,,
a-uxMjbizTS6alaFWHf8GEA,eduardo.caires@hotmail.com,,BRUNA MEDIA,72,1,44,"144,32","33,8664516129","24,788","24,788","34,4277777778","34,3277773256","R$ 24,79 (34,43%)","1,2992208485",5,"43,612","60,5722222222","R$ 43,61 (60,57%)","R$ 43,61 (60,57%)","636,9733969697","636,9733969697","636,9733969697","636,9733969697",,,,,,,,,,,,,,
JaNgkFixSSGL5eyR8ll67Q,eduardo.caires@hotmail.com,,CAPERI MEDIA,81,1,44,"144,32","33,8664516129","42,1878571429","42,1878571429","52,0837742504","34,3277773256","R$ 42,19 (52,08%)","1,2992208485",5,"34,7621428571","42,9162257496","R$ 34,76 (42,92%)","R$ 34,76 (42,92%)","636,9733969697","636,9733969697","636,9733969697","636,9733969697",,,,,,,,,,,,,,
wb6QHb9.QOq4i2.tULAvYg,eduardo.caires@hotmail.com,,CARNE SECA MEDIA,81,1,44,"144,32","33,8664516129","32,4785","32,4785","40,0969135802","34,3277773256","R$ 32,48 (40,10%)","1,2992208485",5,"44,4715","54,9030864198","R$ 44,47 (54,90%)","R$ 44,47 (54,90%)","636,9733969697","636,9733969697","636,9733969697","636,9733969697",,,,,,,,,,,,,,
a-nt.lYDZSUWL5bZ4I..jww,eduardo.caires@hotmail.com,,CRIS MEDIA,80,1,44,"144,32","33,8664516129","31,2739","31,2739","39,092375","34,3277773256","R$ 31,27 (39,09%)","1,2992208485",5,"44,7261","55,907625","R$ 44,73 (55,91%)","R$ 44,73 (55,91%)","636,9733969697","636,9733969697","636,9733969697","636,9733969697",,,,,,,,,,,,,,
KsqmKzO8TDiq7BJiax1jdA,eduardo.caires@hotmail.com,,DON PEPPERONI MEDIA,82,1,44,"144,32","33,8664516129","23,9425","23,9425","29,1981707317","34,3277773256","R$ 23,94 (29,20%)","1,2992208485",5,"53,9575","65,8018292683","R$ 53,96 (65,80%)","R$ 53,96 (65,80%)","636,9733969697","636,9733969697","636,9733969697","636,9733969697",,,,,,,,,,,,,,
O5e9bWtTQ-mJNgXPwWzljQ,eduardo.caires@hotmail.com,,DR ICARO MEDIA,76,1,44,"144,32","33,8664516129","32,1335","32,1335","42,2809210526","34,3277773256","R$ 32,13 (42,28%)","1,2992208485",5,"40,0665","52,7190789474","R$ 40,07 (52,72%)","R$ 40,07 (52,72%)","636,9733969697","636,9733969697","636,9733969697","636,9733969697",,,,,,,,,,,,,,
oh8qWkU9R9moH4X4i-w3zA,eduardo.caires@hotmail.com,,COSTELA MEDIA,82,1,44,"144,32","33,8664516129","32,3618333333","32,3618333333","39,4656504065","34,3277773256","R$ 32,36 (39,47%)","1,2992208485",5,"45,5381666667","55,5343495935","R$ 45,54 (55,53%)","R$ 45,54 (55,53%)","636,9733969697","636,9733969697","636,9733969697","636,9733969697",,,,,,,,,,,,,,
eXYffie-TeeyigmfBBxbpw,eduardo.caires@hotmail.com,,HELO MEDIA,76,1,44,"144,32","33,8664516129","32,3443333333","32,3443333333","42,5583333333","34,3277773256","R$ 32,34 (42,56%)","1,2992208485",5,"39,8556666667","52,4416666667","R$ 39,86 (52,44%)","R$ 39,86 (52,44%)","636,9733969697","636,9733969697","636,9733969697","636,9733969697",,,,,,,,,,,,,,
BpCoA.4XSwOJdqO-gykXyg,eduardo.caires@hotmail.com,,IZABEL MEDIA,71,1,44,"144,32","33,8664516129","26,0943333333","26,0943333333","36,7525821596","34,3277773256","R$ 26,09 (36,75%)","1,2992208485",5,"41,3556666667","58,2474178404","R$ 41,36 (58,25%)","R$ 41,36 (58,25%)","636,9733969697","636,9733969697","636,9733969697","636,9733969697",,,,,,,,,,,,,,
TEFS91gfS6CkXTvX7sF0Yw,eduardo.caires@hotmail.com,,LINO MEDIA,74,1,44,"144,32","33,8664516129","29,7968333333","29,7968333333","40,265990991","34,3277773256","R$ 29,80 (40,27%)","1,2992208485",5,"40,5031666667","54,734009009","R$ 40,50 (54,73%)","R$ 40,50 (54,73%)","636,9733969697","636,9733969697","636,9733969697","636,9733969697",,,,,,,,,,,,,,
k80mQ1OCTSGPloGNSDVpkw,eduardo.caires@hotmail.com,,LUIZ MEDIA,82,1,44,"144,32","33,8664516129","33,0867","33,0867","40,3496341463","34,3277773256","R$ 33,09 (40,35%)","1,2992208485",5,"44,8133","54,6503658537","R$ 44,81 (54,65%)","R$ 44,81 (54,65%)","636,9733969697","636,9733969697","636,9733969697","636,9733969697",,,,,,,,,,,,,,
cVwTAsoZSFOaKS4gBnYpZw,eduardo.caires@hotmail.com,,MARGUERITA II MEDIA,76,1,44,"144,32","33,8664516129","34,1795714286","34,1795714286","44,9731203008","34,3277773256","R$ 34,18 (44,97%)","1,2992208485",5,"38,0204285714","50,0268796992","R$ 38,02 (50,03%)","R$ 38,02 (50,03%)","636,9733969697","636,9733969697","636,9733969697","636,9733969697",,,,,,,,,,,,,,
YfWmOijNRSSElk5RTwt2sw,eduardo.caires@hotmail.com,,MEXICANA MEDIA,76,1,44,"144,32","33,8664516129","28,7725","28,7725","37,8585526316","34,3277773256","R$ 28,77 (37,86%)","1,2992208485",5,"43,4275","57,1414473684","R$ 43,43 (57,14%)","R$ 43,43 (57,14%)","636,9733969697","636,9733969697","636,9733969697","636,9733969697",,,,,,,,,,,,,,
QRz36HL7RkOWdhlAhLz2Bw,eduardo.caires@hotmail.com,,MODA DO CHEFE MEDIA,75,1,44,"144,32","33,8664516129","34,461","34,461","45,948","34,3277773256","R$ 34,46 (45,95%)","1,2992208485",5,"36,789","49,052","R$ 36,79 (49,05%)","R$ 36,79 (49,05%)","636,9733969697","636,9733969697","636,9733969697","636,9733969697",,,,,,,,,,,,,,
DoJ.RmCdQnugG7DOqj0RBA,eduardo.caires@hotmail.com,,PIZZA DO CORAÇÃO MEDIA,84,1,44,"144,32","33,8664516129","41,445","41,445","49,3392857143","34,3277773256","R$ 41,45 (49,34%)","1,2992208485",5,"38,355","45,6607142857","R$ 38,35 (45,66%)","R$ 38,35 (45,66%)","636,9733969697","636,9733969697","636,9733969697","636,9733969697",,,,,,,,,,,,,,
Y9rx4X0AQ1Gmo2yWG8fgBA,eduardo.caires@hotmail.com,,ROBERTO MEDIA,81,1,44,"144,32","33,8664516129","32,4863714286","32,4863714286","40,1066313933","34,3277773256","R$ 32,49 (40,11%)","1,2992208485",5,"44,4636285714","54,8933686067","R$ 44,46 (54,89%)","R$ 44,46 (54,89%)","636,9733969697","636,9733969697","636,9733969697","636,9733969697",,,,,,,,,,,,,,
ChNRU7-FR5KnPZEqhJ3vhA,eduardo.caires@hotmail.com,,SÉRGIO MEDIA,79,1,44,"144,32","33,8664516129","45,1582857143","45,1582857143","57,1623869801","34,3277773256","R$ 45,16 (57,16%)","1,2992208485",5,"29,8917142857","37,8376130199","R$ 29,89 (37,84%)","R$ 29,89 (37,84%)","636,9733969697","636,9733969697","636,9733969697","636,9733969697",,,,,,,,,,,,,,
ogKqbTaeRO2qTHA7r2fW4A,eduardo.caires@hotmail.com,,STEPHANIE MEDIA,79,1,44,"144,32","33,8664516129","37,3383333333","37,3383333333","47,2637130802","34,3277773256","R$ 37,34 (47,26%)","1,2992208485",5,"37,7116666667","47,7362869198","R$ 37,71 (47,74%)","R$ 37,71 (47,74%)","636,9733969697","636,9733969697","636,9733969697","636,9733969697",,,,,,,,,,,,,,
N.w5Z6FESpCCoci1MHR8FA,eduardo.caires@hotmail.com,,ZUCHINI MEDIA,72,1,44,"144,32","33,8664516129","24,554","24,554","34,1027777778","34,3277773256","R$ 24,55 (34,10%)","1,2992208485",5,"43,846","60,8972222222","R$ 43,85 (60,90%)","R$ 43,85 (60,90%)","636,9733969697","636,9733969697","636,9733969697","636,9733969697",,,,,,,,,,,,,,
WgtVr3fPSz-7BzyfwSg4Xg,eduardo.caires@hotmail.com,,XV DE PIRACICABA MEDIA,78,1,44,"144,32","33,8664516129",,,,"34,3277773256", (),"1,2992208485",5,"74,1",95,"R$ 74,10 (95,00%)",,"636,9733969697","636,9733969697","636,9733969697","636,9733969697",,,,,,,,,,,,,,
pmEff1LZRJGxqOfFuF1eiw,eduardo.caires@hotmail.com,,LUIS FELIPE MEDIA,76,1,44,"144,32","33,8664516129","37,2123333333","37,2123333333","48,9635964912","34,3277773256","R$ 37,21 (48,96%)","1,2992208485",5,"34,9876666667","46,0364035088","R$ 34,99 (46,04%)","R$ 34,99 (46,04%)","636,9733969697","636,9733969697","636,9733969697","636,9733969697",,,,,,,,,,,,,,
yOPFEvnFQf2uJsXwV-BPeQ,eduardo.caires@hotmail.com,,DON FRANCESCO MÉDIA,79,1,44,"144,32","33,8664516129","42,3424666667","42,3424666667","53,5980590717","34,3277773256","R$ 42,34 (53,60%)","1,2992208485",5,"32,7075333333","41,4019409283","R$ 32,71 (41,40%)","R$ 32,71 (41,40%)","636,9733969697","636,9733969697","636,9733969697","636,9733969697",,,,,,,,,,,,,,
mTBL9RX.QheP0mDOFmVOiQ,eduardo.caires@hotmail.com,,PIMBA MEDIA,69,1,44,"144,32","33,8664516129","29,1804117647","29,1804117647","42,2904518329","34,3277773256","R$ 29,18 (42,29%)","1,2992208485",5,"36,3695882353","52,7095481671","R$ 36,37 (52,71%)","R$ 36,37 (52,71%)","636,9733969697","636,9733969697","636,9733969697","636,9733969697",,,,,,,,,,,,,,
fL.sXNNbSsCriAA18aq0mw,eduardo.caires@hotmail.com,,ZUCHINI ESPECIAL MEDIA,79,1,44,"144,32","33,8664516129","34,5103333333","34,5103333333","43,6839662447","34,3277773256","R$ 34,51 (43,68%)","1,2992208485",5,"40,5396666667","51,3160337553","R$ 40,54 (51,32%)","R$ 40,54 (51,32%)","636,9733969697","636,9733969697","636,9733969697","636,9733969697",,,,,,,,,,,,,,
BsOt1dezSI2Oi44O8Y6WdQ,eduardo.caires@hotmail.com,,ZUCHINI COM BACON MEDIA,85,1,44,"144,32","33,8664516129","34,5613333333","34,5613333333","40,6603921569","34,3277773256","R$ 34,56 (40,66%)","1,2992208485",5,"46,1886666667","54,3396078431","R$ 46,19 (54,34%)","R$ 46,19 (54,34%)","636,9733969697","636,9733969697","636,9733969697","636,9733969697",,,,,,,,,,,,,,
kghNtDn9SYeLf2sstX98Aw,joaopurificacao26@gmail.com,Admin,SUCO DE LARANJA,9,1,44,"144,32","33,8664516129","4,6","4,6","51,1111111111","34,3277773256","R$ 4,60 (51,11%)","1,2992208485",5,"3,95","43,8888888889","R$ 3,95 (43,89%)","R$ 3,95 (43,89%)","636,9733969697","636,9733969697","636,9733969697","636,9733969697",,,,,,,,,,,,,,
SyeTUnfPStWMR8rinp4FAQ,joaopurificacao26@gmail.com,Admin,SUCO DE LARANJA 1L ,17,1,44,"144,32","33,8664516129","8,4","8,4","49,4117647059","34,3277773256","R$ 8,40 (49,41%)","1,2992208485",5,"7,75","45,5882352941","R$ 7,75 (45,59%)","R$ 7,75 (45,59%)","636,9733969697","636,9733969697","636,9733969697","636,9733969697",,,,,,,,,,,,,,
N66Ds4Y2Qq-N55D2w.MOdQ,eduardo.caires@hotmail.com,,ALHO BROTO,57,1,44,"144,32","33,8664516129","16,71","16,71","29,3157894737","34,3277773256","R$ 16,71 (29,32%)","1,2992208485",5,"37,44","65,6842105263","R$ 37,44 (65,68%)","R$ 37,44 (65,68%)","636,9733969697","636,9733969697","636,9733969697","636,9733969697",,,,,,,,,,,,,,
nOhIdf67SLa3aenHmWsbdg,eduardo.caires@hotmail.com,,BACON BROTO,57,1,44,"144,32","33,8664516129","18,037","18,037","31,6438596491","34,3277773256","R$ 18,04 (31,64%)","1,2992208485",5,"36,113","63,3561403509","R$ 36,11 (63,36%)","R$ 36,11 (63,36%)","636,9733969697","636,9733969697","636,9733969697","636,9733969697",,,,,,,,,,,,,,
0.NKA5KdQPShGuExXFGSaQ,eduardo.caires@hotmail.com,,BAIANA BROTO,57,1,44,"144,32","33,8664516129","17,283","17,283","30,3210526316","34,3277773256","R$ 17,28 (30,32%)","1,2992208485",5,"36,867","64,6789473684","R$ 36,87 (64,68%)","R$ 36,87 (64,68%)","636,9733969697","636,9733969697","636,9733969697","636,9733969697",,,,,,,,,,,,,,
imVz85U6T8qxbBvEvu..rg,eduardo.caires@hotmail.com,,CALABRESA I BROTO,57,1,44,"144,32","33,8664516129","16,0895","16,0895","28,2271929825","34,3277773256","R$ 16,09 (28,23%)","1,2992208485",5,"38,0605","66,7728070175","R$ 38,06 (66,77%)","R$ 38,06 (66,77%)","636,9733969697","636,9733969697","636,9733969697","636,9733969697",,,,,,,,,,,,,,
BkM7TfLrTXifwonxUeWpCg,eduardo.caires@hotmail.com,,CALABRESA II BROTO,57,1,44,"144,32","33,8664516129","16,997","16,997","29,8192982456","34,3277773256","R$ 17,00 (29,82%)","1,2992208485",5,"37,153","65,1807017544","R$ 37,15 (65,18%)","R$ 37,15 (65,18%)","636,9733969697","636,9733969697","636,9733969697","636,9733969697",,,,,,,,,,,,,,
W8FyluICSd6ULLJxSSLzZg,eduardo.caires@hotmail.com,,CALABRESA III BROTO,57,1,44,"144,32","33,8664516129","15,984","15,984","28,0421052632","34,3277773256","R$ 15,98 (28,04%)","1,2992208485",5,"38,166","66,9578947368","R$ 38,17 (66,96%)","R$ 38,17 (66,96%)","636,9733969697","636,9733969697","636,9733969697","636,9733969697",,,,,,,,,,,,,,
FU.p5VjIStmtK1.UwQGYaw,eduardo.caires@hotmail.com,,CALABRESA IV BROTO,57,1,44,"144,32","33,8664516129","11,2765","11,2765","19,7833333333","34,3277773256","R$ 11,28 (19,78%)","1,2992208485",5,"42,8735","75,2166666667","R$ 42,87 (75,22%)","R$ 42,87 (75,22%)","636,9733969697","636,9733969697","636,9733969697","636,9733969697",,,,,,,,,,,,,,
HQZ00aVPTrGF9ea-oK-pFg,eduardo.caires@hotmail.com,,MARGUERITA BROTO,57,1,44,"144,32","33,8664516129","16,911","16,911","29,6684210526","34,3277773256","R$ 16,91 (29,67%)","1,2992208485",5,"37,239","65,3315789474","R$ 37,24 (65,33%)","R$ 37,24 (65,33%)","636,9733969697","636,9733969697","636,9733969697","636,9733969697",,,,,,,,,,,,,,
ofKa.tYMQfSV9FOG8QdPmQ,eduardo.caires@hotmail.com,,MILHO BROTO,57,1,44,"144,32","33,8664516129","17,8109215686","17,8109215686","31,2472308222","34,3277773256","R$ 17,81 (31,25%)","1,2992208485",5,"36,3390784314","63,7527691778","R$ 36,34 (63,75%)","R$ 36,34 (63,75%)","636,9733969697","636,9733969697","636,9733969697","636,9733969697",,,,,,,,,,,,,,
2nPjJ3E-RF2UkdGUODZIRQ,eduardo.caires@hotmail.com,,MISTA BROTO,57,1,44,"144,32","33,8664516129","14,937","14,937","26,2052631579","34,3277773256","R$ 14,94 (26,21%)","1,2992208485",5,"39,213","68,7947368421","R$ 39,21 (68,79%)","R$ 39,21 (68,79%)","636,9733969697","636,9733969697","636,9733969697","636,9733969697",,,,,,,,,,,,,,
Ab20g9txTbmtooOgDpqSZQ,eduardo.caires@hotmail.com,,MUSSARELA BROTO,57,1,44,"144,32","33,8664516129","15,507","15,507","27,2052631579","34,3277773256","R$ 15,51 (27,21%)","1,2992208485",5,"38,643","67,7947368421","R$ 38,64 (67,79%)","R$ 38,64 (67,79%)","636,9733969697","636,9733969697","636,9733969697","636,9733969697",,,,,,,,,,,,,,
v9vg7jVoTqae9YA7Qdi4aQ,eduardo.caires@hotmail.com,,NAPOLITANA BROTO,57,1,44,"144,32","33,8664516129","16,661","16,661","29,2298245614","34,3277773256","R$ 16,66 (29,23%)","1,2992208485",5,"37,489","65,7701754386","R$ 37,49 (65,77%)","R$ 37,49 (65,77%)","636,9733969697","636,9733969697","636,9733969697","636,9733969697",,,,,,,,,,,,,,
a.2BP4ZzDSg6bf73fRmWghg,eduardo.caires@hotmail.com,,TOSCANA BROTO,57,1,44,"144,32","33,8664516129","16,447","16,447","28,8543859649","34,3277773256","R$ 16,45 (28,85%)","1,2992208485",5,"37,703","66,1456140351","R$ 37,70 (66,15%)","R$ 37,70 (66,15%)","636,9733969697","636,9733969697","636,9733969697","636,9733969697",,,,,,,,,,,,,,
F2eFyG6bTzmRUTQllB7SWw,eduardo.caires@hotmail.com,,ALICHE BROTO,57,1,44,"144,32","33,8664516129","16,3858888889","16,3858888889","28,7471734893","34,3277773256","R$ 16,39 (28,75%)","1,2992208485",5,"37,7641111111","66,2528265107","R$ 37,76 (66,25%)","R$ 37,76 (66,25%)","636,9733969697","636,9733969697","636,9733969697","636,9733969697",,,,,,,,,,,,,,
0rBIVjOvSRO6k.qqSV7QDQ,eduardo.caires@hotmail.com,,AMERICANA BROTO,70,1,44,"144,32","33,8664516129","29,507","29,507","42,1528571429","34,3277773256","R$ 29,51 (42,15%)","1,2992208485",5,"36,993","52,8471428571","R$ 36,99 (52,85%)","R$ 36,99 (52,85%)","636,9733969697","636,9733969697","636,9733969697","636,9733969697",,,,,,,,,,,,,,
92SBjlRgRFqEu3RDGJFHTQ,eduardo.caires@hotmail.com,,ATUM BROTO,65,1,44,"144,32","33,8664516129","20,672","20,672","31,8030769231","34,3277773256","R$ 20,67 (31,80%)","1,2992208485",5,"41,078","63,1969230769","R$ 41,08 (63,20%)","R$ 41,08 (63,20%)","636,9733969697","636,9733969697","636,9733969697","636,9733969697",,,,,,,,,,,,,,
UWvg-vIrQSSTsEHehMXwYA,eduardo.caires@hotmail.com,,ATUM II BROTO,67,1,44,"144,32","33,8664516129","26,262","26,262","39,1970149254","34,3277773256","R$ 26,26 (39,20%)","1,2992208485",5,"37,388","55,8029850746","R$ 37,39 (55,80%)","R$ 37,39 (55,80%)","636,9733969697","636,9733969697","636,9733969697","636,9733969697",,,,,,,,,,,,,,
XFohUC4GTFqvZLG5E7kF2A,eduardo.caires@hotmail.com,,ATUM III BROTO,70,1,44,"144,32","33,8664516129","29,1153333333","29,1153333333","41,5933333333","34,3277773256","R$ 29,12 (41,59%)","1,2992208485",5,"37,3846666667","53,4066666667","R$ 37,38 (53,41%)","R$ 37,38 (53,41%)","636,9733969697","636,9733969697","636,9733969697","636,9733969697",,,,,,,,,,,,,,
aE4pGySPShu20IVxD6ZLbw,eduardo.caires@hotmail.com,,BELLA FRANGO BROTO,69,1,44,"144,32","33,8664516129","18,72075","18,72075","27,1315217391","34,3277773256","R$ 18,72 (27,13%)","1,2992208485",5,"46,82925","67,8684782609","R$ 46,83 (67,87%)","R$ 46,83 (67,87%)","636,9733969697","636,9733969697","636,9733969697","636,9733969697",,,,,,,,,,,,,,
kcdOGnfhRsGWFy36Tj0hnA,eduardo.caires@hotmail.com,,BROCOLIS BROTO,67,1,44,"144,32","33,8664516129","24,107","24,107","35,9805970149","34,3277773256","R$ 24,11 (35,98%)","1,2992208485",5,"39,543","59,0194029851","R$ 39,54 (59,02%)","R$ 39,54 (59,02%)","636,9733969697","636,9733969697","636,9733969697","636,9733969697",,,,,,,,,,,,,,
d9jZXkNcTZG4rVqpWrsY2w,eduardo.caires@hotmail.com,,CALABRESA V BROTO,62,1,44,"144,32","33,8664516129","21,947","21,947","35,3983870968","34,3277773256","R$ 21,95 (35,40%)","1,2992208485",5,"36,953","59,6016129032","R$ 36,95 (59,60%)","R$ 36,95 (59,60%)","636,9733969697","636,9733969697","636,9733969697","636,9733969697",,,,,,,,,,,,,,
a4vwNpYRQ8e-V47coZOANA,eduardo.caires@hotmail.com,,CALAPIRY BROTO,65,1,44,"144,32","33,8664516129","20,3303333333","20,3303333333","31,2774358974","34,3277773256","R$ 20,33 (31,28%)","1,2992208485",5,"41,4196666667","63,7225641026","R$ 41,42 (63,72%)","R$ 41,42 (63,72%)","636,9733969697","636,9733969697","636,9733969697","636,9733969697",,,,,,,,,,,,,,
XQebxyo-QwmM3N98lDKeMw,eduardo.caires@hotmail.com,,CAMPONESA BROTO,70,1,44,"144,32","33,8664516129","27,0745","27,0745","38,6778571429","34,3277773256","R$ 27,07 (38,68%)","1,2992208485",5,"39,4255","56,3221428571","R$ 39,43 (56,32%)","R$ 39,43 (56,32%)","636,9733969697","636,9733969697","636,9733969697","636,9733969697",,,,,,,,,,,,,,
a2OOoSE3R.mH95w7AH1TYA,eduardo.caires@hotmail.com,,CATUPIRY BROTO,65,1,44,"144,32","33,8664516129","21,1486666667","21,1486666667","32,5364102564","34,3277773256","R$ 21,15 (32,54%)","1,2992208485",5,"40,6013333333","62,4635897436","R$ 40,60 (62,46%)","R$ 40,60 (62,46%)","636,9733969697","636,9733969697","636,9733969697","636,9733969697",,,,,,,,,,,,,,
Fwz3Tvl1Ts66QhsZ7wuYDA,eduardo.caires@hotmail.com,,CINCO QUEIJOS BROTO,69,1,44,"144,32","33,8664516129","31,832","31,832","46,1333333333","34,3277773256","R$ 31,83 (46,13%)","1,2992208485",5,"33,718","48,8666666667","R$ 33,72 (48,87%)","R$ 33,72 (48,87%)","636,9733969697","636,9733969697","636,9733969697","636,9733969697",,,,,,,,,,,,,,
qfFYKvB1Rxyw1rL5PcxaAA,eduardo.caires@hotmail.com,,DA CASA BROTO,70,1,44,"144,32","33,8664516129","29,083","29,083","41,5471428571","34,3277773256","R$ 29,08 (41,55%)","1,2992208485",5,"37,417","53,4528571429","R$ 37,42 (53,45%)","R$ 37,42 (53,45%)","636,9733969697","636,9733969697","636,9733969697","636,9733969697",,,,,,,,,,,,,,
iq0JdJQDQkWyrYS6k5uUeQ,eduardo.caires@hotmail.com,,EXOTIC BROTO,65,1,44,"144,32","33,8664516129","17,289","17,289","26,5984615385","34,3277773256","R$ 17,29 (26,60%)","1,2992208485",5,"44,461","68,4015384615","R$ 44,46 (68,40%)","R$ 44,46 (68,40%)","636,9733969697","636,9733969697","636,9733969697","636,9733969697",,,,,,,,,,,,,,
AmE24.kjRsin2zk5NH6N8g,eduardo.caires@hotmail.com,,CALABRESA ESPECIAL BROTO,75,1,44,"144,32","33,8664516129","24,6975882353","24,6975882353","32,9301176471","34,3277773256","R$ 24,70 (32,93%)","1,2992208485",5,"46,5524117647","62,0698823529","R$ 46,55 (62,07%)","R$ 46,55 (62,07%)","636,9733969697","636,9733969697","636,9733969697","636,9733969697",,,,,,,,,,,,,,
VYfvj5vmTdmJvpMzyLiGlQ,eduardo.caires@hotmail.com,,FRANGO BROTO,63,1,44,"144,32","33,8664516129","19,917","19,917","31,6142857143","34,3277773256","R$ 19,92 (31,61%)","1,2992208485",5,"39,933","63,3857142857","R$ 39,93 (63,39%)","R$ 39,93 (63,39%)","636,9733969697","636,9733969697","636,9733969697","636,9733969697",,,,,,,,,,,,,,
nvmumpPZRouUp6MzLWU.Eg,eduardo.caires@hotmail.com,,FRANGO II BROTO,66,1,44,"144,32","33,8664516129","27,9864117647","27,9864117647","42,4036541889","34,3277773256","R$ 27,99 (42,40%)","1,2992208485",5,"34,7135882353","52,5963458111","R$ 34,71 (52,60%)","R$ 34,71 (52,60%)","636,9733969697","636,9733969697","636,9733969697","636,9733969697",,,,,,,,,,,,,,
8sGW4G20SOGScH3qfzs8Pw,eduardo.caires@hotmail.com,,FRANGO III BROTO,70,1,44,"144,32","33,8664516129","30,9856078431","30,9856078431","44,2651540616","34,3277773256","R$ 30,99 (44,27%)","1,2992208485",5,"35,5143921569","50,7348459384","R$ 35,51 (50,73%)","R$ 35,51 (50,73%)","636,9733969697","636,9733969697","636,9733969697","636,9733969697",,,,,,,,,,,,,,
BS8sN3AJSEGMZQp6ZOelgA,eduardo.caires@hotmail.com,,LOMBINHO BROTO,67,1,44,"144,32","33,8664516129","21,4953333333","21,4953333333","32,0825870647","34,3277773256","R$ 21,50 (32,08%)","1,2992208485",5,"42,1546666667","62,9174129353","R$ 42,15 (62,92%)","R$ 42,15 (62,92%)","636,9733969697","636,9733969697","636,9733969697","636,9733969697",,,,,,,,,,,,,,
HnMGiiOwRxOhSqN5K07aQg,eduardo.caires@hotmail.com,,MADRE BROTO,68,1,44,"144,32","33,8664516129","26,857","26,857","39,4955882353","34,3277773256","R$ 26,86 (39,50%)","1,2992208485",5,"37,743","55,5044117647","R$ 37,74 (55,50%)","R$ 37,74 (55,50%)","636,9733969697","636,9733969697","636,9733969697","636,9733969697",,,,,,,,,,,,,,
DM7bc0Y0TqaLofXEux3SVg,eduardo.caires@hotmail.com,,PALMITO BROTO,70,1,44,"144,32","33,8664516129","25,707","25,707","36,7242857143","34,3277773256","R$ 25,71 (36,72%)","1,2992208485",5,"40,793","58,2757142857","R$ 40,79 (58,28%)","R$ 40,79 (58,28%)","636,9733969697","636,9733969697","636,9733969697","636,9733969697",,,,,,,,,,,,,,
BT7qM5t6QZaD3XviqEi.lQ,eduardo.caires@hotmail.com,,PASQUALINA BROTO,68,1,44,"144,32","33,8664516129","32,921","32,921","48,4132352941","34,3277773256","R$ 32,92 (48,41%)","1,2992208485",5,"31,679","46,5867647059","R$ 31,68 (46,59%)","R$ 31,68 (46,59%)","636,9733969697","636,9733969697","636,9733969697","636,9733969697",,,,,,,,,,,,,,
hnniOBVVQHiUEadAF9AyVQ,eduardo.caires@hotmail.com,,PAULISTA BROTO,70,1,44,"144,32","33,8664516129","21,687","21,687","30,9814285714","34,3277773256","R$ 21,69 (30,98%)","1,2992208485",5,"44,813","64,0185714286","R$ 44,81 (64,02%)","R$ 44,81 (64,02%)","636,9733969697","636,9733969697","636,9733969697","636,9733969697",,,,,,,,,,,,,,
ZB3.m39IQ0-ism4-9K7QJg,eduardo.caires@hotmail.com,,PAULISTA II BROTO,73,1,44,"144,32","33,8664516129","29,008","29,008","39,7369863014","34,3277773256","R$ 29,01 (39,74%)","1,2992208485",5,"40,342","55,2630136986","R$ 40,34 (55,26%)","R$ 40,34 (55,26%)","636,9733969697","636,9733969697","636,9733969697","636,9733969697",,,,,,,,,,,,,,
Pyv3vIWFQPG7Xin1g1E9GQ,eduardo.caires@hotmail.com,,PEPPERONI BROTO,75,1,44,"144,32","33,8664516129","22,6905","22,6905","30,254","34,3277773256","R$ 22,69 (30,25%)","1,2992208485",5,"48,5595","64,746","R$ 48,56 (64,75%)","R$ 48,56 (64,75%)","636,9733969697","636,9733969697","636,9733969697","636,9733969697",,,,,,,,,,,,,,
CJAqQzb5TCG00wkEGOdyRQ,eduardo.caires@hotmail.com,,PIZZAIOLO BROTO,71,1,44,"144,32","33,8664516129","26,5745","26,5745","37,4288732394","34,3277773256","R$ 26,57 (37,43%)","1,2992208485",5,"40,8755","57,5711267606","R$ 40,88 (57,57%)","R$ 40,88 (57,57%)","636,9733969697","636,9733969697","636,9733969697","636,9733969697",,,,,,,,,,,,,,
hpy9TyIDTR6Jw6s8A53ZLw,eduardo.caires@hotmail.com,,PORTUGUESA BROTO,71,1,44,"144,32","33,8664516129","24,912","24,912","35,0873239437","34,3277773256","R$ 24,91 (35,09%)","1,2992208485",5,"42,538","59,9126760563","R$ 42,54 (59,91%)","R$ 42,54 (59,91%)","636,9733969697","636,9733969697","636,9733969697","636,9733969697",,,,,,,,,,,,,,
1W4JAHRuT5ah5I4Z4AeKjQ,eduardo.caires@hotmail.com,,PRESUNO BROTO,62,1,44,"144,32","33,8664516129","16,9245","16,9245","27,2975806452","34,3277773256","R$ 16,92 (27,30%)","1,2992208485",5,"41,9755","67,7024193548","R$ 41,98 (67,70%)","R$ 41,98 (67,70%)","636,9733969697","636,9733969697","636,9733969697","636,9733969697",,,,,,,,,,,,,,
kkH3peTeS9mcLLhRkTeo3g,eduardo.caires@hotmail.com,,ROMANA BROTO,68,1,44,"144,32","33,8664516129","24,5083888889","24,5083888889","36,041748366","34,3277773256","R$ 24,51 (36,04%)","1,2992208485",5,"40,0916111111","58,958251634","R$ 40,09 (58,96%)","R$ 40,09 (58,96%)","636,9733969697","636,9733969697","636,9733969697","636,9733969697",,,,,,,,,,,,,,
bXIr6o2-QJCHmr.NaIeLwA,eduardo.caires@hotmail.com,,SANTA FÉ BROTO,70,1,44,"144,32","33,8664516129","27,617","27,617","39,4528571429","34,3277773256","R$ 27,62 (39,45%)","1,2992208485",5,"38,883","55,5471428571","R$ 38,88 (55,55%)","R$ 38,88 (55,55%)","636,9733969697","636,9733969697","636,9733969697","636,9733969697",,,,,,,,,,,,,,
j56sAU7WR7mzfOV.6Qog3g,eduardo.caires@hotmail.com,,SICILIANA BROTO,67,1,44,"144,32","33,8664516129","24,346","24,346","36,3373134328","34,3277773256","R$ 24,35 (36,34%)","1,2992208485",5,"39,304","58,6626865672","R$ 39,30 (58,66%)","R$ 39,30 (58,66%)","636,9733969697","636,9733969697","636,9733969697","636,9733969697",,,,,,,,,,,,,,
2bMDY.LETnmW8aESdcRKHg,eduardo.caires@hotmail.com,,TOMATE SECO BROTO,68,1,44,"144,32","33,8664516129","22,3212857143","22,3212857143","32,8254201681","34,3277773256","R$ 22,32 (32,83%)","1,2992208485",5,"42,2787142857","62,1745798319","R$ 42,28 (62,17%)","R$ 42,28 (62,17%)","636,9733969697","636,9733969697","636,9733969697","636,9733969697",,,,,,,,,,,,,,
Wd0ATvnXTbak.QyMsZaXKw,eduardo.caires@hotmail.com,,VEGETAL BROTO,70,1,44,"144,32","33,8664516129","24,8775882353","24,8775882353","35,5394117647","34,3277773256","R$ 24,88 (35,54%)","1,2992208485",5,"41,6224117647","59,4605882353","R$ 41,62 (59,46%)","R$ 41,62 (59,46%)","636,9733969697","636,9733969697","636,9733969697","636,9733969697",,,,,,,,,,,,,,
jdkw.5RhTuCLuSOxVGDxuA,eduardo.caires@hotmail.com,,QUATRO QUEIJOS BROTO,67,1,44,"144,32","33,8664516129","31,277","31,277","46,6820895522","34,3277773256","R$ 31,28 (46,68%)","1,2992208485",5,"32,373","48,3179104478","R$ 32,37 (48,32%)","R$ 32,37 (48,32%)","636,9733969697","636,9733969697","636,9733969697","636,9733969697",,,,,,,,,,,,,,
qSD9bfMUSEmwkYybWP6z5g,eduardo.caires@hotmail.com,,STROGONOFF DE FRANGO BROTO,72,1,44,"144,32","33,8664516129","19,887","19,887","27,6208333333","34,3277773256","R$ 19,89 (27,62%)","1,2992208485",5,"48,513","67,3791666667","R$ 48,51 (67,38%)","R$ 48,51 (67,38%)","636,9733969697","636,9733969697","636,9733969697","636,9733969697",,,,,,,,,,,,,,
AXFMT7AdRQ61.2MaUKUSCw,eduardo.caires@hotmail.com,,STROGONOFF DE CARNE BROTO,84,1,44,"144,32","33,8664516129",,,,"34,3277773256", (),"1,2992208485",5,"79,8",95,"R$ 79,80 (95,00%)",,"636,9733969697","636,9733969697","636,9733969697","636,9733969697",,,,,,,,,,,,,,
887ENujfQpipjq3FX15Qvg,eduardo.caires@hotmail.com,,PEITO DE PERU BROTO,70,1,44,"144,32","33,8664516129","27,1903333333","27,1903333333","38,8433333333","34,3277773256","R$ 27,19 (38,84%)","1,2992208485",5,"39,3096666667","56,1566666667","R$ 39,31 (56,16%)","R$ 39,31 (56,16%)","636,9733969697","636,9733969697","636,9733969697","636,9733969697",,,,,,,,,,,,,,
TPmedVvMSAqjK.uGs1fF0Q,eduardo.caires@hotmail.com,,PERUANA BROTO,69,1,44,"144,32","33,8664516129","34,0925882353","34,0925882353","49,4095481671","34,3277773256","R$ 34,09 (49,41%)","1,2992208485",5,"31,4574117647","45,5904518329","R$ 31,46 (45,59%)","R$ 31,46 (45,59%)","636,9733969697","636,9733969697","636,9733969697","636,9733969697",,,,,,,,,,,,,,
a.6MzS8MIRM6AjqacWbHBgw,eduardo.caires@hotmail.com,,AVE CESAR BROTO,76,1,44,"144,32","33,8664516129","45,5343857143","45,5343857143","59,9136654135","34,3277773256","R$ 45,53 (59,91%)","1,2992208485",5,"26,6656142857","35,0863345865","R$ 26,67 (35,09%)","R$ 26,67 (35,09%)","636,9733969697","636,9733969697","636,9733969697","636,9733969697",,,,,,,,,,,,,,
BAEL7YUmRKKlG-hqFVSt3w,eduardo.caires@hotmail.com,,BRUNA BROTO,66,1,44,"144,32","33,8664516129","24,2078333333","24,2078333333","36,6785353535","34,3277773256","R$ 24,21 (36,68%)","1,2992208485",5,"38,4921666667","58,3214646465","R$ 38,49 (58,32%)","R$ 38,49 (58,32%)","636,9733969697","636,9733969697","636,9733969697","636,9733969697",,,,,,,,,,,,,,
qZenhv59Sc6jEARBsiEIYg,eduardo.caires@hotmail.com,,CAPERI BROTO,75,1,44,"144,32","33,8664516129","36,1011428571","36,1011428571","48,1348571429","34,3277773256","R$ 36,10 (48,13%)","1,2992208485",5,"35,1488571429","46,8651428571","R$ 35,15 (46,87%)","R$ 35,15 (46,87%)","636,9733969697","636,9733969697","636,9733969697","636,9733969697",,,,,,,,,,,,,,
ieUtUxTFST-N2CQVFbxVFg,eduardo.caires@hotmail.com,,CARNE SECA BROTO,75,1,44,"144,32","33,8664516129","28,2925","28,2925","37,7233333333","34,3277773256","R$ 28,29 (37,72%)","1,2992208485",5,"42,9575","57,2766666667","R$ 42,96 (57,28%)","R$ 42,96 (57,28%)","636,9733969697","636,9733969697","636,9733969697","636,9733969697",,,,,,,,,,,,,,
d6p6ONdGSgW0.8LUvbr5tw,eduardo.caires@hotmail.com,,CRIS BROTO,74,1,44,"144,32","33,8664516129","29,277","29,277","39,5635135135","34,3277773256","R$ 29,28 (39,56%)","1,2992208485",5,"41,023","55,4364864865","R$ 41,02 (55,44%)","R$ 41,02 (55,44%)","636,9733969697","636,9733969697","636,9733969697","636,9733969697",,,,,,,,,,,,,,
f3XwLXYPQfyxnbIy23OBpw,eduardo.caires@hotmail.com,,DON PEPPERONI BROTO,76,1,44,"144,32","33,8664516129","23,153","23,153","30,4644736842","34,3277773256","R$ 23,15 (30,46%)","1,2992208485",5,"49,047","64,5355263158","R$ 49,05 (64,54%)","R$ 49,05 (64,54%)","636,9733969697","636,9733969697","636,9733969697","636,9733969697",,,,,,,,,,,,,,
PO0afH8MQFKvXimfaZPg.Q,eduardo.caires@hotmail.com,,DR ICARO BROTO,68,1,44,"144,32","33,8664516129","29,6345","29,6345","43,5801470588","34,3277773256","R$ 29,63 (43,58%)","1,2992208485",5,"34,9655","51,4198529412","R$ 34,97 (51,42%)","R$ 34,97 (51,42%)","636,9733969697","636,9733969697","636,9733969697","636,9733969697",,,,,,,,,,,,,,
bQsCMM-KQuOAltmYQSh9fQ,eduardo.caires@hotmail.com,,COSTELA BROTO,74,1,44,"144,32","33,8664516129","28,8778333333","28,8778333333","39,0240990991","34,3277773256","R$ 28,88 (39,02%)","1,2992208485",5,"41,4221666667","55,9759009009","R$ 41,42 (55,98%)","R$ 41,42 (55,98%)","636,9733969697","636,9733969697","636,9733969697","636,9733969697",,,,,,,,,,,,,,
AWccGfNGTa-.P9anxMGPwQ,eduardo.caires@hotmail.com,,HELO BROTO,70,1,44,"144,32","33,8664516129","26,071","26,071","37,2442857143","34,3277773256","R$ 26,07 (37,24%)","1,2992208485",5,"40,429","57,7557142857","R$ 40,43 (57,76%)","R$ 40,43 (57,76%)","636,9733969697","636,9733969697","636,9733969697","636,9733969697",,,,,,,,,,,,,,
kt4qPQ6UTpCGdM4cM8n.DQ,eduardo.caires@hotmail.com,,IZABEL BROTO,65,1,44,"144,32","33,8664516129","23,611","23,611","36,3246153846","34,3277773256","R$ 23,61 (36,32%)","1,2992208485",5,"38,139","58,6753846154","R$ 38,14 (58,68%)","R$ 38,14 (58,68%)","636,9733969697","636,9733969697","636,9733969697","636,9733969697",,,,,,,,,,,,,,
Lw673TuQRgetw7FxOkCxPA,eduardo.caires@hotmail.com,,LINO BROTO,69,1,44,"144,32","33,8664516129","28,0578333333","28,0578333333","40,66352657","34,3277773256","R$ 28,06 (40,66%)","1,2992208485",5,"37,4921666667","54,33647343","R$ 37,49 (54,34%)","R$ 37,49 (54,34%)","636,9733969697","636,9733969697","636,9733969697","636,9733969697",,,,,,,,,,,,,,
xYoReiSXQhiwY6yAwPJMUw,eduardo.caires@hotmail.com,,LUIZ BROTO,76,1,44,"144,32","33,8664516129","28,8409","28,8409","37,9485526316","34,3277773256","R$ 28,84 (37,95%)","1,2992208485",5,"43,3591","57,0514473684","R$ 43,36 (57,05%)","R$ 43,36 (57,05%)","636,9733969697","636,9733969697","636,9733969697","636,9733969697",,,,,,,,,,,,,,
vzM8iJmlQJ-.YO.b1i2D1A,eduardo.caires@hotmail.com,,MARGUERITA II BROTO,70,1,44,"144,32","33,8664516129","29,9141428571","29,9141428571","42,7344897959","34,3277773256","R$ 29,91 (42,73%)","1,2992208485",5,"36,5858571429","52,2655102041","R$ 36,59 (52,27%)","R$ 36,59 (52,27%)","636,9733969697","636,9733969697","636,9733969697","636,9733969697",,,,,,,,,,,,,,
oxUCKfZZQs2KvK26.7XbHw,eduardo.caires@hotmail.com,,MEXICANA BROTO,70,1,44,"144,32","33,8664516129","39,0735","39,0735","55,8192857143","34,3277773256","R$ 39,07 (55,82%)","1,2992208485",5,"27,4265","39,1807142857","R$ 27,43 (39,18%)","R$ 27,43 (39,18%)","636,9733969697","636,9733969697","636,9733969697","636,9733969697",,,,,,,,,,,,,,
5PpSwRwySuqV7au2mi0gUQ,eduardo.caires@hotmail.com,,MODA DO CHEFE BROTO,69,1,44,"144,32","33,8664516129","31,3939411765","31,3939411765","45,4984654731","34,3277773256","R$ 31,39 (45,50%)","1,2992208485",5,"34,1560588235","49,5015345269","R$ 34,16 (49,50%)","R$ 34,16 (49,50%)","636,9733969697","636,9733969697","636,9733969697","636,9733969697",,,,,,,,,,,,,,
7U-shlGeTvKlk5jqHWl-OQ,eduardo.caires@hotmail.com,,PIZZA DO CORAÇÃO BROTO,78,1,44,"144,32","33,8664516129","39,4722857143","39,4722857143","50,6054945055","34,3277773256","R$ 39,47 (50,61%)","1,2992208485",5,"34,6277142857","44,3945054945","R$ 34,63 (44,39%)","R$ 34,63 (44,39%)","636,9733969697","636,9733969697","636,9733969697","636,9733969697",,,,,,,,,,,,,,
KgmsQLAQRViufqFjAps0GA,eduardo.caires@hotmail.com,,ROBERTO BROTO,75,1,44,"144,32","33,8664516129","31,1906761905","31,1906761905","41,587568254","34,3277773256","R$ 31,19 (41,59%)","1,2992208485",5,"40,0593238095","53,412431746","R$ 40,06 (53,41%)","R$ 40,06 (53,41%)","636,9733969697","636,9733969697","636,9733969697","636,9733969697",,,,,,,,,,,,,,
JWRNfX.GRpaDl-nO9NYGXQ,eduardo.caires@hotmail.com,,SERGIO BROTO,73,1,44,"144,32","33,8664516129","42,5681428571","42,5681428571","58,3125244618","34,3277773256","R$ 42,57 (58,31%)","1,2992208485",5,"26,7818571429","36,6874755382","R$ 26,78 (36,69%)","R$ 26,78 (36,69%)","636,9733969697","636,9733969697","636,9733969697","636,9733969697",,,,,,,,,,,,,,
Vuy1-eKoTse8Ha.vQ5ZV4g,eduardo.caires@hotmail.com,,STEPHANIE BROTO,73,1,44,"144,32","33,8664516129","31,5793333333","31,5793333333","43,2593607306","34,3277773256","R$ 31,58 (43,26%)","1,2992208485",5,"37,7706666667","51,7406392694","R$ 37,77 (51,74%)","R$ 37,77 (51,74%)","636,9733969697","636,9733969697","636,9733969697","636,9733969697",,,,,,,,,,,,,,
QGz-eB-sTkGRclVCWte-sA,eduardo.caires@hotmail.com,,ZUCHINI BROTO,66,1,44,"144,32","33,8664516129","18,147","18,147","27,4954545455","34,3277773256","R$ 18,15 (27,50%)","1,2992208485",5,"44,553","67,5045454545","R$ 44,55 (67,50%)","R$ 44,55 (67,50%)","636,9733969697","636,9733969697","636,9733969697","636,9733969697",,,,,,,,,,,,,,
a.PcmQYCAS5GlUulaqhBNOQ,eduardo.caires@hotmail.com,,XV DE PIRACICABA BROTO,73,1,44,"144,32","33,8664516129",,,,"34,3277773256", (),"1,2992208485",5,"69,35",95,"R$ 69,35 (95,00%)",,"636,9733969697","636,9733969697","636,9733969697","636,9733969697",,,,,,,,,,,,,,
xpGi3pLLSRyRfEUpzdmCZA,eduardo.caires@hotmail.com,,LUIS FELIPE BROTO,70,1,44,"144,32","33,8664516129","27,5573333333","27,5573333333","39,3676190476","34,3277773256","R$ 27,56 (39,37%)","1,2992208485",5,"38,9426666667","55,6323809524","R$ 38,94 (55,63%)","R$ 38,94 (55,63%)","636,9733969697","636,9733969697","636,9733969697","636,9733969697",,,,,,,,,,,,,,
BPnSxooUTvO6wN0gdXz3UQ,eduardo.caires@hotmail.com,,DON FRANCESCO BROTO,73,1,44,"144,32","33,8664516129","37,951","37,951","51,9876712329","34,3277773256","R$ 37,95 (51,99%)","1,2992208485",5,"31,399","43,0123287671","R$ 31,40 (43,01%)","R$ 31,40 (43,01%)","636,9733969697","636,9733969697","636,9733969697","636,9733969697",,,,,,,,,,,,,,
yJV7xBc.RDOAhUpNZxZRZw,eduardo.caires@hotmail.com,,PIMBA BROTO,64,1,44,"144,32","33,8664516129","26,694745098","26,694745098","41,7105392157","34,3277773256","R$ 26,69 (41,71%)","1,2992208485",5,"34,105254902","53,2894607843","R$ 34,11 (53,29%)","R$ 34,11 (53,29%)","636,9733969697","636,9733969697","636,9733969697","636,9733969697",,,,,,,,,,,,,,
aEme7OqtTxOtcDCOORQ5DA,eduardo.caires@hotmail.com,,ZUCHINI ESPECIAL BROTO,74,1,44,"144,32","33,8664516129","27,9974","27,9974","37,8343243243","34,3277773256","R$ 28,00 (37,83%)","1,2992208485",5,"42,3026","57,1656756757","R$ 42,30 (57,17%)","R$ 42,30 (57,17%)","636,9733969697","636,9733969697","636,9733969697","636,9733969697",,,,,,,,,,,,,,
urU04DYhTHOS-pyeAtdt7A,eduardo.caires@hotmail.com,,ZUCHINI COM BACON BROTO,75,1,44,"144,32","33,8664516129","27,05325","27,05325","36,071","34,3277773256","R$ 27,05 (36,07%)","1,2992208485",5,"44,19675","58,929","R$ 44,20 (58,93%)","R$ 44,20 (58,93%)","636,9733969697","636,9733969697","636,9733969697","636,9733969697",,,,,,,,,,,,,,
MMvyyFMDRHCUFI6x2reE9Q,herosburgsdelivery@gmail.com,,Batman,"27,9",,44,"144,32","33,8664516129",,,,"34,3277773256", (),"1,2992208485",5,"26,505",95,"R$ 26,51 (95,00%)",,"636,9733969697","636,9733969697","636,9733969697","636,9733969697",,,,,,,,,,,,,,
yjmObbVvQJubAAsluOVxIQ,herosburgsdelivery@gmail.com,,hulk,"29,9",,44,"144,32","33,8664516129",,,,"34,3277773256", (),"1,2992208485",5,"28,405",95,"R$ 28,40 (95,00%)",,"636,9733969697","636,9733969697","636,9733969697","636,9733969697",,,,,,,,,,,,,,
tk5mWBLnSQy5Sx5mkv-aLA,herosburgsdelivery@gmail.com,,thor ,"35,9",,44,"144,32","33,8664516129",,,,"34,3277773256", (),"1,2992208485",5,"34,105",95,"R$ 34,11 (95,00%)",,"636,9733969697","636,9733969697","636,9733969697","636,9733969697",,,,,,,,,,,,,,
UsQ5YMyxQ5-maYHjUNb.dw,herosburgsdelivery@gmail.com,,viuva ,"35,9",,44,"144,32","33,8664516129",,,,"34,3277773256", (),"1,2992208485",5,"34,105",95,"R$ 34,11 (95,00%)",,"636,9733969697","636,9733969697","636,9733969697","636,9733969697",,,,,,,,,,,,,,
hj8ONovgSeammLaZcSpCBQ,herosburgsdelivery@gmail.com,,aquaman,"34,9",,44,"144,32","33,8664516129",,,,"34,3277773256", (),"1,2992208485",5,"33,155",95,"R$ 33,16 (95,00%)",,"636,9733969697","636,9733969697","636,9733969697","636,9733969697",,,,,,,,,,,,,,
ZLoz.WrHSt6feYpTAdSTVg,herosburgsdelivery@gmail.com,,capitao america ,"39,9",,44,"144,32","33,8664516129",,,,"34,3277773256", (),"1,2992208485",5,"37,905",95,"R$ 37,91 (95,00%)",,"636,9733969697","636,9733969697","636,9733969697","636,9733969697",,,,,,,,,,,,,,
pftwOR0HRuOGM94r5r-RMA,herosburgsdelivery@gmail.com,,gaviao,"37,9",,44,"144,32","33,8664516129",,,,"34,3277773256", (),"1,2992208485",5,"36,005",95,"R$ 36,00 (95,00%)",,"636,9733969697","636,9733969697","636,9733969697","636,9733969697",,,,,,,,,,,,,,
ZwmMGXViTZ2bdZrDZIVReA,herosburgsdelivery@gmail.com,,fininho,"25,9",,44,"144,32","33,8664516129",,,,"34,3277773256", (),"1,2992208485",5,"24,605",95,"R$ 24,60 (95,00%)",,"636,9733969697","636,9733969697","636,9733969697","636,9733969697",,,,,,,,,,,,,,
FgneSQyyRHuFsAS-ez34WA,herosburgsdelivery@gmail.com,,duplo smash,"35,9",,44,"144,32","33,8664516129",,,,"34,3277773256", (),"1,2992208485",5,"34,105",95,"R$ 34,11 (95,00%)",,"636,9733969697","636,9733969697","636,9733969697","636,9733969697",,,,,,,,,,,,,,
a-U4ZrDGfSjaKDHotJ8ycPQ,herosburgsdelivery@gmail.com,,triplo smash,"42,9",,44,"144,32","33,8664516129",,,,"34,3277773256", (),"1,2992208485",5,"40,755",95,"R$ 40,75 (95,00%)",,"636,9733969697","636,9733969697","636,9733969697","636,9733969697",,,,,,,,,,,,,,
3J3rk6CxSO-1uXkVZJpUFg,herosburgsdelivery@gmail.com,,kids,"29,9",,44,"144,32","33,8664516129",,,,"34,3277773256", (),"1,2992208485",5,"28,405",95,"R$ 28,40 (95,00%)",,"636,9733969697","636,9733969697","636,9733969697","636,9733969697",,,,,,,,,,,,,,
OQ.VsWJHSqG.Luvu6VVfEQ,herosburgsdelivery@gmail.com,,shazan,"35,9",,44,"144,32","33,8664516129",,,,"34,3277773256", (),"1,2992208485",5,"34,105",95,"R$ 34,11 (95,00%)",,"636,9733969697","636,9733969697","636,9733969697","636,9733969697",,,,,,,,,,,,,,
8xxaPFR-TimsqEhbf7StfQ,herosburgsdelivery@gmail.com,,super man,"34,9",,44,"144,32","33,8664516129",,,,"34,3277773256", (),"1,2992208485",5,"33,155",95,"R$ 33,16 (95,00%)",,"636,9733969697","636,9733969697","636,9733969697","636,9733969697",,,,,,,,,,,,,,
a-vpsr94fRM2IgzTH0zSINA,herosburgsdelivery@gmail.com,,combo casal ,"74,9",,44,"144,32","33,8664516129",,,,"34,3277773256", (),"1,2992208485",5,"71,155",95,"R$ 71,16 (95,00%)",,"636,9733969697","636,9733969697","636,9733969697","636,9733969697",,,,,,,,,,,,,,
AbhfdzXXQOm5u5wFHKJaLQ,herosburgsdelivery@gmail.com,,combo solteiro,"39,9",,44,"144,32","33,8664516129",,,,"34,3277773256", (),"1,2992208485",5,"37,905",95,"R$ 37,91 (95,00%)",,"636,9733969697","636,9733969697","636,9733969697","636,9733969697",,,,,,,,,,,,,,
csxISoNuTQmHjrSokvmgLw,herosburgsdelivery@gmail.com,,homem de ferro ,"26,9",,44,"144,32","33,8664516129",,,,"34,3277773256", (),"1,2992208485",5,"25,555",95,"R$ 25,56 (95,00%)",,"636,9733969697","636,9733969697","636,9733969697","636,9733969697",,,,,,,,,,,,,,
UEUEzcy5RPalBJrU4EG1jQ,herosburgsdelivery@gmail.com,,cyborg,"39,9",,44,"144,32","33,8664516129",,,,"34,3277773256", (),"1,2992208485",5,"37,905",95,"R$ 37,91 (95,00%)",,"636,9733969697","636,9733969697","636,9733969697","636,9733969697",,,,,,,,,,,,,,
fOYYpZZjTZe18Fxyw.DNrw,herosburgsdelivery@gmail.com,,veggie ,"35,9",,44,"144,32","33,8664516129",,,,"34,3277773256", (),"1,2992208485",5,"34,105",95,"R$ 34,11 (95,00%)",,"636,9733969697","636,9733969697","636,9733969697","636,9733969697",,,,,,,,,,,,,,
WfW2gt6-Q0CRokK5qFaBgQ,herosburgsdelivery@gmail.com,,batata simples ,"14,9",,44,"144,32","33,8664516129",,,,"34,3277773256", (),"1,2992208485",5,"14,155",95,"R$ 14,16 (95,00%)",,"636,9733969697","636,9733969697","636,9733969697","636,9733969697",,,,,,,,,,,,,,
mSijSC04T0C.yr2E-bJ5tQ,herosburgsdelivery@gmail.com,,batata cheddar bacon,"25,9",,44,"144,32","33,8664516129",,,,"34,3277773256", (),"1,2992208485",5,"24,605",95,"R$ 24,60 (95,00%)",,"636,9733969697","636,9733969697","636,9733969697","636,9733969697",,,,,,,,,,,,,,
g9Wgd5eTTzS5YQptiGfJWQ,herosburgsdelivery@gmail.com,,batata pulled pork ,"25,9",,44,"144,32","33,8664516129",,,,"34,3277773256", (),"1,2992208485",5,"24,605",95,"R$ 24,60 (95,00%)",,"636,9733969697","636,9733969697","636,9733969697","636,9733969697",,,,,,,,,,,,,,
qOK3WptfR9SQz.JJgAKuXA,muccacookies@gmail.com,,Cookie no Pote - Nutella,"39,9",1,44,"144,32","33,8664516129",,,,"34,3277773256", (),"1,2992208485",5,"37,905",95,"R$ 37,91 (95,00%)",,"636,9733969697","636,9733969697","636,9733969697","636,9733969697",,,,,,,,,,,,,,
sxr-VPghRliepbsrjk1apQ,classicosburguerstm@gmail.com,,Batata pequena com ervas e bacon ,14,1,44,"144,32","33,8664516129","4,5745849802","4,5745849802","32,6756070017","34,3277773256","R$ 4,57 (32,68%)","1,2992208485",5,"8,7254150198","62,3243929983","R$ 8,73 (62,32%)","R$ 8,73 (62,32%)","636,9733969697","636,9733969697","636,9733969697","636,9733969697",,,,,,,,,,,,,,
vrSI5U8VHwC0A9SiG57E,classicosburguerstm@gmail.com,,Batata grande com ervas e bacon ,24,1,44,"144,32","33,8664516129","9,6691699605","9,6691699605","40,2882081686","34,3277773256","R$ 9,67 (40,29%)","1,2992208485",5,"13,1308300395","54,7117918314","R$ 13,13 (54,71%)","R$ 13,13 (54,71%)","636,9733969697","636,9733969697","636,9733969697","636,9733969697",,,,,,,,,,,,,,
2kPNJvFDBPz1yKqx5y4Q,classicosburguerstm@gmail.com,,Batata com ervas e bacon ,4,,44,"144,32","33,8664516129",,,,"34,3277773256", (),"1,2992208485",5,"3,8",95,"R$ 3,80 (95,00%)",,"636,9733969697","636,9733969697","636,9733969697","636,9733969697",,,,,,,,,,,,,,
btUWRT.zRICY0KVTlrvv8A,limaeliseu016@gmail.com,,Marmita de 500ml de Calabresa,20,1,44,"144,32","33,8664516129","6,3013","6,3013","31,5065","34,3277773256","R$ 6,30 (31,51%)","1,2992208485",5,"12,6987","63,4935","R$ 12,70 (63,49%)","R$ 12,70 (63,49%)","636,9733969697","636,9733969697","636,9733969697","636,9733969697",,,,,,,,,,,,,,
YU9VsT8qQjufNmzmHPO.lA,limaeliseu016@gmail.com,,Marmita 500ml File de Frango,20,1,44,"144,32","33,8664516129","5,5672","5,5672","27,836","34,3277773256","R$ 5,57 (27,84%)","1,2992208485",5,"13,4328","67,164","R$ 13,43 (67,16%)","R$ 13,43 (67,16%)","636,9733969697","636,9733969697","636,9733969697","636,9733969697",,,,,,,,,,,,,,
ba.XidbSQRaI6sDGipCf3w,limaeliseu016@gmail.com,,Marmita 500ml Coxa sobre Coxa,"12,99",1,44,"144,32","33,8664516129","4,9213","4,9213","37,8852963818","34,3277773256","R$ 4,92 (37,89%)","1,2992208485",5,"7,4192","57,1147036182","R$ 7,42 (57,11%)","R$ 7,42 (57,11%)","636,9733969697","636,9733969697","636,9733969697","636,9733969697",,,,,,,,,,,,,,
roDvdqA7TYyBhmeslRCPKA,edocessistemahunter@gmail.com,,Geleia de Morango,"33,35",845,44,"144,32","33,8664516129","23,0596","0,0272894675","0,0818274886","34,3277773256","R$ 0,03 (0,08%)","1,2992208485",5,"31,6552105325","94,9181725114","R$ 31,66 (94,92%)","R$ 31,66 (94,92%)","636,9733969697","636,9733969697","636,9733969697","636,9733969697",,,,,,,,,,,,,,
f83ip1QXSB25xtsBkBWA7Q,eduardo.caires@hotmail.com,,Pizza Em Dobro MEDIA MALUCA - Calabresa IV e Mista ,"112,99",1,44,"144,32","33,8664516129","33,99","33,99","30,0823081689","34,3277773256","R$ 33,99 (30,08%)","1,2992208485",5,"73,3505","64,9176918311","R$ 73,35 (64,92%)","R$ 73,35 (64,92%)","636,9733969697","636,9733969697","636,9733969697","636,9733969697",,,,,,,,,,,,,,
q-tGV5jBQdqpMPBDB2jzcw,eduardo.caires@hotmail.com,,Combo Calabresa IV + Guaraná 2L Grátis,"79,99",1,44,"144,32","33,8664516129","22,97","22,97","28,7160895112","34,3277773256","R$ 22,97 (28,72%)","1,2992208485",5,"53,0205","66,2839104888","R$ 53,02 (66,28%)","R$ 53,02 (66,28%)","636,9733969697","636,9733969697","636,9733969697","636,9733969697",,,,,,,,,,,,,,
vTCA3FNPTKm.KHwmQMVuMw,joaogioia41@gmail.com,,fish salada,"24,99",1,44,"144,32","33,8664516129",6,6,"24,0096038415","34,3277773256","R$ 6,00 (24,01%)","1,2992208485",5,"17,7405","70,9903961585","R$ 17,74 (70,99%)","R$ 17,74 (70,99%)","636,9733969697","636,9733969697","636,9733969697","636,9733969697",,true,"17,7405","17,7405","24,99","17,7405","17,7405","17,7405","17,7405","636,9733969697","636,9733969697","70,9903961585","24,0096038415",6
a-XC.Ep2MSfOaEZ0-D678Kw,joaogioia41@gmail.com,,fish ranch,"26,99",1,44,"144,32","33,8664516129","6,72","6,72","24,8981104113","34,3277773256","R$ 6,72 (24,90%)","1,2992208485",5,"18,9205","70,1018895887","R$ 18,92 (70,10%)","R$ 18,92 (70,10%)","636,9733969697","636,9733969697","636,9733969697","636,9733969697",,true,"18,9205","18,9205","26,99","18,9205","18,9205","18,9205","18,9205","636,9733969697","636,9733969697","70,1018895887","24,8981104113","6,72"
esfsvhIyRqSmqHsTWLEFFQ,alex.samira2308@gmail.com,Admin,burguer do mes abril,"42,9",1,44,"144,32","33,8664516129","16,4835","16,4835","38,4230769231","34,3277773256","R$ 16,48 (38,42%)","1,2992208485",5,"24,2715","56,5769230769","R$ 24,27 (56,58%)","R$ 24,27 (56,58%)","636,9733969697","636,9733969697","636,9733969697","636,9733969697",,,,,,,,,,,,,,
3fUVc9-rSEy06m6ElnqgrA,joaopurificacao26@gmail.com,Admin,PICOLE MAGNO CLASSICO,20,1,44,"144,32","33,8664516129","13,9","13,9","69,5","34,3277773256","R$ 13,90 (69,50%)","1,2992208485",5,"5,1","25,5","R$ 5,10 (25,50%)","R$ 5,10 (25,50%)","636,9733969697","636,9733969697","636,9733969697","636,9733969697",,,,,,,,,,,,,,
sQwpsIXeR4Cr6PZHp7efQQ,joaopurificacao26@gmail.com,Admin,PICOLE DIAMANTE NEGRO,20,1,44,"144,32","33,8664516129","14,7","14,7","73,5","34,3277773256","R$ 14,70 (73,50%)","1,2992208485",5,"4,3","21,5","R$ 4,30 (21,50%)","R$ 4,30 (21,50%)","636,9733969697","636,9733969697","636,9733969697","636,9733969697",,,,,,,,,,,,,,
pK12f0weQHKOPt3w4FdJMw,joaopurificacao26@gmail.com,Admin,PICOLÉ BOMBOM,12,1,44,"144,32","33,8664516129","7,75","7,75","64,5833333333","34,3277773256","R$ 7,75 (64,58%)","1,2992208485",5,"3,65","30,4166666667","R$ 3,65 (30,42%)","R$ 3,65 (30,42%)","636,9733969697","636,9733969697","636,9733969697","636,9733969697",,,,,,,,,,,,,,
bCn7oH.ZRfqVbG8f0lEKpw,joaopurificacao26@gmail.com,Admin,PICOLE CARIBÉ,12,1,44,"144,32","33,8664516129","7,1388888889","7,1388888889","59,4907407407","34,3277773256","R$ 7,14 (59,49%)","1,2992208485",5,"4,2611111111","35,5092592593","R$ 4,26 (35,51%)","R$ 4,26 (35,51%)","636,9733969697","636,9733969697","636,9733969697","636,9733969697",,,,,,,,,,,,,,
Wa7Pu-GjS225NTj7-8SW2g,joaopurificacao26@gmail.com,Admin,PICOLÉ COCO,10,1,44,"144,32","33,8664516129","5,8333333333","5,8333333333","58,3333333333","34,3277773256","R$ 5,83 (58,33%)","1,2992208485",5,"3,6666666667","36,6666666667","R$ 3,67 (36,67%)","R$ 3,67 (36,67%)","636,9733969697","636,9733969697","636,9733969697","636,9733969697",,,,,,,,,,,,,,
HhN-UIsGTua6r5nck6m7Og,joaopurificacao26@gmail.com,Admin,PICOLE CHABINHO,10,1,44,"144,32","33,8664516129","6,5833333333","6,5833333333","65,8333333333","34,3277773256","R$ 6,58 (65,83%)","1,2992208485",5,"2,9166666667","29,1666666667","R$ 2,92 (29,17%)","R$ 2,92 (29,17%)","636,9733969697","636,9733969697","636,9733969697","636,9733969697",,,,,,,,,,,,,,
gV48QKaFSZu48b7qvUAeOg,joaopurificacao26@gmail.com,Admin,PICOLÉ FINE,8,1,44,"144,32","33,8664516129","4,5777777778","4,5777777778","57,2222222222","34,3277773256","R$ 4,58 (57,22%)","1,2992208485",5,"3,0222222222","37,7777777778","R$ 3,02 (37,78%)","R$ 3,02 (37,78%)","636,9733969697","636,9733969697","636,9733969697","636,9733969697",,,,,,,,,,,,,,
iGwmt4IQQOW5Z23L2aYZjQ,eduardo.caires@hotmail.com,,BRIGADEIRO,70,1,44,"144,32","33,8664516129","28,6025247525","28,6025247525","40,8607496464","34,3277773256","R$ 28,60 (40,86%)","1,2992208485",5,"37,8974752475","54,1392503536","R$ 37,90 (54,14%)","R$ 37,90 (54,14%)","636,9733969697","636,9733969697","636,9733969697","636,9733969697",,,,,,,,,,,,,,
jTjDU6J2TnmsFzGAHG-uqg,eduardo.caires@hotmail.com,,BANANA,67,1,44,"144,32","33,8664516129","24,009","24,009","35,8343283582","34,3277773256","R$ 24,01 (35,83%)","1,2992208485",5,"39,641","59,1656716418","R$ 39,64 (59,17%)","R$ 39,64 (59,17%)","636,9733969697","636,9733969697","636,9733969697","636,9733969697",,,,,,,,,,,,,,
ZX1g1L-cSUC2tbxgvhvWbw,eduardo.caires@hotmail.com,,MESCLADA,72,1,44,"144,32","33,8664516129","25,495049505","25,495049505","35,4097909791","34,3277773256","R$ 25,50 (35,41%)","1,2992208485",5,"42,904950495","59,5902090209","R$ 42,90 (59,59%)","R$ 42,90 (59,59%)","636,9733969697","636,9733969697","636,9733969697","636,9733969697",,,,,,,,,,,,,,
jS0nDyTLQkStfrZwjnLQUw,eduardo.caires@hotmail.com,,BANANA COM CHOCOLATE,69,1,44,"144,32","33,8664516129","24,5727722772","24,5727722772","35,6127134453","34,3277773256","R$ 24,57 (35,61%)","1,2992208485",5,"40,9772277228","59,3872865547","R$ 40,98 (59,39%)","R$ 40,98 (59,39%)","636,9733969697","636,9733969697","636,9733969697","636,9733969697",,,,,,,,,,,,,,
AaxdMjUvR6i.ZI4zVpXPLA,eduardo.caires@hotmail.com,,BANANA NEVADA,69,1,44,"144,32","33,8664516129","23,397029703","23,397029703","33,9087387","34,3277773256","R$ 23,40 (33,91%)","1,2992208485",5,"42,152970297","61,0912613","R$ 42,15 (61,09%)","R$ 42,15 (61,09%)","636,9733969697","636,9733969697","636,9733969697","636,9733969697",,,,,,,,,,,,,,
1Xogw2NARPa7NwZqJ34DGA,eduardo.caires@hotmail.com,,PRESTIGIO,70,1,44,"144,32","33,8664516129","26,6969207921","26,6969207921","38,1384582744","34,3277773256","R$ 26,70 (38,14%)","1,2992208485",5,"39,8030792079","56,8615417256","R$ 39,80 (56,86%)","R$ 39,80 (56,86%)","636,9733969697","636,9733969697","636,9733969697","636,9733969697",,,,,,,,,,,,,,
4m7f6V4qSKGHkSVc5zk7fg,eduardo.caires@hotmail.com,,CHOCOLATE NEVADO,72,1,44,"144,32","33,8664516129","26,3949463696","26,3949463696","36,6596477356","34,3277773256","R$ 26,39 (36,66%)","1,2992208485",5,"42,0050536304","58,3403522644","R$ 42,01 (58,34%)","R$ 42,01 (58,34%)","636,9733969697","636,9733969697","636,9733969697","636,9733969697",,,,,,,,,,,,,,
sRsGRr8vQ0OkJBcXqxZPzw,eduardo.caires@hotmail.com,,CONFETE,72,1,44,"144,32","33,8664516129","26,0277722772","26,0277722772","36,1496837184","34,3277773256","R$ 26,03 (36,15%)","1,2992208485",5,"42,3722277228","58,8503162816","R$ 42,37 (58,85%)","R$ 42,37 (58,85%)","636,9733969697","636,9733969697","636,9733969697","636,9733969697",,,,,,,,,,,,,,
aUugIw6uRQGD9e5L7Gh3.Q,eduardo.caires@hotmail.com,,ROMEU E JULIETA,69,1,44,"144,32","33,8664516129","18,609","18,609","26,9695652174","34,3277773256","R$ 18,61 (26,97%)","1,2992208485",5,"46,941","68,0304347826","R$ 46,94 (68,03%)","R$ 46,94 (68,03%)","636,9733969697","636,9733969697","636,9733969697","636,9733969697",,,,,,,,,,,,,,
4b3XKHjaTnaAKbq8rpK3Uw,yasmim.dcm@gmail.com,,Cookie de Chocolate Branco,"7,5",15,44,"144,32","33,8664516129","19,9372926829","1,3291528455","17,7220379404","34,3277773256","R$ 1,33 (17,72%)","1,2992208485",5,"5,7958471545","77,2779620596","R$ 5,80 (77,28%)","R$ 5,80 (77,28%)","636,9733969697","636,9733969697","636,9733969697","636,9733969697",,,,,,,,,,,,,,
DlnYWmmUTzqfrFLbHRjxyA,yasmim.dcm@gmail.com,,Cookie Triplo Chocolate,"7,5",15,44,"144,32","33,8664516129","19,9372926829","1,3291528455","17,7220379404","34,3277773256","R$ 1,33 (17,72%)","1,2992208485",5,"5,7958471545","77,2779620596","R$ 5,80 (77,28%)","R$ 5,80 (77,28%)","636,9733969697","636,9733969697","636,9733969697","636,9733969697",,,,,,,,,,,,,,
K4bXslp0Q0KUZzVnsBKdvw,yasmim.dcm@gmail.com,,Cookie de Nutella,"7,5",15,44,"144,32","33,8664516129","24,1566923077","1,6104461538","21,4726153846","34,3277773256","R$ 1,61 (21,47%)","1,2992208485",5,"5,5145538462","73,5273846154","R$ 5,51 (73,53%)","R$ 5,51 (73,53%)","636,9733969697","636,9733969697","636,9733969697","636,9733969697",,,,,,,,,,,,,,
yuOtWK7GRb-j1-SfHYnfhw,joaogioia41@gmail.com,,Promoção Terça Frangolino,40,1,44,"144,32","33,8664516129","16,34","16,34","40,85","34,3277773256","R$ 16,34 (40,85%)","1,2992208485",5,"21,66","54,15","R$ 21,66 (54,15%)","R$ 21,66 (54,15%)","636,9733969697","636,9733969697","636,9733969697","636,9733969697",,true,"21,66","21,66",40,"21,66","21,66","21,66","21,66","636,9733969697","636,9733969697","54,15","40,85","16,34"
A7YCGBEeS0anMj2.st8PPQ,joaogioia41@gmail.com,,Promoção Terça Fish Salada ,40,1,44,"144,32","33,8664516129",12,12,30,"34,3277773256","R$ 12,00 (30,00%)","1,2992208485",5,26,65,"R$ 26,00 (65,00%)","R$ 26,00 (65,00%)","636,9733969697","636,9733969697","636,9733969697","636,9733969697",,true,26,26,40,26,26,26,26,"636,9733969697","636,9733969697",65,30,12
yn5s5yWMTo2ikwvsdmtBmg,edocessistemahunter@gmail.com,,Sobremesa - Ouro Branco,"85,9",1,44,"144,32","33,8664516129","30,5831709366","30,5831709366","35,6032257702","34,3277773256","R$ 30,58 (35,60%)","1,2992208485",5,"51,0218290634","59,3967742298","R$ 51,02 (59,40%)","R$ 51,02 (59,40%)","636,9733969697","636,9733969697","636,9733969697","636,9733969697",,,,,,,,,,,,,,
yfd2OPV0R2WORuphQtpdYw,edocessistemahunter@gmail.com,,Sobremesa - Chocolatuda,"85,9",1,44,"144,32","33,8664516129","28,2819085268","28,2819085268","32,924224129","34,3277773256","R$ 28,28 (32,92%)","1,2992208485",5,"53,3230914732","62,075775871","R$ 53,32 (62,08%)","R$ 53,32 (62,08%)","636,9733969697","636,9733969697","636,9733969697","636,9733969697",,,,,,,,,,,,,,
hsUw3fQ5SXWuLAku0w6X-w,joaopurificacao26@gmail.com,Admin,TRIPLO SMASH (IFOOD),"59,99",1,44,"144,32","33,8664516129","24,1362209104","24,1362209104","40,2337404741","34,3277773256","R$ 24,14 (40,23%)","1,2992208485",5,"32,8542790896","54,7662595259","R$ 32,85 (54,77%)","R$ 32,85 (54,77%)","636,9733969697","636,9733969697","636,9733969697","636,9733969697",,,,,,,,,,,,,,
ySgsRmaTTpG6jxKmkpL4zw,eduardo.caires@hotmail.com,,SEGUNDA MALUCA CALABRESA 1 GRANDE,"69,99",1,44,"144,32","33,8664516129","18,69","18,69","26,7038148307","34,3277773256","R$ 18,69 (26,70%)","1,2992208485",5,"47,8005","68,2961851693","R$ 47,80 (68,30%)","R$ 47,80 (68,30%)","636,9733969697","636,9733969697","636,9733969697","636,9733969697",,,,,,,,,,,,,,
7tnjbNE9QwC-3s4nsCKHpw,eduardo.caires@hotmail.com,,TERÇA MALUCA CALABRESA 4 GRANDE,"69,99",1,44,"144,32","33,8664516129","17,4","17,4","24,8606943849","34,3277773256","R$ 17,40 (24,86%)","1,2992208485",5,"49,0905","70,1393056151","R$ 49,09 (70,14%)","R$ 49,09 (70,14%)","636,9733969697","636,9733969697","636,9733969697","636,9733969697",,,,,,,,,,,,,,
3gCqDloCSIWmuvToK4AbWg,eduardo.caires@hotmail.com,,QUARTA MALUCA MISTA GRANDE,"69,99",1,44,"144,32","33,8664516129","20,39","20,39","29,1327332476","34,3277773256","R$ 20,39 (29,13%)","1,2992208485",5,"46,1005","65,8672667524","R$ 46,10 (65,87%)","R$ 46,10 (65,87%)","636,9733969697","636,9733969697","636,9733969697","636,9733969697",,,,,,,,,,,,,,
dGFPJH4lScqABncd-RxAqw,alex.samira2308@gmail.com,Admin,burguer mes de maio ,"42,9",1,44,"144,32","33,8664516129","14,481","14,481","33,7552447552","34,3277773256","R$ 14,48 (33,76%)","1,2992208485",5,"26,274","61,2447552448","R$ 26,27 (61,24%)","R$ 26,27 (61,24%)","636,9733969697","636,9733969697","636,9733969697","636,9733969697",,,,,,,,,,,,,,
eCtZ.qhEQtq.O2rrxGDJpA,eduardo.caires@hotmail.com,,Quinta Maluca Frango Grande,"79,99",1,44,"144,32","33,8664516129","26,14","26,14","32,6790848856","34,3277773256","R$ 26,14 (32,68%)","1,2992208485",5,"49,8505","62,3209151144","R$ 49,85 (62,32%)","R$ 49,85 (62,32%)","636,9733969697","636,9733969697","636,9733969697","636,9733969697",,,,,,,,,,,,,,
RnEnk27pSL-QQPSn.atFnQ,joaopurificacao26@gmail.com,Admin,POLPA DE UMBU 100G,9,1,44,"144,32","33,8664516129","3,45","3,45","38,3333333333","34,3277773256","R$ 3,45 (38,33%)","1,2992208485",5,"5,1","56,6666666667","R$ 5,10 (56,67%)","R$ 5,10 (56,67%)","636,9733969697","636,9733969697","636,9733969697","636,9733969697",,,,,,,,,,,,,,
z433IgbcRRe.PN1xiYMLPQ,joaopurificacao26@gmail.com,Admin,POLPA MORANGO 100G,9,1,44,"144,32","33,8664516129","2,95","2,95","32,7777777778","34,3277773256","R$ 2,95 (32,78%)","1,2992208485",5,"5,6","62,2222222222","R$ 5,60 (62,22%)","R$ 5,60 (62,22%)","636,9733969697","636,9733969697","636,9733969697","636,9733969697",,,,,,,,,,,,,,
qDQaBqTDQeq5M8pnpArANg,joaopurificacao26@gmail.com,Admin,POLPA MANGABA 100G,9,1,44,"144,32","33,8664516129","1,95","1,95","21,6666666667","34,3277773256","R$ 1,95 (21,67%)","1,2992208485",5,"6,6","73,3333333333","R$ 6,60 (73,33%)","R$ 6,60 (73,33%)","636,9733969697","636,9733969697","636,9733969697","636,9733969697",,,,,,,,,,,,,,
SHSBzD7USoW80oajUHLLUg,joaopurificacao26@gmail.com,Admin,POLPA GRAVIOLA 100G,9,1,44,"144,32","33,8664516129","1,95","1,95","21,6666666667","34,3277773256","R$ 1,95 (21,67%)","1,2992208485",5,"6,6","73,3333333333","R$ 6,60 (73,33%)","R$ 6,60 (73,33%)","636,9733969697","636,9733969697","636,9733969697","636,9733969697",,,,,,,,,,,,,,
sBs1UeKaTre3-OVrdYfrjw,joaopurificacao26@gmail.com,Admin,POLPA MARACUJA,9,1,44,"144,32","33,8664516129","2,35","2,35","26,1111111111","34,3277773256","R$ 2,35 (26,11%)","1,2992208485",5,"6,2","68,8888888889","R$ 6,20 (68,89%)","R$ 6,20 (68,89%)","636,9733969697","636,9733969697","636,9733969697","636,9733969697",,,,,,,,,,,,,,
JqJjBbXoQ1yZOwcReDK0Ag,joaopurificacao26@gmail.com,Admin,COMBO FAMILIA,100,1,44,"144,32","33,8664516129","62,9726284875","62,9726284875","62,9726284875","34,3277773256","R$ 62,97 (62,97%)","1,2992208485",5,"32,0273715125","32,0273715125","R$ 32,03 (32,03%)","R$ 32,03 (32,03%)","636,9733969697","636,9733969697","636,9733969697","636,9733969697",,,,,,,,,,,,,,
nSV79mJXQPuqIpdVKtiq.Q,joaopurificacao26@gmail.com,Admin,COMBO INDIVIDUAL,"22,9",1,44,"144,32","33,8664516129","11,9781571219","11,9781571219","52,3063629776","34,3277773256","R$ 11,98 (52,31%)","1,2992208485",5,"9,7768428781","42,6936370224","R$ 9,78 (42,69%)","R$ 9,78 (42,69%)","636,9733969697","636,9733969697","636,9733969697","636,9733969697",,,,,,,,,,,,,,
a.-YCdPVgS-mf2pYbTjR2CA,classicosburguerstm@gmail.com,,Burguer novo ,28,1,44,"144,32","33,8664516129","6,8678884464","6,8678884464","24,5281730227","34,3277773256","R$ 6,87 (24,53%)","1,2992208485",5,"19,7321115536","70,4718269773","R$ 19,73 (70,47%)","R$ 19,73 (70,47%)","636,9733969697","636,9733969697","636,9733969697","636,9733969697",,,,,,,,,,,,,,
LRp8R5HCt4aWqcnJ3kWW,classicosburguerstm@gmail.com,,opala,18,1,44,"144,32","33,8664516129","6,7430217391","6,7430217391","37,4612318841","34,3277773256","R$ 6,74 (37,46%)","1,2992208485",5,"10,3569782609","57,5387681159","R$ 10,36 (57,54%)","R$ 10,36 (57,54%)","636,9733969697","636,9733969697","636,9733969697","636,9733969697",,,,,,,,,,,,,,
tsKAzT9nqTt5qoN4Ne3a,classicosburguerstm@gmail.com,,fiat 147 classiquinho,18,1,44,"144,32","33,8664516129","5,6607509881","5,6607509881","31,4486166008","34,3277773256","R$ 5,66 (31,45%)","1,2992208485",5,"11,4392490119","63,5513833992","R$ 11,44 (63,55%)","R$ 11,44 (63,55%)","636,9733969697","636,9733969697","636,9733969697","636,9733969697",,,,,,,,,,,,,,
WmmaMD.uRlSQX1L-eh3I7A,fabriciogguedes@hotmail.com,,Promoção Pizza Strogonoff de Frango,"64,99",1,44,"144,32","33,8664516129","17,58","17,58","27,0503154331","34,3277773256","R$ 17,58 (27,05%)","1,2992208485",5,"44,1605","67,9496845669","R$ 44,16 (67,95%)","R$ 44,16 (67,95%)","636,9733969697","636,9733969697","636,9733969697","636,9733969697",,,,,,,,,,,,,,
BpFbzt0tSI6qbdRlVRr8nQ,nilvanelopes@hotmail.com,Admin,mundial,"74,9",2,44,"144,32","33,8664516129","36,0639628483","18,0319814241","24,0747415543","34,3277773256","R$ 18,03 (24,07%)","1,2992208485",5,"53,1230185759","70,9252584457","R$ 53,12 (70,93%)","R$ 53,12 (70,93%)","636,9733969697","636,9733969697","636,9733969697","636,9733969697",,,,,,,,,,,,,,
k8IBazJHTtuYkGghkduv2g,classicosburguerstm@gmail.com,,Puma classiquinho,18,1,44,"144,32","33,8664516129","4,8357924901","4,8357924901","26,865513834","34,3277773256","R$ 4,84 (26,87%)","1,2992208485",5,"12,2642075099","68,134486166","R$ 12,26 (68,13%)","R$ 12,26 (68,13%)","636,9733969697","636,9733969697","636,9733969697","636,9733969697",,,,,,,,,,,,,,
vpTKqCUkSJKLQvWtAzqRKQ,classicosburguerstm@gmail.com,,Maverick classiquinho,18,1,44,"144,32","33,8664516129","7,1716393939","7,1716393939","39,8424410774","34,3277773256","R$ 7,17 (39,84%)","1,2992208485",5,"9,9283606061","55,1575589226","R$ 9,93 (55,16%)","R$ 9,93 (55,16%)","636,9733969697","636,9733969697","636,9733969697","636,9733969697",,,,,,,,,,,,,,
qSTvWFuHRJCnJLVbY28NEg,classicosburguerstm@gmail.com,,Chevette classiquinhos,18,1,44,"144,32","33,8664516129","6,0175992141","6,0175992141","33,4311067453","34,3277773256","R$ 6,02 (33,43%)","1,2992208485",5,"11,0824007859","61,5688932547","R$ 11,08 (61,57%)","R$ 11,08 (61,57%)","636,9733969697","636,9733969697","636,9733969697","636,9733969697",,,,,,,,,,,,,,
Cv2V62e.S.OUYhk4e4r5xQ,classicosburguerstm@gmail.com,,Brasilia classiquinhis,"16,99",1,44,"144,32","33,8664516129","6,3716316705","6,3716316705","37,5022464422","34,3277773256","R$ 6,37 (37,50%)","1,2992208485",5,"9,7688683295","57,4977535578","R$ 9,77 (57,50%)","R$ 9,77 (57,50%)","636,9733969697","636,9733969697","636,9733969697","636,9733969697",,,,,,,,,,,,,,
cE3SgCxJRL6ot2O0GjCRSw,classicosburguerstm@gmail.com,,Promo sextou ,,1,44,"144,32","33,8664516129","7,5244299483","7,5244299483",,"34,3277773256","R$ 7,52 ()","1,2992208485",5,,, (), (),"636,9733969697","636,9733969697","636,9733969697","636,9733969697",,,,,,,,,,,,,,